time,body_index,body_name,pos_x,pos_y,pos_z,vel_x,vel_y,vel_z
0.00000000,0,body1,0.00000000,0.00000000,0.00000000,0.00000000,0.00000000,0.00000000
0.00000000,1,body2,2.50000000,0.00000000,0.00000000,0.00000000,0.00000000,-0.50000000
0.00000000,2,body3,-1.25000000,2.16506351,0.00000000,0.00000000,0.00000000,-0.10000000
0.00000000,3,body4,-1.25000000,-2.16506351,0.00000000,0.00000000,0.00000000,-0.50000000
0.05000000,0,body1,0.00004286,-0.00007423,-0.00000383,0.00171428,-0.00296921,-0.00022991
0.05000000,1,body2,2.49973049,-0.00007415,-0.02499932,-0.01077507,-0.00296283,-0.49995910
0.05000000,2,body3,-1.24995089,2.16497845,-0.00499945,0.00196451,-0.00340263,-0.09996684
0.05000000,3,body4,-1.24980103,-2.16486718,-0.02499932,0.00795342,0.00785007,-0.49995910
0.10000000,0,body1,0.00017143,-0.00029692,-0.00003060,0.00342848,-0.00593830,-0.00091588
0.10000000,1,body2,2.49892355,-0.00029565,-0.04999455,-0.02148678,-0.00588761,-0.49983671
0.10000000,2,body3,-1.24980353,2.16472321,-0.00999560,0.00393033,-0.00680753,-0.09986865
0.10000000,3,body4,-1.24920574,-2.16427910,-0.04999455,0.01584221,0.01566429,-0.49983671
0.15000000,0,body1,0.00038570,-0.00066805,-0.00010284,0.00514242,-0.00890693,-0.00204683
0.15000000,1,body2,2.49758389,-0.00066167,-0.07498164,-0.03207422,-0.00873794,-0.49963370
0.15000000,2,body3,-1.24955782,2.16429762,-0.01498529,0.00589862,-0.01021671,-0.09970918
0.15000000,3,body4,-1.24821892,-2.16330193,-0.07498164,0.02360439,0.02340812,-0.49963370
0.20000000,0,body1,0.00068566,-0.00118759,-0.00024240,0.00685572,-0.01187445,-0.00360507
0.20000000,1,body2,2.49571914,-0.00116764,-0.09995660,-0.04248117,-0.01148056,-0.49935153
0.20000000,2,body3,-1.24921361,2.16370144,-0.01996559,0.00787027,-0.01363170,-0.09949440
0.20000000,3,body4,-1.24684836,-2.16194000,-0.09995660,0.03118304,0.03104949,-0.49935153
0.25000000,0,body1,0.00107125,-0.00185546,-0.00047009,0.00856772,-0.01483973,-0.00556743
0.25000000,1,body2,2.49333961,-0.00180745,-0.12491551,-0.05265785,-0.01408655,-0.49899212
0.25000000,2,body3,-1.24877072,2.16293434,-0.02493394,0.00984575,-0.01705335,-0.09923204
0.25000000,3,body4,-1.24510451,-2.16019917,-0.12491551,0.03852824,0.03855976,-0.49899212
0.30000000,0,body1,0.00154239,-0.00267150,-0.00080543,0.01027749,-0.01780113,-0.00790650
0.30000000,1,body2,2.49045790,-0.00257362,-0.14985457,-0.06256221,-0.01653215,-0.49855782
0.30000000,2,body3,-1.24822897,2.16199599,-0.02988815,0.01182510,-0.02048167,-0.09893111
0.30000000,3,body4,-1.24300013,-2.15808662,-0.14985457,0.04559837,0.04591439,-0.49855782
0.35000000,0,body1,0.00209894,-0.00363547,-0.00126651,0.01198375,-0.02075646,-0.01059207
0.35000000,1,body2,2.48708850,-0.00345768,-0.17477009,-0.07216051,-0.01879919,-0.49805130
0.35000000,2,body3,-1.24758816,2.16088608,-0.03482657,0.01380781,-0.02391583,-0.09860137
0.35000000,3,body4,-1.24054981,-2.15561066,-0.17477009,0.05236083,0.05309324,-0.49805130
0.40000000,0,body1,0.00274068,-0.00474700,-0.00186988,0.01368496,-0.02370304,-0.01359249
0.40000000,1,body2,2.48324737,-0.00445035,-0.19965854,-0.08142744,-0.02087509,-0.49747549
0.40000000,2,body3,-1.24684815,2.15960434,-0.03974798,0.01579288,-0.02735407,-0.09825277
0.40000000,3,body4,-1.23776957,-2.15278049,-0.19965854,0.05879208,0.06008068,-0.49747549
0.45000000,0,body1,0.00346732,-0.00600558,-0.00263048,0.01537933,-0.02663778,-0.01687582
0.45000000,1,body2,2.47895157,-0.00554188,-0.22451654,-0.09034570,-0.02275264,-0.49683352
0.45000000,2,body3,-1.24600886,2.15815064,-0.04465169,0.01777882,-0.03079382,-0.09789505
0.45000000,3,body4,-1.23467637,-2.14960597,-0.22451654,0.06487721,0.06686535,-0.49683352
0.50000000,0,body1,0.00427847,-0.00741053,-0.00356166,0.01706491,-0.02955730,-0.02041090
0.50000000,1,body2,2.47421879,-0.00672227,-0.24934084,-0.09890525,-0.02442939,-0.49612860
0.50000000,2,body3,-1.24507028,2.15652499,-0.04953748,0.01976370,-0.03423173,-0.09753735
0.50000000,3,body4,-1.23128774,-2.14609746,-0.24934084,0.07060910,0.07343977,-0.49612860
0.55000000,0,body1,0.00517363,-0.00896100,-0.00467527,0.01873965,-0.03245802,-0.02416803
0.55000000,1,body2,2.46906708,-0.00798150,-0.27412840,-0.10710241,-0.02590704,-0.49536401
0.55000000,2,body3,-1.24403254,2.15472757,-0.05440557,0.02174522,-0.03766383,-0.09718797
0.55000000,3,body4,-1.22762136,-2.14226557,-0.27412840,0.07598736,0.07979988,-0.49536401
0.60000000,0,body1,0.00615222,-0.01065596,-0.00598170,0.02040144,-0.03533633,-0.02811947
0.60000000,1,body2,2.46351456,-0.00930974,-0.29887630,-0.11493871,-0.02719066,-0.49454304
0.60000000,2,body3,-1.24289586,2.15275878,-0.05925654,0.02372083,-0.04108568,-0.09685418
0.60000000,3,body4,-1.22369481,-2.13812106,-0.29887630,0.08101716,0.08594451,-0.49454304
0.65000000,0,body1,0.00721353,-0.01249420,-0.00749003,0.02204822,-0.03818863,-0.03223981
0.65000000,1,body2,2.45757913,-0.01069746,-0.32358182,-0.12241991,-0.02828798,-0.49366897
0.65000000,2,body3,-1.24166060,2.15061925,-0.06409135,0.02568774,-0.04449247,-0.09654215
0.65000000,3,body4,-1.21952529,-2.13367469,-0.32358182,0.08570807,0.09187477,-0.49366897
0.70000000,0,body1,0.00835676,-0.01447433,-0.00920811,0.02367799,-0.04101149,-0.03650602
0.70000000,1,body2,2.45127834,-0.01213559,-0.34824237,-0.12955501,-0.02920866,-0.49274501
0.70000000,2,body3,-1.24032728,2.14830987,-0.06891120,0.02764307,-0.04787920,-0.09625696
0.70000000,3,body4,-1.21512944,-2.12893711,-0.34824237,0.09007295,0.09759360,-0.49274501
0.75000000,0,body1,0.00958101,-0.01659480,-0.01114271,0.02528890,-0.04380165,-0.04089748
0.75000000,1,body2,2.44462921,-0.01361557,-0.37285554,-0.13635531,-0.02996367,-0.49177432
0.75000000,2,body3,-1.23889654,2.14583175,-0.07371756,0.02958390,-0.05124083,-0.09600262
0.75000000,3,body4,-1.21052318,-2.12391878,-0.37285554,0.09412696,0.10310533,-0.49177432
0.80000000,0,body1,0.01088530,-0.01885390,-0.01329964,0.02687921,-0.04655616,-0.04539586
0.80000000,1,body2,2.43764818,-0.01512939,-0.39741907,-0.14283371,-0.03056480,-0.49075995
0.80000000,2,body3,-1.23736918,2.14318628,-0.07851203,0.03150736,-0.05457235,-0.09578217
0.80000000,3,body4,-1.20572165,-2.11862994,-0.39741907,0.09788675,0.10841523,-0.49075995
0.85000000,0,body1,0.01226856,-0.02124978,-0.01568381,0.02844740,-0.04927234,-0.04998499
0.85000000,1,body2,2.43035098,-0.01666968,-0.42193086,-0.14900410,-0.03102416,-0.48970488
0.85000000,2,body3,-1.23574614,2.14037510,-0.08329638,0.03341064,-0.05786893,-0.09559775
0.85000000,3,body4,-1.20073912,-2.11308053,-0.42193086,0.10136976,0.11352926,-0.48970488
0.90000000,0,body1,0.01372965,-0.02378045,-0.01829941,0.02999209,-0.05194783,-0.05465063
0.90000000,1,body2,2.42275266,-0.01822965,-0.44638893,-0.15488081,-0.03135387,-0.48861196
0.90000000,2,body3,-1.23402849,2.13740005,-0.08807243,0.03529111,-0.06112600,-0.09545076
0.90000000,3,body4,-1.19558899,-2.10728017,-0.44638893,0.10459366,0.11845378,-0.48861196
0.95000000,0,body1,0.01526736,-0.02644385,-0.02114994,0.03151212,-0.05458060,-0.05938030
0.95000000,1,body2,2.41486755,-0.01980311,-0.47079147,-0.16047831,-0.03156582,-0.48748396
0.95000000,2,body3,-1.23221745,2.13426323,-0.09284209,0.03714629,-0.06433927,-0.09534192
0.95000000,3,body4,-1.19028378,-2.10123820,-0.47079147,0.10757596,0.12319539,-0.48748396
1.00000000,0,body1,0.01688044,-0.02923777,-0.02423833,0.03300650,-0.05716894,-0.06416308
1.00000000,1,body2,2.40670924,-0.02138446,-0.49513679,-0.16581088,-0.03167141,-0.48632352
1.00000000,2,body3,-1.23031432,2.13096692,-0.09760726,0.03897394,-0.06750485,-0.09527143
1.00000000,3,body4,-1.18483514,-2.09496357,-0.49513679,0.11033369,0.12776073,-0.48632352
1.05000000,0,body1,0.01856757,-0.03215998,-0.02756697,0.03447441,-0.05971143,-0.06898940
1.05000000,1,body2,2.39829064,-0.02296866,-0.51942332,-0.17089242,-0.03168149,-0.48513314
1.05000000,2,body3,-1.22832055,2.12751360,-0.10236987,0.04077203,-0.07061923,-0.09523901
1.05000000,3,body4,-1.17925388,-2.08846495,-0.51942332,0.11288319,0.13215643,-0.48513314
1.10000000,0,body1,0.02032743,-0.03520813,-0.03113785,0.03591519,-0.06220694,-0.07385091
1.10000000,1,body2,2.38962396,-0.02455118,-0.54364964,-0.17573631,-0.03160622,-0.48391525
1.10000000,2,body3,-1.22623764,2.12390590,-0.10713179,0.04253877,-0.07367931,-0.09524405
1.10000000,3,body4,-1.17355003,-2.08175065,-0.54364964,0.11523994,0.13638900,-0.48391525
1.15000000,0,body1,0.02215863,-0.03837987,-0.03495253,0.03732835,-0.06465460,-0.07874029
1.15000000,1,body2,2.38072076,-0.02612801,-0.56781443,-0.18035534,-0.03145504,-0.48267210
1.15000000,2,body3,-1.22406722,2.12014661,-0.11189488,0.04427263,-0.07668244,-0.09528565
1.15000000,3,body4,-1.16773286,-2.07482866,-0.56781443,0.11741854,0.14046479,-0.48267210
1.20000000,0,body1,0.02405979,-0.04167279,-0.03901224,0.03871352,-0.06705378,-0.08365111
1.20000000,1,body2,2.37159197,-0.02769557,-0.59191647,-0.18476165,-0.03123668,-0.48140587
1.20000000,2,body3,-1.22181095,2.11623864,-0.11666094,0.04597231,-0.07962637,-0.09536271
1.20000000,3,body4,-1.16181092,-2.06770668,-0.59191647,0.11943259,0.14438994,-0.48140587
1.25000000,0,body1,0.02602951,-0.04508444,-0.04331790,0.04007045,-0.06940406,-0.08857777
1.25000000,1,body2,2.36224795,-0.02925070,-0.61595466,-0.18896670,-0.03095911,-0.48011858
1.25000000,2,body3,-1.21947058,2.11218499,-0.12143172,0.04763675,-0.08250927,-0.09547396
1.25000000,3,body4,-1.15579213,-2.06039208,-0.61595466,0.12129473,0.14817041,-0.48011858
1.30000000,0,body1,0.02806637,-0.04861237,-0.04787020,0.04139901,-0.07170519,-0.09351534
1.30000000,1,body2,2.35269848,-0.03079062,-0.63992801,-0.19298129,-0.03062960,-0.47881214
1.30000000,2,body3,-1.21704788,2.10798876,-0.12620889,0.04926513,-0.08532970,-0.09561806
1.30000000,3,body4,-1.14968378,-2.05289196,-0.63992801,0.12301666,0.15181190,-0.47881214
1.35000000,0,body1,0.03016894,-0.05225413,-0.05266955,0.04269914,-0.07395709,-0.09845951
1.35000000,1,body2,2.34295282,-0.03231290,-0.66383559,-0.19681556,-0.03025475,-0.47748834
1.35000000,2,body3,-1.21454468,2.10365308,-0.13099405,0.05085682,-0.08808660,-0.09579357
1.35000000,3,body4,-1.14349262,-2.04521312,-0.66383559,0.12460917,0.15531990,-0.47748834
1.40000000,0,body1,0.03233581,-0.05600726,-0.05771619,0.04397089,-0.07615982,-0.10340650
1.40000000,1,body2,2.33301977,-0.03381543,-0.68767658,-0.20047902,-0.02984050,-0.47614885
1.40000000,2,body3,-1.21196281,2.09918117,-0.13578874,0.05241143,-0.09077926,-0.09599904
1.40000000,3,body4,-1.13722486,-2.03736210,-0.68767658,0.12608214,0.15869967,-0.47614885
1.45000000,0,body1,0.03456556,-0.05986930,-0.06301019,0.04521434,-0.07831354,-0.10835302
1.45000000,1,body2,2.32290762,-0.03529638,-0.71145024,-0.20398056,-0.02939220,-0.47479524
1.45000000,2,body3,-1.20930415,2.09457624,-0.14059443,0.05392871,-0.09340727,-0.09623301
1.45000000,3,body4,-1.13088624,-2.02934520,-0.71145024,0.12744467,0.16195625,-0.47479524
1.50000000,0,body1,0.03685677,-0.06383780,-0.06855144,0.04642965,-0.08041852,-0.11329619
1.50000000,1,body2,2.31262427,-0.03675417,-0.73515589,-0.20732852,-0.02891464,-0.47342894
1.50000000,2,body3,-1.20657057,2.08984152,-0.14541250,0.05540862,-0.09597055,-0.09649403
1.50000000,3,body4,-1.12448209,-2.02116845,-0.73515589,0.12870507,0.16509445,-0.47342894
1.55000000,0,body1,0.03920805,-0.06791034,-0.07433971,0.04761701,-0.08247508,-0.11823349
1.55000000,1,body2,2.30217720,-0.03818743,-0.75879294,-0.21053069,-0.02841209,-0.47205129
1.55000000,2,body3,-1.20376391,2.08498026,-0.15024426,0.05685125,-0.09846925,-0.09678067
1.55000000,3,body4,-1.11801731,-2.01283765,-0.75879294,0.12987094,0.16811888,-0.47205129
1.60000000,0,body1,0.04161801,-0.07208451,-0.08037465,0.04877664,-0.08448363,-0.12316275
1.60000000,1,body2,2.29157351,-0.03959502,-0.78236085,-0.21359436,-0.02788837,-0.47066353
1.60000000,2,body3,-1.20088606,2.07999567,-0.15509097,0.05825682,-0.10090377,-0.09709156
1.60000000,3,body4,-1.11149646,-2.00435839,-0.78236085,0.13094922,0.17103396,-0.47066353
1.65000000,0,body1,0.04408526,-0.07635791,-0.08665582,0.04990881,-0.08644459,-0.12808211
1.65000000,1,body2,2.28081996,-0.04097597,-0.80585915,-0.21652635,-0.02734686,-0.46926679
1.65000000,2,body3,-1.19793884,2.07489094,-0.15995380,0.05962569,-0.10327473,-0.09742536
1.65000000,3,body4,-1.10492374,-1.99573601,-0.80585915,0.13194625,0.17384389,-0.46926679
1.70000000,0,body1,0.04660844,-0.08072818,-0.09318267,0.05101377,-0.08835843,-0.13298996
1.70000000,1,body2,2.26992296,-0.04232946,-0.82928740,-0.21933302,-0.02679056,-0.46786211
1.70000000,2,body3,-1.19492409,2.06966924,-0.16483386,0.06095832,-0.10558292,-0.09778079
1.70000000,3,body4,-1.09830309,-1.98697568,-0.82928740,0.13286782,0.17655269,-0.46786212
1.75000000,0,body1,0.04918619,-0.08519298,-0.09995460,0.05209181,-0.09022566,-0.13788494
1.75000000,1,body2,2.25888864,-0.04365483,-0.85264524,-0.22202036,-0.02622211,-0.46645045
1.75000000,2,body3,-1.19184361,2.06433368,-0.16973222,0.06225526,-0.10782928,-0.09815663
1.75000000,3,body4,-1.09163813,-1.97808236,-0.85264524,0.13371919,0.17916422,-0.46645045
1.80000000,0,body1,0.05181717,-0.08974998,-0.10697093,0.05314321,-0.09204675,-0.14276591
1.80000000,1,body2,2.24772282,-0.04495151,-0.87593234,-0.22459394,-0.02564385,-0.46503267
1.80000000,2,body3,-1.18869915,2.05888732,-0.17464985,0.06351713,-0.11001491,-0.09855171
1.80000000,3,body4,-1.08493226,-1.96906082,-0.87593234,0.13450520,0.18168213,-0.46503267
1.85000000,0,body1,0.05450007,-0.09439689,-0.11423094,0.05416828,-0.09382221,-0.14763192
1.85000000,1,body2,2.23643106,-0.04621908,-0.89914842,-0.22705900,-0.02505784,-0.46360955
1.85000000,2,body3,-1.18549247,2.05333318,-0.17958769,0.06474463,-0.11214100,-0.09896493
1.85000000,3,body4,-1.07818863,-1.95991565,-0.89914842,0.13523023,0.18410994,-0.46360956
1.90000000,0,body1,0.05723357,-0.09913145,-0.12173386,0.05516728,-0.09555254,-0.15248220
1.90000000,1,body2,2.22501865,-0.04745720,-0.92229322,-0.22942044,-0.02446588,-0.46218183
1.90000000,2,body3,-1.18222525,2.04767419,-0.18454662,0.06593851,-0.11420885,-0.09939524
1.90000000,3,body4,-1.07141019,-1.95065127,-0.92229322,0.13589829,0.18645099,-0.46218183
1.95000000,0,body1,0.06001637,-0.10395140,-0.12947889,0.05614051,-0.09723821,-0.15731613
1.95000000,1,body2,2.21349066,-0.04866560,-0.94536654,-0.23168286,-0.02386954,-0.46075014
1.95000000,2,body3,-1.17889916,2.04191324,-0.18952748,0.06709954,-0.11621982,-0.09984165
1.95000000,3,body4,-1.06459969,-1.94127194,-0.94536654,0.13651306,0.18870847,-0.46075014
2.00000000,0,body1,0.06284719,-0.10885453,-0.13746520,0.05708822,-0.09887970,-0.16213326
2.00000000,1,body2,2.20185194,-0.04984410,-0.96836818,-0.23385056,-0.02327021,-0.45931507
2.00000000,2,body3,-1.17551583,2.03605314,-0.19453104,0.06822858,-0.11817536,-0.10030323
2.00000000,3,body4,-1.05775971,-1.93178177,-0.96836818,0.13707787,0.19088542,-0.45931507
2.05000000,0,body1,0.06572477,-0.11383864,-0.14569193,0.05801068,-0.10047745,-0.16693322
2.05000000,1,body2,2.19010712,-0.05099259,-0.99129800,-0.23592758,-0.02266908,-0.45787714
2.05000000,2,body3,-1.17207682,2.03009661,-0.19955804,0.06932645,-0.12007694,-0.10077911
2.05000000,3,body4,-1.05089268,-1.92218470,-0.99129800,0.13759579,0.19298474,-0.45787714
2.10000000,0,body1,0.06864785,-0.11890156,-0.15415823,0.05890813,-0.10203188,-0.17171580
2.10000000,1,body2,2.17826063,-0.05211100,-1.01415585,-0.23791773,-0.02206719,-0.45643683
2.10000000,2,body3,-1.16858369,2.02404632,-0.20460918,0.07039405,-0.12192607,-0.10126844
2.10000000,3,body4,-1.04400087,-1.91248454,-1.01415585,0.13806961,0.19500920,-0.45643683
2.15000000,0,body1,0.07161517,-0.12404112,-0.16286322,0.05978080,-0.10354339,-0.17648087
2.15000000,1,body2,2.16631674,-0.05319931,-1.03694165,-0.23982455,-0.02146545,-0.45499455
2.15000000,2,body3,-1.16503791,2.01790485,-0.20968510,0.07143225,-0.12372429,-0.10177046
2.15000000,3,body4,-1.03708641,-1.90268498,-1.03694165,0.13850190,0.19696143,-0.45499455
2.20000000,0,body1,0.07462552,-0.12925519,-0.17180602,0.06062890,-0.10501234,-0.18122838
2.20000000,1,body2,2.15427951,-0.05425756,-1.05965528,-0.24165140,-0.02086463,-0.45355069
2.20000000,2,body3,-1.16144094,2.01167471,-0.21478642,0.07244194,-0.12547313,-0.10228444
2.20000000,3,body4,-1.03015133,-1.89278956,-1.05965528,0.13889501,0.19884394,-0.45355069
2.25000000,0,body1,0.07767766,-0.13454165,-0.18098576,0.06145263,-0.10643907,-0.18595838
2.25000000,1,body2,2.14215288,-0.05528580,-1.08229669,-0.24340142,-0.02026541,-0.45210557
2.25000000,2,body3,-1.15779417,2.00535833,-0.21991373,0.07342403,-0.12717416,-0.10280968
2.25000000,3,body4,-1.02319753,-1.88280171,-1.08229669,0.13925107,0.20065911,-0.45210557
2.30000000,0,body1,0.08077038,-0.13989840,-0.19040157,0.06225215,-0.10782389,-0.19067097
2.30000000,1,body2,2.12994060,-0.05628413,-1.10486582,-0.24507756,-0.01966835,-0.45065949
2.30000000,2,body3,-1.15409898,1.99895806,-0.22506757,0.07437941,-0.12882892,-0.10334554
2.30000000,3,body4,-1.01622681,-1.87272473,-1.10486582,0.13957207,0.20240922,-0.45065949
2.35000000,0,body1,0.08390247,-0.14532334,-0.20005257,0.06302763,-0.10916706,-0.19536634
2.35000000,1,body2,2.11764631,-0.05725268,-1.12736263,-0.24668259,-0.01907394,-0.44921271
2.35000000,2,body3,-1.15035666,1.99247618,-0.23024845,0.07530896,-0.13043895,-0.10389141
2.35000000,3,body4,-1.00924088,-1.86256183,-1.12736263,0.13985982,0.20409642,-0.44921271
2.40000000,0,body1,0.08707274,-0.15081441,-0.20993792,0.06377921,-0.11046883,-0.20004470
2.40000000,1,body2,2.10527348,-0.05819158,-1.14978709,-0.24821913,-0.01848260,-0.44776546
2.40000000,2,body3,-1.14656850,1.98591489,-0.23545687,0.07621356,-0.13200576,-0.10444672
2.40000000,3,body4,-1.00224135,-1.85231610,-1.14978709,0.14011597,0.20572277,-0.44776546
2.45000000,0,body1,0.09027999,-0.15636954,-0.22005676,0.06450699,-0.11172939,-0.20470632
2.45000000,1,body2,2.09282549,-0.05910100,-1.17213917,-0.24968962,-0.01789466,-0.44631795
2.45000000,2,body3,-1.14273571,1.97927630,-0.24069327,0.07709408,-0.13353087,-0.10501094
2.45000000,3,body4,-0.99522978,-1.84199054,-1.17213917,0.14034204,0.20729023,-0.44631795
2.50000000,0,body1,0.09352305,-0.16198667,-0.23040828,0.06521109,-0.11294893,-0.20935150
2.50000000,1,body2,2.08030558,-0.05998111,-1.19441888,-0.25109638,-0.01731042,-0.44487035
2.50000000,2,body3,-1.13885948,1.97256247,-0.24595810,0.07795138,-0.13501575,-0.10558354
2.50000000,3,body4,-0.98820763,-1.83158803,-1.19441888,0.14053946,0.20880064,-0.44487036
2.55000000,0,body1,0.09680071,-0.16766375,-0.24099165,0.06589158,-0.11412757,-0.21398059
2.55000000,1,body2,2.06771688,-0.06083210,-1.21662621,-0.25244158,-0.01673011,-0.44342282
2.55000000,2,body3,-1.13494094,1.96577537,-0.25125176,0.07878629,-0.13646186,-0.10616406
2.55000000,3,body4,-0.98117629,-1.82111140,-1.21662621,0.14070949,0.21025576,-0.44342282
2.60000000,0,body1,0.10011181,-0.17339875,-0.25180607,0.06654853,-0.11526543,-0.21859394
2.60000000,1,body2,2.05506242,-0.06165419,-1.23876117,-0.25372724,-0.01615394,-0.44197549
2.60000000,2,body3,-1.13098121,1.95891691,-0.25657463,0.07959964,-0.13787062,-0.10675204
2.60000000,3,body4,-0.97413711,-1.81056335,-1.23876117,0.14085334,0.21165727,-0.44197549
2.65000000,0,body1,0.10345517,-0.17918962,-0.26285078,0.06718196,-0.11636257,-0.22319195
2.65000000,1,body2,2.04234512,-0.06244757,-1.26082376,-0.25495531,-0.01558204,-0.44052848
2.65000000,2,body3,-1.12698133,1.95198891,-0.26192708,0.08039223,-0.13924343,-0.10734706
2.65000000,3,body4,-0.96709138,-1.79994654,-1.26082377,0.14097210,0.21300675,-0.44052848
2.70000000,0,body1,0.10682962,-0.18503432,-0.27412502,0.06779191,-0.11741904,-0.22777501
2.70000000,1,body2,2.02956782,-0.06321247,-1.28281402,-0.25612757,-0.01501455,-0.43908189
2.70000000,2,body3,-1.12294232,1.94499314,-0.26730945,0.08116485,-0.14058164,-0.10794872
2.70000000,3,body4,-0.96004031,-1.78926352,-1.28281402,0.14106677,0.21430571,-0.43908189
2.75000000,0,body1,0.11023397,-0.19093084,-0.28562804,0.06837839,-0.11843484,-0.23234353
2.75000000,1,body2,2.01673326,-0.06394910,-1.30473196,-0.25724574,-0.01445156,-0.43763580
2.75000000,2,body3,-1.11886516,1.93793130,-0.27272206,0.08191826,-0.14188659,-0.10855662
2.75000000,3,body4,-0.95298508,-1.77851678,-1.30473196,0.14113829,0.21555557,-0.43763581
2.80000000,0,body1,0.11366706,-0.19687713,-0.29735914,0.06894136,-0.11940995,-0.23689793
2.80000000,1,body2,2.00384412,-0.06465770,-1.32657761,-0.25831141,-0.01389313,-0.43619030
2.80000000,2,body3,-1.11475080,1.93080502,-0.27816521,0.08265321,-0.14315957,-0.10917042
2.80000000,3,body4,-0.94592685,-1.76770876,-1.32657761,0.14118751,0.21675767,-0.43619031
2.85000000,0,body1,0.11712772,-0.20287116,-0.30931761,0.06948082,-0.12034431,-0.24143864
2.85000000,1,body2,1.99090297,-0.06533849,-1.34835100,-0.25932607,-0.01333932,-0.43474545
2.85000000,2,body3,-1.11060014,1.92361586,-0.28363919,0.08337044,-0.14440184,-0.10978977
2.85000000,3,body4,-0.93886669,-1.75684179,-1.34835100,0.14121522,0.21791331,-0.43474546
2.90000000,0,body1,0.12061475,-0.20891088,-0.32150278,0.06999670,-0.12123785,-0.24596606
2.90000000,1,body2,1.97791234,-0.06599171,-1.37005217,-0.26029116,-0.01279014,-0.43330131
2.90000000,2,body3,-1.10641404,1.91636533,-0.28914427,0.08407064,-0.14561463,-0.11041435
2.90000000,3,body4,-0.93180567,-1.74591818,-1.37005217,0.14122216,0.21902369,-0.43330131
2.95000000,0,body1,0.12412699,-0.21499426,-0.33391400,0.07048895,-0.12209044,-0.25048062
2.95000000,1,body2,1.96487466,-0.06661758,-1.39168115,-0.26120799,-0.01224560,-0.43185793
2.95000000,2,body3,-1.10219334,1.90905487,-0.29468071,0.08475451,-0.14679913,-0.11104383
2.95000000,3,body4,-0.92474481,-1.73494016,-1.39168115,0.14120900,0.22008995,-0.43185793
3.00000000,0,body1,0.12766325,-0.22111924,-0.34655063,0.07095747,-0.12290195,-0.25498272
3.00000000,1,body2,1.95179232,-0.06721634,-1.41323797,-0.26207781,-0.01170571,-0.43041535
3.00000000,2,body3,-1.09793885,1.90168586,-0.30024873,0.08542272,-0.14795650,-0.11167794
3.00000000,3,body4,-0.91768510,-1.72390990,-1.41323798,0.14117635,0.22111319,-0.43041535
3.05000000,0,body1,0.13122234,-0.22728377,-0.35941207,0.07140218,-0.12367221,-0.25947278
3.05000000,1,body2,1.93866764,-0.06778823,-1.43472269,-0.26290181,-0.01117045,-0.42897361
3.05000000,2,body3,-1.09365132,1.89425965,-0.30584857,0.08607592,-0.14908786,-0.11231639
3.05000000,3,body4,-0.91062749,-1.71282954,-1.43472270,0.14112480,0.22209442,-0.42897361
3.10000000,0,body1,0.13480307,-0.23348577,-0.37249772,0.07182296,-0.12440102,-0.26395118
3.10000000,1,body2,1.92550288,-0.06833347,-1.45613535,-0.26368108,-0.01063979,-0.42753275
3.10000000,2,body3,-1.08933150,1.88677749,-0.31148044,0.08671473,-0.15019431,-0.11295891
3.10000000,3,body4,-0.90357292,-1.70170114,-1.45613535,0.14105487,0.22303462,-0.42753275
3.15000000,0,body1,0.13840424,-0.23972317,-0.38580700,0.07221969,-0.12508817,-0.26841829
3.15000000,1,body2,1.91230026,-0.06885228,-1.47747598,-0.26441666,-0.01011370,-0.42609280
3.15000000,2,body3,-1.08498008,1.87924062,-0.31714453,0.08733976,-0.15127691,-0.11360525
3.15000000,3,body4,-0.89652230,-1.69052674,-1.47747599,0.14096706,0.22393470,-0.42609280
3.20000000,0,body1,0.14202464,-0.24599389,-0.39933937,0.07259221,-0.12573340,-0.27287448
3.20000000,1,body2,1.89906193,-0.06934491,-1.49874465,-0.26510953,-0.00959214,-0.42465380
3.20000000,2,body3,-1.08059774,1.87165018,-0.32284102,0.08795162,-0.15233668,-0.11425516
3.20000000,3,body4,-0.88947651,-1.67930833,-1.49874465,0.14086181,0.22479552,-0.42465380
3.25000000,0,body1,0.14566305,-0.25229581,-0.41309427,0.07294038,-0.12633644,-0.27732009
3.25000000,1,body2,1.88579000,-0.06981157,-1.51994138,-0.26576060,-0.00907506,-0.42321577
3.25000000,2,body3,-1.07618513,1.86400731,-0.32857010,0.08855088,-0.15337462,-0.11490841
3.25000000,3,body4,-0.88243640,-1.66804783,-1.51994138,0.14073954,0.22561790,-0.42321577
3.30000000,0,body1,0.14931827,-0.25862683,-0.42707120,0.07326402,-0.12689701,-0.28175545
3.30000000,1,body2,1.87248655,-0.07025249,-1.54106624,-0.26637073,-0.00856241,-0.42177875
3.30000000,2,body3,-1.07174285,1.85631307,-0.33433192,0.08913809,-0.15439170,-0.11556477
3.30000000,3,body4,-0.87540283,-1.65674716,-1.54106624,0.14060064,0.22640262,-0.42177875
3.35000000,0,body1,0.15298904,-0.26498480,-0.44126965,0.07356295,-0.12741477,-0.28618085
3.35000000,1,body2,1.85915360,-0.07066789,-1.56211927,-0.26694073,-0.00805414,-0.42034277
3.35000000,2,body3,-1.06727151,1.84856847,-0.34012662,0.08971380,-0.15538886,-0.11622403
3.35000000,3,body4,-0.86837661,-1.64540819,-1.56211928,0.14044545,0.22715038,-0.42034277
3.40000000,0,body1,0.15667414,-0.27136758,-0.45568913,0.07383697,-0.12788939,-0.29059658
3.40000000,1,body2,1.84579314,-0.07105798,-1.58310053,-0.26747134,-0.00755018,-0.41890786
3.40000000,2,body3,-1.06277166,1.84077450,-0.34595436,0.09027853,-0.15636700,-0.11688599
3.40000000,3,body4,-0.86135855,-1.63403273,-1.58310054,0.14027432,0.22786188,-0.41890786
3.45000000,0,body1,0.16037232,-0.27777301,-0.47032915,0.07408588,-0.12832052,-0.29500290
3.45000000,1,body2,1.83240711,-0.07142298,-1.60401008,-0.26796327,-0.00705048,-0.41747406
3.45000000,2,body3,-1.05824383,1.83293208,-0.35181526,0.09083280,-0.15732702,-0.11755043
3.45000000,3,body4,-0.85434944,-1.62262259,-1.60401008,0.14008753,0.22853776,-0.41747406
3.50000000,0,body1,0.16408231,-0.28419890,-0.48518926,0.07430946,-0.12870776,-0.29940004
3.50000000,1,body2,1.81899744,-0.07176310,-1.62484796,-0.26841719,-0.00655497,-0.41604140
3.50000000,2,body3,-1.05368854,1.82504209,-0.35770945,0.09137710,-0.15826977,-0.11821718
3.50000000,3,body4,-0.84735005,-1.61117954,-1.62484796,0.13988536,0.22917862,-0.41604140
3.55000000,0,body1,0.16780284,-0.29064305,-0.50026901,0.07450747,-0.12905072,-0.30378820
3.55000000,1,body2,1.80556602,-0.07207854,-1.64561424,-0.26883371,-0.00606358,-0.41460992
3.55000000,2,body3,-1.04910628,1.81710537,-0.36363702,0.09191190,-0.15919609,-0.11888606
3.55000000,3,body4,-0.84036116,-1.59970530,-1.64561424,0.13966807,0.22978503,-0.41460992
3.60000000,0,body1,0.17153263,-0.29710323,-0.51556794,0.07467966,-0.12934897,-0.30816756
3.60000000,1,body2,1.79211469,-0.07236952,-1.66630897,-0.26921341,-0.00557626,-0.41317967
3.60000000,2,body3,-1.04449750,1.80912274,-0.36959808,0.09243769,-0.16010677,-0.11955687
3.60000000,3,body4,-0.83338350,-1.58820160,-1.66630898,0.13943589,0.23035752,-0.41317967
3.65000000,0,body1,0.17527037,-0.30357720,-0.53108562,0.07482580,-0.12960208,-0.31253828
3.65000000,1,body2,1.77864528,-0.07263624,-1.68693223,-0.26955683,-0.00509294,-0.41175070
3.65000000,2,body3,-1.03986265,1.80109494,-0.37559274,0.09295490,-0.16100262,-0.12022946
3.65000000,3,body4,-0.82641781,-1.57667011,-1.68693223,0.13918903,0.23089660,-0.41175070
3.70000000,0,body1,0.17901477,-0.31006268,-0.54682162,0.07494560,-0.12980959,-0.31690047
3.70000000,1,body2,1.76515960,-0.07287888,-1.70748406,-0.26986447,-0.00461354,-0.41032305
3.70000000,2,body3,-1.03520215,1.79302271,-0.38162106,0.09346399,-0.16188438,-0.12090366
3.70000000,3,body4,-0.81946483,-1.56511249,-1.70748407,0.13892768,0.23140272,-0.41032305
3.75000000,0,body1,0.18276449,-0.31655739,-0.56277553,0.07503880,-0.12997101,-0.32125422
3.75000000,1,body2,1.75165942,-0.07309765,-1.72796455,-0.27013680,-0.00413801,-0.40889679
3.75000000,2,body3,-1.03051638,1.78490673,-0.38768313,0.09396538,-0.16275281,-0.12157932
3.75000000,3,body4,-0.81252528,-1.55353038,-1.72796456,0.13865203,0.23187633,-0.40889679
3.80000000,0,body1,0.18651820,-0.32305900,-0.57894691,0.07510511,-0.13008587,-0.32559960
3.80000000,1,body2,1.73814650,-0.07329275,-1.74837377,-0.27037425,-0.00366628,-0.40747196
3.80000000,2,body3,-1.02580573,1.77674764,-0.39377901,0.09445948,-0.16360862,-0.12225627
3.80000000,3,body4,-0.80559987,-1.54192539,-1.74837377,0.13836222,0.23231783,-0.40747197
3.85000000,0,body1,0.19027455,-0.32956519,-0.59533535,0.07514425,-0.13015366,-0.32993663
3.85000000,1,body2,1.72462257,-0.07346434,-1.76871177,-0.27057723,-0.00319828,-0.40604865
3.85000000,2,body3,-1.02107055,1.76854606,-0.39990877,0.09494670,-0.16445252,-0.12293438
3.85000000,3,body4,-0.79868929,-1.53029912,-1.76871178,0.13805841,0.23272762,-0.40604865
3.90000000,0,body1,0.19403217,-0.33607358,-0.61194043,0.07515590,-0.13017384,-0.33426531
3.90000000,1,body2,1.71108934,-0.07361263,-1.78897866,-0.27074612,-0.00273394,-0.40462692
3.90000000,2,body3,-1.01631117,1.76030257,-0.40607247,0.09542745,-0.16528519,-0.12361351
3.90000000,3,body4,-0.79179426,-1.51865315,-1.78897866,0.13774072,0.23310605,-0.40462692
3.95000000,0,body1,0.19778968,-0.34258177,-0.62876174,0.07513977,-0.13014589,-0.33858559
3.95000000,1,body2,1.69754852,-0.07373780,-1.80917449,-0.27088125,-0.00227320,-0.40320684
3.95000000,2,body3,-1.01152791,1.75201772,-0.41227014,0.09590209,-0.16610729,-0.12429353
3.95000000,3,body4,-0.78491545,-1.50698904,-1.80917450,0.13740928,0.23345344,-0.40320684
4.00000000,0,body1,0.20154568,-0.34908735,-0.64579885,0.07509552,-0.13006926,-0.34289741
4.00000000,1,body2,1.68400178,-0.07384001,-1.82929937,-0.27098294,-0.00181600,-0.40178850
4.00000000,2,body3,-1.00672106,1.74369201,-0.41850183,0.09637101,-0.16691948,-0.12497429
4.00000000,3,body4,-0.77805356,-1.49530832,-1.82929938,0.13706418,0.23377011,-0.40178851
4.05000000,0,body1,0.20529875,-0.35558788,-0.66305134,0.07502285,-0.12994338,-0.34720065
4.05000000,1,body2,1.67045078,-0.07391946,-1.84935337,-0.27105150,-0.00136227,-0.40037200
4.05000000,2,body3,-1.00189090,1.73532593,-0.42476758,0.09683456,-0.16772239,-0.12565568
4.05000000,3,body4,-0.77120926,-1.48361253,-1.84935338,0.13670552,0.23405635,-0.40037200
4.10000000,0,body1,0.20904748,-0.36208086,-0.68051877,0.07492140,-0.12976768,-0.35149518
4.10000000,1,body2,1.65689717,-0.07397630,-1.86933660,-0.27108720,-0.00091196,-0.39895741
4.10000000,2,body3,-0.99703768,1.72691992,-0.43106741,0.09729312,-0.16851662,-0.12633758
4.10000000,3,body4,-0.76438323,-1.47190319,-1.86933661,0.13633338,0.23431242,-0.39895742
4.15000000,0,body1,0.21279041,-0.36856381,-0.69820071,0.07479086,-0.12954157,-0.35578081
4.15000000,1,body2,1.64334260,-0.07401071,-1.88924915,-0.27109027,-0.00046498,-0.39754486
4.15000000,2,body3,-0.99216166,1.71847440,-0.43740134,0.09774701,-0.16930280,-0.12701988
4.15000000,3,body4,-0.75757615,-1.46018179,-1.88924916,0.13594782,0.23453857,-0.39754486
4.20000000,0,body1,0.21652608,-0.37503417,-0.71609670,0.07463087,-0.12926446,-0.36005732
4.20000000,1,body2,1.62978869,-0.07402285,-1.90909112,-0.27106095,-0.00002130,-0.39613444
4.20000000,2,body3,-0.98726305,1.70998976,-0.44376940,0.09819659,-0.17008149,-0.12770246
4.20000000,3,body4,-0.75078867,-1.44844983,-1.90909113,0.13554892,0.23473502,-0.39613444
4.25000000,0,body1,0.22025300,-0.38148939,-0.73420628,0.07444108,-0.12893573,-0.36432447
4.25000000,1,body2,1.61623704,-0.07401289,-1.92886263,-0.27099944,0.00041917,-0.39472627
4.25000000,2,body3,-0.98234207,1.70146636,-0.45017159,0.09864219,-0.17085328,-0.12838523
4.25000000,3,body4,-0.74402148,-1.43670878,-1.92886264,0.13513671,0.23490198,-0.39472627
4.30000000,0,body1,0.22396968,-0.38792687,-0.75252898,0.07422113,-0.12855477,-0.36858195
4.30000000,1,body2,1.60268928,-0.07398099,-1.94856379,-0.27090592,0.00085647,-0.39332047
4.30000000,2,body3,-0.97739890,1.69290454,-0.45660792,0.09908412,-0.17161873,-0.12906808
4.30000000,3,body4,-0.73727522,-1.42496012,-1.94856380,0.13471124,0.23503965,-0.39332048
4.35000000,0,body1,0.22767460,-0.39434399,-0.77106431,0.07397067,-0.12812095,-0.37282943
4.35000000,1,body2,1.58914698,-0.07392730,-1.96819472,-0.27078058,0.00129066,-0.39191718
4.35000000,2,body3,-0.97243371,1.68430459,-0.46307840,0.09952270,-0.17237838,-0.12975092
4.35000000,3,body4,-0.73055057,-1.41320530,-1.96819473,0.13427254,0.23514819,-0.39191718
4.40000000,0,body1,0.23136623,-0.40073808,-0.78981175,0.07368932,-0.12763365,-0.37706654
4.40000000,1,body2,1.57561175,-0.07385197,-1.98775555,-0.27062354,0.00172182,-0.39051653
4.40000000,2,body3,-0.96744668,1.67566679,-0.46958301,0.09995825,-0.17313277,-0.13043367
4.40000000,3,body4,-0.72384819,-1.40144578,-1.98775556,0.13382063,0.23522778,-0.39051653
4.45000000,0,body1,0.23504301,-0.40710645,-0.80877078,0.07337672,-0.12709221,-0.38129286
4.45000000,1,body2,1.56208515,-0.07375516,-2.00724642,-0.27043496,0.00214999,-0.38911867
4.45000000,2,body3,-0.96243793,1.66699139,-0.47612176,0.10039107,-0.17388243,-0.13111623
4.45000000,3,body4,-0.71716873,-1.38968300,-2.00724643,0.13335553,0.23527854,-0.38911867
4.50000000,0,body1,0.23870338,-0.41344638,-0.82794085,0.07303250,-0.12649600,-0.38550794
4.50000000,1,body2,1.54856878,-0.07363702,-2.02666747,-0.27021494,0.00257524,-0.38772374
4.50000000,2,body3,-0.95740761,1.65827862,-0.48269463,0.10082144,-0.17462787,-0.13179854
4.50000000,3,body4,-0.71051285,-1.37791840,-2.02666747,0.13287725,0.23530063,-0.38772375
4.55000000,0,body1,0.24234573,-0.41975513,-0.84732138,0.07265627,-0.12584436,-0.38971129
4.55000000,1,body2,1.53506418,-0.07349769,-2.04601885,-0.26996360,0.00299762,-0.38633192
4.55000000,2,body3,-0.95235582,1.64952867,-0.48930161,0.10124968,-0.17536959,-0.13248052
4.55000000,3,body4,-0.70388122,-1.36615341,-2.04601885,0.13238578,0.23529415,-0.38633192
4.60000000,0,body1,0.24596846,-0.42602989,-0.86691178,0.07224767,-0.12513663,-0.39390236
4.60000000,1,body2,1.52157294,-0.07333731,-2.06530071,-0.26968101,0.00341720,-0.38494336
4.60000000,2,body3,-0.94728267,1.64074171,-0.49594268,0.10167605,-0.17610809,-0.13316210
4.60000000,3,body4,-0.69727449,-1.35438946,-2.06530072,0.13188113,0.23525920,-0.38494336
4.65000000,0,body1,0.24956995,-0.43226784,-0.88671140,0.07180629,-0.12437215,-0.39808058
4.65000000,1,body2,1.50809660,-0.07315601,-2.08451324,-0.26936726,0.00383402,-0.38355825
4.65000000,2,body3,-0.94218825,1.63191790,-0.50261781,0.10210084,-0.17684384,-0.13384321
4.65000000,3,body4,-0.69069333,-1.34262797,-2.08451325,0.13136327,0.23519590,-0.38355825
4.70000000,0,body1,0.25314854,-0.43846614,-0.90671961,0.07133178,-0.12355026,-0.40224531
4.70000000,1,body2,1.49463673,-0.07295395,-2.10365660,-0.26902240,0.00424816,-0.38217676
4.70000000,2,body3,-0.93707261,1.62305737,-0.50932699,0.10252432,-0.17757734,-0.13452382
4.70000000,3,body4,-0.68413839,-1.33087034,-2.10365661,0.13083219,0.23510431,-0.38217677
4.75000000,0,body1,0.25670257,-0.44462190,-0.92693570,0.07082373,-0.12267030,-0.40639588
4.75000000,1,body2,1.48119488,-0.07273124,-2.12273098,-0.26864649,0.00465966,-0.38079910
4.75000000,2,body3,-0.93193583,1.61416020,-0.51607019,0.10294677,-0.17830903,-0.13520385
4.75000000,3,body4,-0.67761033,-1.31911801,-2.12273099,0.13028786,0.23498452,-0.38079911
4.80000000,0,body1,0.26023035,-0.45073219,-0.94735895,0.07028176,-0.12173159,-0.41053158
4.80000000,1,body2,1.46777260,-0.07248803,-2.14173658,-0.26823957,0.00506860,-0.37942547
4.80000000,2,body3,-0.92677795,1.60522648,-0.52284737,0.10336844,-0.17903939,-0.13588328
4.80000000,3,body4,-0.67110982,-1.30737236,-2.14173658,0.12973025,0.23483658,-0.37942547
4.85000000,0,body1,0.26373017,-0.45679407,-0.96798860,0.06970550,-0.12073346,-0.41465164
4.85000000,1,body2,1.45437144,-0.07222442,-2.16067360,-0.26780167,0.00547502,-0.37805606
4.85000000,2,body3,-0.92159900,1.59625628,-0.52965850,0.10378959,-0.17976885,-0.13656205
4.85000000,3,body4,-0.66463753,-1.29563482,-2.16067360,0.12915933,0.23466056,-0.37805607
4.90000000,0,body1,0.26720032,-0.46280454,-0.98882384,0.06909454,-0.11967526,-0.41875526
4.90000000,1,body2,1.44099295,-0.07194056,-2.17954226,-0.26733281,0.00587899,-0.37669111
4.90000000,2,body3,-0.91639899,1.58724961,-0.53650356,0.10421048,-0.18049785,-0.13724014
4.90000000,3,body4,-0.65819411,-1.28390677,-2.17954226,0.12857505,0.23445650,-0.37669112
4.95000000,0,body1,0.27063904,-0.46876058,-1.00986383,0.06844852,-0.11855632,-0.42284158
4.95000000,1,body2,1.42763867,-0.07163657,-2.19834279,-0.26683299,0.00628056,-0.37533085
4.95000000,2,body3,-0.91117795,1.57820649,-0.54338250,0.10463136,-0.18122684,-0.13791751
4.95000000,3,body4,-0.65178025,-1.27218963,-2.19834279,0.12797737,0.23422443,-0.37533085
5.00000000,0,body1,0.27404458,-0.47465915,-1.03110769,0.06776704,-0.11737597,-0.42690969
5.00000000,1,body2,1.41431016,-0.07131255,-2.21707542,-0.26630223,0.00667981,-0.37397550
5.00000000,2,body3,-0.90593585,1.56912692,-0.55029530,0.10505247,-0.18195622,-0.13859415
5.00000000,3,body4,-0.64539660,-1.26048480,-2.21707543,0.12736624,0.23396440,-0.37397550
5.05000000,0,body1,0.27741515,-0.48049715,-1.05255448,0.06704974,-0.11613355,-0.43095865
5.05000000,1,body2,1.40100896,-0.07096862,-2.23574042,-0.26574051,0.00707678,-0.37262531
5.05000000,2,body3,-0.90067269,1.56001085,-0.55724191,0.10547406,-0.18268643,-0.13927005
5.05000000,3,body4,-0.63904385,-1.24879366,-2.23574043,0.12674159,0.23367643,-0.37262532
5.10000000,0,body1,0.28074895,-0.48627146,-1.07420322,0.06629622,-0.11482842,-0.43498744
5.10000000,1,body2,1.38773663,-0.07060491,-2.25433805,-0.26514783,0.00747155,-0.37128055
5.10000000,2,body3,-0.89538843,1.55085825,-0.56422229,0.10589636,-0.18341787,-0.13994518
5.10000000,3,body4,-0.63272267,-1.23711762,-2.25433805,0.12610336,0.23336053,-0.37128055
5.15000000,0,body1,0.28404416,-0.49197893,-1.09605287,0.06550612,-0.11345993,-0.43899502
5.15000000,1,body2,1.37449470,-0.07022150,-2.27286857,-0.26452415,0.00786418,-0.36994146
5.15000000,2,body3,-0.89008304,1.54166904,-0.57123641,0.10631959,-0.18415094,-0.14061956
5.15000000,3,body4,-0.62643374,-1.22545807,-2.27286858,0.12545150,0.23301673,-0.36994147
5.20000000,0,body1,0.28729895,-0.49761638,-1.11810235,0.06467907,-0.11202743,-0.44298029
5.20000000,1,body2,1.36128473,-0.06981852,-2.29133229,-0.26386947,0.00825473,-0.36860834
5.20000000,2,body3,-0.88475646,1.53244313,-0.57828423,0.10674400,-0.18488604,-0.14129317
5.20000000,3,body4,-0.62017775,-1.21381641,-2.29133230,0.12478593,0.23264503,-0.36860834
5.25000000,0,body1,0.29051145,-0.50318060,-1.14035051,0.06381470,-0.11053031,-0.44694208
5.25000000,1,body2,1.34810827,-0.06939606,-2.30972951,-0.26318374,0.00864327,-0.36728145
5.25000000,2,body3,-0.87940862,1.52318040,-0.58536572,0.10716980,-0.18562355,-0.14196605
5.25000000,3,body4,-0.61395538,-1.20219403,-2.30972952,0.12410658,0.23224544,-0.36728146
5.30000000,0,body1,0.29367979,-0.50866833,-1.16279615,0.06291266,-0.10896793,-0.45087920
5.30000000,1,body2,1.33496687,-0.06895423,-2.32806055,-0.26246692,0.00902986,-0.36596110
5.30000000,2,body3,-0.87403945,1.51388072,-0.59248083,0.10759722,-0.18636386,-0.14263819
5.30000000,3,body4,-0.60776732,-1.19059233,-2.32806055,0.12341337,0.23181795,-0.36596111
5.35000000,0,body1,0.29680208,-0.51407629,-1.18543800,0.06197260,-0.10733969,-0.45479038
5.35000000,1,body2,1.32186210,-0.06849311,-2.34632573,-0.26171898,0.00941459,-0.36464759
5.35000000,2,body3,-0.86864886,1.50454396,-0.59962952,0.10802647,-0.18710733,-0.14330963
5.35000000,3,body4,-0.60161427,-1.17901270,-2.34632574,0.12270622,0.23136258,-0.36464759
5.40000000,0,body1,0.29987641,-0.51940119,-1.20827473,0.06099416,-0.10564499,-0.45867430
5.40000000,1,body2,1.30879549,-0.06801280,-2.36452542,-0.26093988,0.00979751,-0.36334123
5.40000000,2,body3,-0.86323677,1.49516993,-0.60681178,0.10845775,-0.18785434,-0.14398039
5.40000000,3,body4,-0.59549693,-1.16745654,-2.36452543,0.12198505,0.23087932,-0.36334123
5.45000000,0,body1,0.30290085,-0.52463967,-1.23130495,0.05997702,-0.10388325,-0.46252962
5.45000000,1,body2,1.29576863,-0.06751339,-2.38265998,-0.26012956,0.01017871,-0.36204234
5.45000000,2,body3,-0.85780305,1.48575846,-0.61402755,0.10889129,-0.18860525,-0.14465052
5.45000000,3,body4,-0.58941600,-1.15592523,-2.38265999,0.12124976,0.23036816,-0.36204234
5.50000000,0,body1,0.30587346,-0.52978839,-1.25452719,0.05892085,-0.10205390,-0.46635489
5.50000000,1,body2,1.28278306,-0.06699496,-2.40072979,-0.25928797,0.01055825,-0.36075125
5.50000000,2,body3,-0.85234760,1.47630934,-0.62127682,0.10932727,-0.18936039,-0.14532006
5.50000000,3,body4,-0.58337219,-1.14442019,-2.40072980,0.12050028,0.22982910,-0.36075125
5.55000000,0,body1,0.30879228,-0.53484393,-1.27793992,0.05782533,-0.10015641,-0.47014865
5.55000000,1,body2,1.26984035,-0.06645759,-2.41873524,-0.25841507,0.01093622,-0.35946831
5.55000000,2,body3,-0.84687028,1.46682234,-0.62855955,0.10976591,-0.19012013,-0.14598905
5.55000000,3,body4,-0.57736621,-1.13294279,-2.41873525,0.11973650,0.22926212,-0.35946831
5.60000000,0,body1,0.31165533,-0.53980288,-1.30154151,0.05669015,-0.09819022,-0.47390936
5.60000000,1,body2,1.25694208,-0.06590136,-2.43667676,-0.25751079,0.01131269,-0.35819387
5.60000000,2,body3,-0.84137096,1.45729724,-0.63587572,0.11020739,-0.19088480,-0.14665757
5.60000000,3,body4,-0.57139878,-1.12149444,-2.43667677,0.11895832,0.22866723,-0.35819388
5.65000000,0,body1,0.31446063,-0.54466180,-1.32533028,0.05551502,-0.09615484,-0.47763544
5.65000000,1,body2,1.24408980,-0.06532634,-2.45455478,-0.25657507,0.01168774,-0.35692830
5.65000000,2,body3,-0.83584949,1.44773378,-0.64322530,0.11065190,-0.19165472,-0.14732567
5.65000000,3,body4,-0.56547062,-1.11007653,-2.45455479,0.11816566,0.22804440,-0.35692831
5.70000000,0,body1,0.31720617,-0.54941721,-1.34930445,0.05429967,-0.09404979,-0.48132523
5.70000000,1,body2,1.23128509,-0.06473261,-2.47236974,-0.25560788,0.01206147,-0.35567197
5.70000000,2,body3,-0.83030572,1.43813168,-0.65060828,0.11109964,-0.19243022,-0.14799343
5.70000000,3,body4,-0.55958246,-1.09869046,-2.47236975,0.11735840,0.22739365,-0.35567198
5.75000000,0,body1,0.31988992,-0.55406561,-1.37346217,0.05304381,-0.09187458,-0.48497705
5.75000000,1,body2,1.21852954,-0.06412022,-2.49012213,-0.25460914,0.01243395,-0.35442527
5.75000000,2,body3,-0.82473947,1.42849066,-0.65802464,0.11155077,-0.19321161,-0.14866094
5.75000000,3,body4,-0.55373503,-1.08733763,-2.49012214,0.11653645,0.22671496,-0.35442527
5.80000000,0,body1,0.32250987,-0.55860349,-1.39780149,0.05174721,-0.08962880,-0.48858912
5.80000000,1,body2,1.20582471,-0.06348923,-2.50781244,-0.25357880,0.01280528,-0.35318858
5.80000000,2,body3,-0.81915058,1.41881041,-0.66547437,0.11200549,-0.19399920,-0.14932827
5.80000000,3,body4,-0.54792906,-1.07601943,-2.50781245,0.11569970,0.22600832,-0.35318859
5.85000000,0,body1,0.32506396,-0.56302730,-1.42232039,0.05040962,-0.08731203,-0.49215964
5.85000000,1,body2,1.19317218,-0.06283971,-2.52544117,-0.25251681,0.01317555,-0.35196232
5.85000000,2,body3,-0.81353886,1.40909063,-0.67295746,0.11246395,-0.19479328,-0.14999553
5.85000000,3,body4,-0.54216530,-1.06473727,-2.52544118,0.11484804,0.22527374,-0.35196233
5.90000000,0,body1,0.32755014,-0.56733350,-1.44701673,0.04903083,-0.08492389,-0.49568671
5.90000000,1,body2,1.18057355,-0.06217169,-2.54300885,-0.25142311,0.01354486,-0.35074691
5.90000000,2,body3,-0.80790412,1.39933097,-0.68047392,0.11292633,-0.19559414,-0.15066282
5.90000000,3,body4,-0.53644451,-1.05349253,-2.54300886,0.11398137,0.22451123,-0.35074691
5.95000000,0,body1,0.32996635,-0.57151850,-1.47188830,0.04761063,-0.08246403,-0.49916842
5.95000000,1,body2,1.16803040,-0.06148524,-2.56051605,-0.25029766,0.01391330,-0.34954277
5.95000000,2,body3,-0.80224616,1.38953110,-0.68802375,0.11339278,-0.19640207,-0.15133025
5.95000000,3,body4,-0.53076742,-1.04228661,-2.56051606,0.11309956,0.22372078,-0.34954277
6.00000000,0,body1,0.33231051,-0.57557870,-1.49693278,0.04614885,-0.07993215,-0.50260277
6.00000000,1,body2,1.15554432,-0.06078038,-2.57796332,-0.24914041,0.01428098,-0.34835034
6.00000000,2,body3,-0.79656477,1.37969064,-0.69560695,0.11386347,-0.19721732,-0.15199794
6.00000000,3,body4,-0.52513480,-1.03112091,-2.57796333,0.11220252,0.22290242,-0.34835034
6.05000000,0,body1,0.33458054,-0.57951051,-1.52214775,0.04464532,-0.07732796,-0.50598770
6.05000000,1,body2,1.14311689,-0.06005715,-2.59535128,-0.24795132,0.01464800,-0.34717007
6.05000000,2,body3,-0.79085974,1.36980924,-0.70322355,0.11433854,-0.19804016,-0.15266601
6.05000000,3,body4,-0.51954742,-1.01999683,-2.59535129,0.11129012,0.22205614,-0.34717007
6.10000000,0,body1,0.33677435,-0.58331029,-1.54753069,0.04309991,-0.07465123,-0.50932111
6.10000000,1,body2,1.13074972,-0.05931559,-2.61268054,-0.24673035,0.01501448,-0.34600242
6.10000000,2,body3,-0.78513084,1.35988650,-0.71087356,0.11481814,-0.19887085,-0.15333460
6.10000000,3,body4,-0.51400605,-1.00891576,-2.61268055,0.11036226,0.22118199,-0.34600242
6.15000000,0,body1,0.33888983,-0.58697442,-1.57307897,0.04151251,-0.07190177,-0.51260082
6.15000000,1,body2,1.11844439,-0.05855571,-2.62995174,-0.24547746,0.01538052,-0.34484787
6.15000000,2,body3,-0.77937785,1.34992202,-0.71855702,0.11530240,-0.19970961,-0.15400385
6.15000000,3,body4,-0.50851146,-0.99787910,-2.62995175,0.10941881,0.22027998,-0.34484787
6.20000000,0,body1,0.34092490,-0.59049925,-1.59878984,0.03988302,-0.06907942,-0.51582461
6.20000000,1,body2,1.10620250,-0.05777754,-2.64716555,-0.24419263,0.01574625,-0.34370689
6.20000000,2,body3,-0.77360052,1.33991540,-0.72627396,0.11579146,-0.20055669,-0.15467391
6.20000000,3,body4,-0.50306443,-0.98688823,-2.64716556,0.10845966,0.21935015,-0.34370689
6.25000000,0,body1,0.34287743,-0.59388114,-1.62466046,0.03821139,-0.06618407,-0.51899019
6.25000000,1,body2,1.09402566,-0.05698109,-2.66432267,-0.24287584,0.01611179,-0.34257999
6.25000000,2,body3,-0.76779862,1.32986621,-0.73402443,0.11628544,-0.20141229,-0.15534493
6.25000000,3,body4,-0.49766576,-0.97594455,-2.66432268,0.10748470,0.21839254,-0.34257999
6.30000000,0,body1,0.34474533,-0.59711644,-1.65068785,0.03649758,-0.06321567,-0.52209521
6.30000000,1,body2,1.08191545,-0.05616636,-2.68142379,-0.24152707,0.01647726,-0.34146766
6.30000000,2,body3,-0.76197189,1.31977402,-0.74180847,0.11678447,-0.20227663,-0.15601707
6.30000000,3,body4,-0.49231623,-0.96504944,-2.68142381,0.10649381,0.21740721,-0.34146766
6.35000000,0,body1,0.34652649,-0.60020149,-1.67686893,0.03474159,-0.06017420,-0.52513728
6.35000000,1,body2,1.06987348,-0.05533336,-2.69846968,-0.24014632,0.01684279,-0.34037042
6.35000000,2,body3,-0.75612008,1.30963839,-0.74962616,0.11728865,-0.20314990,-0.15669051
6.35000000,3,body4,-0.48701664,-0.95420429,-2.69846969,0.10548687,0.21639421,-0.34037043
6.40000000,0,body1,0.34821879,-0.60313264,-1.70320049,0.03294345,-0.05705973,-0.52811393
6.40000000,1,body2,1.05790135,-0.05448208,-2.71546110,-0.23873359,0.01720853,-0.33928881
6.40000000,2,body3,-0.75024294,1.29945888,-0.75747755,0.11779809,-0.20403228,-0.15736542
6.40000000,3,body4,-0.48176781,-0.94341048,-2.71546111,0.10446378,0.21535362,-0.33928881
6.45000000,0,body1,0.34982013,-0.60590625,-1.72967919,0.03110322,-0.05387235,-0.53102264
6.45000000,1,body2,1.04600066,-0.05361250,-2.73239883,-0.23728890,0.01757460,-0.33822335
6.45000000,2,body3,-0.74434019,1.28923501,-0.76536273,0.11831289,-0.20492393,-0.15804198
6.45000000,3,body4,-0.47657054,-0.93266938,-2.73239884,0.10342440,0.21428551,-0.33822335
6.50000000,0,body1,0.35132841,-0.60851867,-1.75630158,0.02922099,-0.05061223,-0.53386085
6.50000000,1,body2,1.03417300,-0.05272461,-2.74928371,-0.23581226,0.01794115,-0.33717459
6.50000000,2,body3,-0.73841156,1.27896633,-0.77328178,0.11883313,-0.20582502,-0.15872039
6.50000000,3,body4,-0.47142564,-0.92198238,-2.74928372,0.10236863,0.21318998,-0.33717459
6.55000000,0,body1,0.35274153,-0.61096626,-1.78306406,0.02729689,-0.04727960,-0.53662593
6.55000000,1,body2,1.02241996,-0.05181838,-2.76611658,-0.23430370,0.01830834,-0.33614310
6.55000000,2,body3,-0.73245678,1.26865235,-0.78123480,0.11935890,-0.20673568,-0.15940083
6.55000000,3,body4,-0.46633395,-0.91135084,-2.76611659,0.10129636,0.21206713,-0.33614310
6.60000000,0,body1,0.35405741,-0.61324542,-1.80996291,0.02533110,-0.04387475,-0.53931520
6.60000000,1,body2,1.01074316,-0.05089376,-2.78289832,-0.23276329,0.01867632,-0.33512944
6.60000000,2,body3,-0.72647558,1.25829260,-0.78922190,0.11989027,-0.20765603,-0.16008352
6.60000000,3,body4,-0.46129628,-0.90077612,-2.78289833,0.10020747,0.21091708,-0.33512944
6.65000000,0,body1,0.35527395,-0.61535254,-1.83699427,0.02332382,-0.04039803,-0.54192593
6.65000000,1,body2,0.99914417,-0.04995073,-2.79962983,-0.23119106,0.01904525,-0.33413419
6.65000000,2,body3,-0.72046766,1.24788658,-0.79724319,0.12042729,-0.20858620,-0.16076866
6.65000000,3,body4,-0.45631348,-0.89025958,-2.79962984,0.09910186,0.20973996,-0.33413419
6.70000000,0,body1,0.35638910,-0.61728404,-1.86415415,0.02127530,-0.03684990,-0.54445533
6.70000000,1,body2,0.98762458,-0.04898922,-2.81631205,-0.22958709,0.01941530,-0.33315794
6.70000000,2,body3,-0.71443275,1.23743381,-0.80529881,0.12097004,-0.20952626,-0.16145646
6.70000000,3,body4,-0.45138638,-0.87980257,-2.81631207,0.09797940,0.20853591,-0.33315794
6.75000000,0,body1,0.35740080,-0.61903635,-1.89143840,0.01918584,-0.03323085,-0.54690057
6.75000000,1,body2,0.97618598,-0.04800918,-2.83294595,-0.22795147,0.01978664,-0.33220128
6.75000000,2,body3,-0.70837056,1.22693379,-0.81338889,0.12151854,-0.21047630,-0.16214714
6.75000000,3,body4,-0.44651582,-0.86940644,-2.83294596,0.09684000,0.20730508,-0.33220129
6.80000000,0,body1,0.35830701,-0.62060595,-1.91884275,0.01705578,-0.02954148,-0.54925878
6.80000000,1,body2,0.96482996,-0.04701053,-2.84953252,-0.22628429,0.02015944,-0.33126484
6.80000000,2,body3,-0.70228080,1.21638602,-0.82151357,0.12207284,-0.21143637,-0.16284093
6.80000000,3,body4,-0.44170266,-0.85907251,-2.84953253,0.09568356,0.20604767,-0.33126484
6.85000000,0,body1,0.35910571,-0.62198934,-1.94636278,0.01488551,-0.02578245,-0.55152703
6.85000000,1,body2,0.95355808,-0.04599321,-2.86607278,-0.22458566,0.02053390,-0.33034921
6.85000000,2,body3,-0.69616318,1.20578999,-0.82967304,0.12263295,-0.21240651,-0.16353806
6.85000000,3,body4,-0.43694775,-0.84880211,-2.86607279,0.09450996,0.20476384,-0.33034921
6.90000000,0,body1,0.35979489,-0.62318305,-1.97399391,0.01267546,-0.02195453,-0.55370237
6.90000000,1,body2,0.94237191,-0.04495711,-2.88256780,-0.22285573,0.02091019,-0.32945503
6.90000000,2,body3,-0.69001741,1.19514520,-0.83786744,0.12319889,-0.21338675,-0.16423876
6.90000000,3,body4,-0.43225195,-0.83859656,-2.88256781,0.09331910,0.20345382,-0.32945503
6.95000000,0,body1,0.36037260,-0.62418366,-2.00173142,0.01042611,-0.01805856,-0.55578177
6.95000000,1,body2,0.93127303,-0.04390215,-2.89901865,-0.22109462,0.02128853,-0.32858293
6.95000000,2,body3,-0.68384319,1.18445114,-0.84609697,0.12377066,-0.21437708,-0.16494326
6.95000000,3,body4,-0.42761613,-0.82845716,-2.89901867,0.09211090,0.20211783,-0.32858293
7.00000000,0,body1,0.36083686,-0.62498778,-2.02957044,0.00813802,-0.01409546,-0.55776222
7.00000000,1,body2,0.92026297,-0.04282822,-2.91542647,-0.21930251,0.02166911,-0.32773354
7.00000000,2,body3,-0.67764024,1.17370732,-0.85436183,0.12434825,-0.21537749,-0.16565180
7.00000000,3,body4,-0.42304115,-0.81838521,-2.91542648,0.09088525,0.20075610,-0.32773355
7.05000000,0,body1,0.36118576,-0.62559210,-2.05750594,0.00581178,-0.01006629,-0.55964062
7.05000000,1,body2,0.90934329,-0.04173520,-2.93179240,-0.21747958,0.02205215,-0.32690752
7.05000000,2,body3,-0.67140827,1.16291323,-0.86266223,0.12493162,-0.21638792,-0.16636464
7.05000000,3,body4,-0.41852790,-0.80838198,-2.93179241,0.08964207,0.19936892,-0.32690753
7.10000000,0,body1,0.36141741,-0.62599333,-2.08553274,0.00344803,-0.00597216,-0.56141387
7.10000000,1,body2,0.89851552,-0.04062296,-2.94811762,-0.21562603,0.02243785,-0.32610553
7.10000000,2,body3,-0.66514699,1.15206836,-0.87099837,0.12552075,-0.21740833,-0.16708201
7.10000000,3,body4,-0.41407724,-0.79844874,-2.94811763,0.08838127,0.19795655,-0.32610553
7.15000000,0,body1,0.36152995,-0.62618825,-2.11364552,0.00104749,-0.00181431,-0.56307885
7.15000000,1,body2,0.88778119,-0.03949137,-2.96440336,-0.21374209,0.02282646,-0.32532821
7.15000000,2,body3,-0.65885610,1.14117223,-0.87937051,0.12611559,-0.21843862,-0.16780416
7.15000000,3,body4,-0.40969006,-0.78858674,-2.96440337,0.08710275,0.19651931,-0.32532821
7.20000000,0,body1,0.36152156,-0.62617372,-2.14183877,-0.00138906,0.00240592,-0.56463240
7.20000000,1,body2,0.87714182,-0.03834026,-2.98065086,-0.21182799,0.02321819,-0.32457623
7.20000000,2,body3,-0.65253533,1.13022434,-0.88777887,0.12671607,-0.21947867,-0.16853134
7.20000000,3,body4,-0.40536726,-0.77879721,-2.98065088,0.08580645,0.19505752,-0.32457623
7.25000000,0,body1,0.36139046,-0.62594665,-2.17010685,-0.00386078,0.00668708,-0.56607135
7.25000000,1,body2,0.86659889,-0.03716949,-2.99686142,-0.20988399,0.02361330,-0.32385027
7.25000000,2,body3,-0.64618440,1.11922420,-0.89622373,0.12732210,-0.22052836,-0.16926379
7.25000000,3,body4,-0.40110972,-0.76908139,-2.99686143,0.08449228,0.19357152,-0.32385027
7.30000000,0,body1,0.36113491,-0.62550402,-2.19844394,-0.00636679,0.01102761,-0.56739251
7.30000000,1,body2,0.85615391,-0.03597887,-3.01303633,-0.20791038,0.02401202,-0.32315099
7.30000000,2,body3,-0.63980303,1.10817135,-0.90470534,0.12793361,-0.22158751,-0.17000177
7.30000000,3,body4,-0.39691833,-0.75944046,-3.01303635,0.08316017,0.19206169,-0.32315099
7.35000000,0,body1,0.36075323,-0.62484292,-2.22684409,-0.00890610,0.01542583,-0.56859270
7.35000000,1,body2,0.84580834,-0.03476822,-3.02917697,-0.20590747,0.02441462,-0.32247907
7.35000000,2,body3,-0.63339095,1.09706530,-0.91322400,0.12855047,-0.22265594,-0.17074551
7.35000000,3,body4,-0.39279400,-0.74987561,-3.02917699,0.08181005,0.19052841,-0.32247907
7.40000000,0,body1,0.36024376,-0.62396051,-2.25530114,-0.01147769,0.01987995,-0.56966872
7.40000000,1,body2,0.83556365,-0.03353734,-3.04528471,-0.20387557,0.02482136,-0.32183518
7.40000000,2,body3,-0.62694790,1.08590560,-0.92178000,0.12917256,-0.22373344,-0.17149527
7.40000000,3,body4,-0.38873763,-0.74038800,-3.04528472,0.08044186,0.18897211,-0.32183519
7.45000000,0,body1,0.35960494,-0.62285403,-2.28380883,-0.01408045,0.02438805,-0.57061738
7.45000000,1,body2,0.82542126,-0.03228601,-3.06136097,-0.20181505,0.02523250,-0.32122001
7.45000000,2,body3,-0.62047361,1.07469181,-0.93037363,0.12979974,-0.22481975,-0.17225127
7.45000000,3,body4,-0.38475012,-0.73097878,-3.06136098,0.07905554,0.18739322,-0.32122002
7.50000000,0,body1,0.35883522,-0.62152084,-2.31236071,-0.01671319,0.02894809,-0.57143550
7.50000000,1,body2,0.81538261,-0.03101401,-3.07740720,-0.19972627,0.02564834,-0.32063424
7.50000000,2,body3,-0.61396784,1.06342348,-0.93900523,0.13043185,-0.22591460,-0.17301377
7.50000000,3,body4,-0.38083238,-0.72164905,-3.07740722,0.07765102,0.18579220,-0.32063424
7.55000000,0,body1,0.35793314,-0.61995839,-2.34095016,-0.01937466,0.03355790,-0.57211991
7.55000000,1,body2,0.80544910,-0.02972110,-3.09342489,-0.19760964,0.02606917,-0.32007853
7.55000000,2,body3,-0.60743035,1.05210021,-0.94767512,0.13106871,-0.22701768,-0.17378298
7.55000000,3,body4,-0.37698532,-0.71239992,-3.09342491,0.07622826,0.18416956,-0.32007853
7.60000000,0,body1,0.35689730,-0.61816426,-2.36957042,-0.02206354,0.03821518,-0.57266747
7.60000000,1,body2,0.79562211,-0.02840701,-3.10941556,-0.19546556,0.02649528,-0.31955356
7.60000000,2,body3,-0.60086089,1.04072158,-0.95638365,0.13171014,-0.22812865,-0.17455914
7.60000000,3,body4,-0.37320986,-0.70323245,-3.10941558,0.07478720,0.18252579,-0.31955357
7.65000000,0,body1,0.35572635,-0.61613612,-2.39821457,-0.02477842,0.04291749,-0.57307507
7.65000000,1,body2,0.78590299,-0.02707148,-3.12538077,-0.19329449,0.02692698,-0.31906001
7.65000000,2,body3,-0.59425926,1.02928722,-0.96513115,0.13235590,-0.22924716,-0.17534245
7.65000000,3,body4,-0.36950691,-0.69414768,-3.12538079,0.07332780,0.18086143,-0.31906001
7.70000000,0,body1,0.35441905,-0.61387180,-2.42687554,-0.02751782,0.04766227,-0.57333962
7.70000000,1,body2,0.77629310,-0.02571421,-3.14132210,-0.19109688,0.02736459,-0.31859853
7.70000000,2,body3,-0.58762523,1.01779675,-0.97391801,0.13300578,-0.23037278,-0.17613313
7.70000000,3,body4,-0.36587738,-0.68514664,-3.14132212,0.07185001,0.17917705,-0.31859853
7.75000000,0,body1,0.35297419,-0.61136923,-2.45554610,-0.03028018,0.05244681,-0.57345811
7.75000000,1,body2,0.76679374,-0.02433491,-3.15724117,-0.18887323,0.02780844,-0.31816979
7.75000000,2,body3,-0.58095862,1.00624983,-0.98274459,0.13365953,-0.23150509,-0.17693137
7.75000000,3,body4,-0.36232221,-0.67623030,-3.15724119,0.07035380,0.17747324,-0.31816979
7.80000000,0,body1,0.35139067,-0.60862650,-2.48421887,-0.03306385,0.05726827,-0.57342756
7.80000000,1,body2,0.75740620,-0.02293326,-3.17313964,-0.18662405,0.02825887,-0.31777443
7.80000000,2,body3,-0.57425922,0.99464614,-0.99161128,0.13431686,-0.23264362,-0.17773736
7.80000000,3,body4,-0.35884231,-0.66739963,-3.17313965,0.06883912,0.17575061,-0.31777444
7.85000000,0,body1,0.34966748,-0.60564184,-2.51288632,-0.03586711,0.06212366,-0.57324504
7.85000000,1,body2,0.74813175,-0.02150891,-3.18901918,-0.18434988,0.02871623,-0.31741311
7.85000000,2,body3,-0.56752688,0.98298537,-1.00051846,0.13497748,-0.23378786,-0.17855126
7.85000000,3,body4,-0.35543861,-0.65865554,-3.18901920,0.06730595,0.17400980,-0.31741311
7.90000000,0,body1,0.34780366,-0.60241362,-2.54154079,-0.03868815,0.06700985,-0.57290773
7.90000000,1,body2,0.73897162,-0.02006151,-3.20488152,-0.18205126,0.02918088,-0.31708645
7.90000000,2,body3,-0.56076142,0.97126727,-1.00946654,0.13564109,-0.23493727,-0.17937324
7.90000000,3,body4,-0.35211203,-0.64999894,-3.20488154,0.06575424,0.17225146,-0.31708645
7.95000000,0,body1,0.34579840,-0.59894040,-2.57017447,-0.04152510,0.07192358,-0.57241285
7.95000000,1,body2,0.72992702,-0.01859069,-3.22072841,-0.17972878,0.02965319,-0.31679507
7.95000000,2,body3,-0.55396272,0.95949157,-1.01845592,0.13630735,-0.23609127,-0.18020343
7.95000000,3,body4,-0.34886349,-0.64143067,-3.22072843,0.06418397,0.17047629,-0.31679507
8.00000000,0,body1,0.34365092,-0.59522086,-2.59877941,-0.04437597,0.07686144,-0.57175775
8.00000000,1,body2,0.72099913,-0.01709606,-3.23656163,-0.17738303,0.03013354,-0.31653958
8.00000000,2,body3,-0.54713065,0.94765807,-1.02748702,0.13697591,-0.23724925,-0.18104196
8.00000000,3,body4,-0.34569394,-0.63295158,-3.23656165,0.06259511,0.16868499,-0.31653959
8.05000000,0,body1,0.34136060,-0.59125391,-2.62734753,-0.04723871,0.08181986,-0.57093985
8.05000000,1,body2,0.71218910,-0.01557720,-3.25238298,-0.17501464,0.03062233,-0.31632058
8.05000000,2,body3,-0.54026510,0.93576659,-1.03656026,0.13764639,-0.23841055,-0.18188892
8.05000000,3,body4,-0.34260429,-0.62456243,-3.25238300,0.06098761,0.16687829,-0.31632058
8.10000000,0,body1,0.33892689,-0.58703860,-2.65587064,-0.05011120,0.08679515,-0.56995669
8.10000000,1,body2,0.70349803,-0.01403368,-3.26819430,-0.17262423,0.03111996,-0.31613863
8.10000000,2,body3,-0.53336599,0.92381697,-1.04567606,0.13831839,-0.23957449,-0.18274439
8.10000000,3,body4,-0.33959549,-0.61626399,-3.26819432,0.05936144,0.16505696,-0.31613863
8.15000000,0,body1,0.33634936,-0.58257418,-2.68434041,-0.05299121,0.09178347,-0.56880594
8.15000000,1,body2,0.69492703,-0.01246505,-3.28399747,-0.17021247,0.03162685,-0.31599430
8.15000000,2,body3,-0.52643324,0.91180911,-1.05483484,0.13899149,-0.24074034,-0.18360843
8.15000000,3,body4,-0.33666846,-0.60805697,-3.28399749,0.05771658,0.16322175,-0.31599430
8.20000000,0,body1,0.33362768,-0.57786010,-2.71274840,-0.05587643,0.09678083,-0.56748539
8.20000000,1,body2,0.68647713,-0.01087083,-3.29979437,-0.16778001,0.03214344,-0.31588812
8.20000000,2,body3,-0.51946682,0.89974292,-1.06403704,0.13966526,-0.24190734,-0.18448106
8.20000000,3,body4,-0.33382414,-0.59994203,-3.29979439,0.05605297,0.16137348,-0.31588812
8.25000000,0,body1,0.33076166,-0.57289601,-2.74108608,-0.05876450,0.10178311,-0.56599299
8.25000000,1,body2,0.67814936,-0.00925054,-3.31558693,-0.16532755,0.03267017,-0.31582061
8.25000000,2,body3,-0.51246671,0.88761837,-1.07328309,0.14033923,-0.24307468,-0.18536228
8.25000000,3,body4,-0.33106348,-0.59191982,-3.31558694,0.05437058,0.15951295,-0.31582061
8.30000000,0,body1,0.32775122,-0.56768178,-2.76934480,-0.06165296,0.10678606,-0.56432683
8.30000000,1,body2,0.66994470,-0.00760364,-3.33137708,-0.16285578,0.03320750,-0.31579226
8.30000000,2,body3,-0.50543291,0.87543546,-1.08257341,0.14101291,-0.24424154,-0.18625206
8.30000000,3,body4,-0.32838740,-0.58399093,-3.33137710,0.05266935,0.15764100,-0.31579226
8.35000000,0,body1,0.32459640,-0.56221747,-2.79751584,-0.06453926,0.11178528,-0.56248516
8.35000000,1,body2,0.66186409,-0.00592960,-3.34716681,-0.16036541,0.03375591,-0.31580354
8.35000000,2,body3,-0.49836543,0.86319424,-1.09190844,0.14168581,-0.24540703,-0.18715033
8.35000000,3,body4,-0.32579686,-0.57615590,-3.34716683,0.05094923,0.15575848,-0.31580354
8.40000000,0,body1,0.32129738,-0.55650339,-2.82559037,-0.06742079,0.11677624,-0.56046643
8.40000000,1,body2,0.65390846,-0.00422786,-3.36295811,-0.15785716,0.03431588,-0.31585489
8.40000000,2,body3,-0.49126435,0.85089480,-1.10128859,0.14235740,-0.24657025,-0.18805700
8.40000000,3,body4,-0.32329279,-0.56841524,-3.36295812,0.04921016,0.15386626,-0.31585489
8.45000000,0,body1,0.31785445,-0.55054006,-2.85355951,-0.07029486,0.12175428,-0.55826926
8.45000000,1,body2,0.64607866,-0.00249781,-3.37875298,-0.15533175,0.03488791,-0.31594672
8.45000000,2,body3,-0.48412973,0.83853727,-1.11071427,0.14302713,-0.24773026,-0.18897192
8.45000000,3,body4,-0.32087616,-0.56076942,-3.37875300,0.04745206,0.15196521,-0.31594673
8.50000000,0,body1,0.31426806,-0.54432825,-2.88141430,-0.07315872,0.12671462,-0.55589247
8.50000000,1,body2,0.63837555,-0.00073886,-3.39455346,-0.15278992,0.03547254,-0.31607942
8.50000000,2,body3,-0.47696168,0.82612184,-1.12018591,0.14369444,-0.24888608,-0.18989492
8.50000000,3,body4,-0.31854790,-0.55321885,-3.39455348,0.04567484,0.15005623,-0.31607942
8.55000000,0,body1,0.31053880,-0.53786897,-2.90914574,-0.07600953,0.13165237,-0.55333511
8.55000000,1,body2,0.63079993,0.00104966,-3.41036161,-0.15023240,0.03607028,-0.31625333
8.55000000,2,body3,-0.46976033,0.81364875,-1.12970390,0.14435875,-0.25003669,-0.19082578
8.55000000,3,body4,-0.31630899,-0.54576391,-3.41036163,0.04387841,0.14814022,-0.31625333
8.60000000,0,body1,0.30666738,-0.53116348,-2.93674479,-0.07884440,0.13656252,-0.55059643
8.60000000,1,body2,0.62335256,0.00286840,-3.42617948,-0.14765992,0.03668170,-0.31646877
8.60000000,2,body3,-0.46252586,0.80111827,-1.13926862,0.14501945,-0.25118106,-0.19176424
8.60000000,3,body4,-0.31416039,-0.53840493,-3.42617950,0.04206267,0.14621810,-0.31646878
8.65000000,0,body1,0.30265467,-0.52421327,-2.96420236,-0.08166038,0.14143993,-0.54767592
8.65000000,1,body2,0.61603418,0.00471807,-3.44200918,-0.14507321,0.03730737,-0.31672603
8.65000000,2,body3,-0.45525846,0.78853076,-1.14888044,0.14567593,-0.25231812,-0.19270998
8.65000000,3,body4,-0.31210305,-0.53114219,-3.44200920,0.04022747,0.14429079,-0.31672603
8.70000000,0,body1,0.29850170,-0.51702011,-2.99150935,-0.08445444,0.14627939,-0.54457334
8.70000000,1,body2,0.60884547,0.00659938,-3.45785279,-0.14247303,0.03794788,-0.31702534
8.70000000,2,body3,-0.44795835,0.77588660,-1.15853973,0.14632756,-0.25344678,-0.19366266
8.70000000,3,body4,-0.31013796,-0.52397593,-3.45785281,0.03837268,0.14235921,-0.31702534
8.75000000,0,body1,0.29420964,-0.50958605,-3.01865665,-0.08722352,0.15107558,-0.54128866
8.75000000,1,body2,0.60178709,0.00851311,-3.47371242,-0.13986008,0.03860383,-0.31736691
8.75000000,2,body3,-0.44062579,0.76318624,-1.16824682,0.14697370,-0.25456592,-0.19462186
8.75000000,3,body4,-0.30826611,-0.51690633,-3.47371244,0.03649814,0.14042430,-0.31736691
8.80000000,0,body1,0.28977982,-0.50191337,-3.04563518,-0.08996450,0.15582309,-0.53782215
8.80000000,1,body2,0.59485966,0.01046004,-3.48959019,-0.13723508,0.03927584,-0.31775090
8.80000000,2,body3,-0.43326108,0.75043019,-1.17800202,0.14761367,-0.25567439,-0.19558712
8.80000000,3,body4,-0.30648848,-0.50993354,-3.48959021,0.03460366,0.13848700,-0.31775090
8.85000000,0,body1,0.28521371,-0.49400464,-3.07243585,-0.09267421,0.16051645,-0.53417436
8.85000000,1,body2,0.58806377,0.01244097,-3.50548822,-0.13459876,0.03996457,-0.31817743
8.85000000,2,body3,-0.42586454,0.73761900,-1.18780562,0.14824682,-0.25677103,-0.19655795
8.85000000,3,body4,-0.30480608,-0.50305765,-3.50548824,0.03268904,0.13654824,-0.31817743
8.90000000,0,body1,0.28051297,-0.48586272,-3.09904961,-0.09534944,0.16515009,-0.53034611
8.90000000,1,body2,0.58139996,0.01445678,-3.52140864,-0.13195179,0.04067068,-0.31864659
8.90000000,2,body3,-0.41843652,0.72475330,-1.19765790,0.14887246,-0.25785468,-0.19753377
8.90000000,3,body4,-0.30321992,-0.49627872,-3.52140866,0.03075405,0.13460896,-0.31864659
8.95000000,0,body1,0.27567940,-0.47749072,-3.12546747,-0.09798696,0.16971840,-0.52633852
8.95000000,1,body2,0.57486876,0.01650834,-3.53735359,-0.12929488,0.04139485,-0.31915839
8.95000000,2,body3,-0.41097743,0.71183377,-1.20755907,0.14948992,-0.25892414,-0.19851397
8.95000000,3,body4,-0.30173102,-0.48959675,-3.53735361,0.02879844,0.13267009,-0.31915839
9.00000000,0,body1,0.27071496,-0.46889206,-3.15168050,-0.10058349,0.17421573,-0.52215301
9.00000000,1,body2,0.56847063,0.01859658,-3.55332519,-0.12662868,0.04213779,-0.31971281
9.00000000,2,body3,-0.40348768,0.69886114,-1.21750935,0.15009849,-0.25997822,-0.19949787
9.00000000,3,body4,-0.30034042,-0.48301169,-3.55332521,0.02682194,0.13073256,-0.31971281
9.05000000,0,body1,0.26562179,-0.46007043,-3.17767983,-0.10313575,0.17863636,-0.51779135
9.05000000,1,body2,0.56220603,0.02072245,-3.56932558,-0.12395386,0.04290022,-0.32030979
9.05000000,2,body3,-0.39596774,0.68583622,-1.22750891,0.15069749,-0.26101572,-0.20048475
9.05000000,3,body4,-0.29904918,-0.47652345,-3.56932560,0.02482424,0.12879731,-0.32030979
9.10000000,0,body1,0.26040218,-0.45102980,-3.20345673,-0.10564042,0.18297458,-0.51325559
9.10000000,1,body2,0.55607538,0.02288694,-3.58535687,-0.12127103,0.04368290,-0.32094920
9.10000000,2,body3,-0.38841810,0.67275987,-1.23755787,0.15128623,-0.26203544,-0.20147381
9.10000000,3,body4,-0.29785836,-0.47013190,-3.58535689,0.02280501,0.12686525,-0.32094920
9.15000000,0,body1,0.25505859,-0.44177444,-3.22900253,-0.10809418,0.18722463,-0.50854813
9.15000000,1,body2,0.55007905,0.02509109,-3.60142120,-0.11858082,0.04448658,-0.32163086
9.15000000,2,body3,-0.38083930,0.65963300,-1.24765631,0.15186401,-0.26303619,-0.20246422
9.15000000,3,body4,-0.29676904,-0.46383686,-3.60142122,0.02076390,0.12493730,-0.32163086
9.20000000,0,body1,0.24959366,-0.43230890,-3.25430873,-0.11049373,0.19138076,-0.50367171
9.20000000,1,body2,0.54421741,0.02733596,-3.61752066,-0.11588382,0.04531204,-0.32235453
9.20000000,2,body3,-0.37323190,0.64645658,-1.25780430,0.15243016,-0.26401678,-0.20345508
9.20000000,3,body4,-0.29578234,-0.45763809,-3.61752068,0.01870052,0.12301436,-0.32235453
9.25000000,0,body1,0.24401018,-0.42263802,-3.27936694,-0.11283574,0.19543724,-0.49862942
9.25000000,1,body2,0.53849077,0.02962267,-3.63365735,-0.11318059,0.04616010,-0.32311992
9.25000000,2,body3,-0.36559649,0.63323167,-1.26800181,0.15298399,-0.26497605,-0.20444545
9.25000000,3,body4,-0.29489937,-0.45153533,-3.63365737,0.01661447,0.12109733,-0.32311992
9.30000000,0,body1,0.23831110,-0.41276693,-3.30416896,-0.11511691,0.19938835,-0.49342469
9.30000000,1,body2,0.53289944,0.03195236,-3.64983334,-0.11047169,0.04703158,-0.32392666
9.30000000,2,body3,-0.35793371,0.61995935,-1.27824882,0.15352485,-0.26591285,-0.20543433
9.30000000,3,body4,-0.29412128,-0.44552824,-3.64983336,0.01450530,0.11918709,-0.32392666
9.35000000,0,body1,0.23249956,-0.40270104,-3.32870676,-0.11733398,0.20322841,-0.48806131
9.35000000,1,body2,0.52744369,0.03432623,-3.66605070,-0.10775765,0.04792731,-0.32477434
9.35000000,2,body3,-0.35024423,0.60664078,-1.28854520,0.15405208,-0.26682604,-0.20642067
9.35000000,3,body4,-0.29344923,-0.43961649,-3.66605072,0.01237255,0.11728453,-0.32477434
9.40000000,0,body1,0.22657883,-0.39244604,-3.35297252,-0.11948368,0.20695182,-0.48254343
9.40000000,1,body2,0.52212376,0.03674551,-3.68231145,-0.10503896,0.04884814,-0.32566245
9.40000000,2,body3,-0.34252874,0.59327716,-1.29889082,0.15456506,-0.26771454,-0.20740338
9.40000000,3,body4,-0.29288442,-0.43379965,-3.68231147,0.01021574,0.11539049,-0.32566245
9.45000000,0,body1,0.22055236,-0.38200789,-3.37695861,-0.12156283,0.21055300,-0.47687558
9.45000000,1,body2,0.51693986,0.03921148,-3.69861761,-0.10231612,0.04979495,-0.32659044
9.45000000,2,body3,-0.33478797,0.57986976,-1.30928546,0.15506317,-0.26857729,-0.20838134
9.45000000,3,body4,-0.29242807,-0.42807728,-3.69861763,0.00803436,0.11350585,-0.32659044
9.50000000,0,body1,0.21442377,-0.37139286,-3.40065765,-0.12356826,0.21402651,-0.47106263
9.50000000,1,body2,0.51189221,0.04172545,-3.71497115,-0.09958958,0.05076860,-0.32755767
9.50000000,2,body3,-0.32702268,0.56641988,-1.31972886,0.15554582,-0.26941328,-0.20935336
9.50000000,3,body4,-0.29208140,-0.42244889,-3.71497117,0.00582789,0.11163143,-0.32755766
9.55000000,0,body1,0.20819682,-0.36060746,-3.42406254,-0.12549687,0.21736697,-0.46510984
9.55000000,1,body2,0.50698096,0.04428880,-3.73137402,-0.09685980,0.05176999,-0.32856342
9.55000000,2,body3,-0.31923366,0.55292889,-1.33022068,0.15601247,-0.27022154,-0.21031824
9.55000000,3,body4,-0.29184570,-0.41691396,-3.73137404,0.00359577,0.10976806,-0.32856342
9.60000000,0,body1,0.20187542,-0.34965847,-3.44716640,-0.12734565,0.22056915,-0.45902284
9.60000000,1,body2,0.50220627,0.04690293,-3.74782812,-0.09412720,0.05280001,-0.32960691
9.60000000,2,body3,-0.31142171,0.53939820,-1.34076054,0.15646258,-0.27100115,-0.21127477
9.60000000,3,body4,-0.29172226,-0.41147189,-3.74782814,0.00133745,0.10791657,-0.32960690
9.65000000,0,body1,0.19546363,-0.33855294,-3.46996268,-0.12911165,0.22362794,-0.45280761
9.65000000,1,body2,0.49756828,0.04956929,-3.76433532,-0.09139219,0.05385954,-0.33068726
9.65000000,2,body3,-0.30358768,0.52582927,-1.35134800,0.15689565,-0.27175126,-0.21222169
9.65000000,3,body4,-0.29171241,-0.40612209,-3.76433534,-0.00094764,0.10607774,-0.33068725
9.70000000,0,body1,0.18896568,-0.32729815,-3.49244513,-0.13079201,0.22653842,-0.44647052
9.70000000,1,body2,0.49306709,0.05228939,-3.78089744,-0.08865518,0.05494948,-0.33180350
9.70000000,2,body3,-0.29573244,0.51222358,-1.36198253,0.15731124,-0.27247108,-0.21315774
9.70000000,3,body4,-0.29181748,-0.40086389,-3.78089746,-0.00326006,0.10425239,-0.33180350
9.75000000,0,body1,0.18238591,-0.31590165,-3.51460782,-0.13238400,0.22929582,-0.44001830
9.75000000,1,body2,0.48870279,0.05506476,-3.79751625,-0.08591654,0.05607070,-0.33295460
9.75000000,2,body3,-0.28785686,0.49858268,-1.37266357,0.15770893,-0.27315988,-0.21408165
9.75000000,3,body4,-0.29203888,-0.39569661,-3.79751627,-0.00560039,0.10244127,-0.33295459
9.80000000,0,body1,0.17572880,-0.30437120,-3.53644516,-0.13388497,0.23189558,-0.43345803
9.80000000,1,body2,0.48447545,0.05789700,-3.81419346,-0.08317666,0.05722409,-0.33413941
9.80000000,2,body3,-0.27996185,0.48490812,-1.38339047,0.15808833,-0.27381704,-0.21499217
9.80000000,3,body4,-0.29237800,-0.39061951,-3.81419348,-0.00796919,0.10064516,-0.33413940
9.85000000,0,body1,0.16899897,-0.29271479,-3.55795194,-0.13529242,0.23433336,-0.42679715
9.85000000,1,body2,0.48038514,0.06078772,-3.83093074,-0.08043593,0.05841048,-0.33535670
9.85000000,2,body3,-0.27204834,0.47120151,-1.39416254,0.15844914,-0.27444197,-0.21588802
9.85000000,3,body4,-0.29283628,-0.38563183,-3.83093075,-0.01036700,0.09886481,-0.33535670
9.90000000,0,body1,0.16220115,-0.28094063,-3.57912333,-0.13660399,0.23660506,-0.42004345
9.90000000,1,body2,0.47643187,0.06373861,-3.84772965,-0.07769470,0.05963072,-0.33660514
9.90000000,2,body3,-0.26411725,0.45746447,-1.40497901,0.15879107,-0.27503420,-0.21676800
9.90000000,3,body4,-0.29341519,-0.38073276,-3.84772967,-0.01279437,0.09710095,-0.33660514
9.95000000,0,body1,0.15534020,-0.26905711,-3.59995488,-0.13781747,0.23870687,-0.41320504
9.95000000,1,body2,0.47261567,0.06675137,-3.86459175,-0.07495335,0.06088559,-0.33788331
9.95000000,2,body3,-0.25616955,0.44369864,-1.41583906,0.15911388,-0.27559334,-0.21763088
9.95000000,3,body4,-0.29411622,-0.37592145,-3.86459176,-0.01525180,0.09535432,-0.33788330
10.00000000,0,body1,0.14842107,-0.25707283,-3.62044256,-0.13893081,0.24063523,-0.40629036
10.00000000,1,body2,0.46893653,0.06982776,-3.88151846,-0.07221227,0.06217587,-0.33918966
10.00000000,2,body3,-0.24820618,0.42990569,-1.42674179,0.15941742,-0.27611909,-0.21847551
10.00000000,3,body4,-0.29494088,-0.37119703,-3.88151847,-0.01773975,0.09362561,-0.33918965
10.05000000,0,body1,0.14144882,-0.24499654,-3.64058279,-0.13994214,0.24238691,-0.39930816
10.05000000,1,body2,0.46539443,0.07296956,-3.89851115,-0.06947183,0.06350226,-0.34052258
10.05000000,2,body3,-0.24022813,0.41608729,-1.43768628,0.15970156,-0.27661123,-0.21930077
10.05000000,3,body4,-0.29589071,-0.36655858,-3.89851117,-0.02025866,0.09191552,-0.34052257
10.10000000,0,body1,0.13442859,-0.23283713,-3.66037240,-0.14084980,0.24395901,-0.39226750
10.10000000,1,body2,0.46198933,0.07617860,-3.91557113,-0.06673244,0.06486544,-0.34188032
10.10000000,2,body3,-0.23223635,0.40224513,-1.44867153,0.15996624,-0.27706966,-0.22010563
10.10000000,3,body4,-0.29696727,-0.36200515,-3.91557114,-0.02280890,0.09022472,-0.34188031
10.15000000,0,body1,0.12736560,-0.22060367,-3.67980872,-0.14165230,0.24534898,-0.38517767
10.15000000,1,body2,0.45872116,0.07945672,-3.93269957,-0.06399449,0.06626601,-0.34326105
10.15000000,2,body3,-0.22423183,0.38838089,-1.45969649,0.16021145,-0.27749438,-0.22088908
10.15000000,3,body4,-0.29817213,-0.35753577,-3.93269958,-0.02539081,0.08855388,-0.34326104
10.20000000,0,body1,0.12026513,-0.20830531,-3.69888951,-0.14234839,0.24655465,-0.37804824
10.20000000,1,body2,0.45558985,0.08280583,-3.94989758,-0.06125843,0.06770452,-0.34466282
10.20000000,2,body3,-0.21621553,0.37449625,-1.47076007,0.16043725,-0.27788548,-0.22165025
10.20000000,3,body4,-0.29950688,-0.35314942,-3.94989760,-0.02800463,0.08690363,-0.34466281
10.25000000,0,body1,0.11313255,-0.19595131,-3.71761304,-0.14293706,0.24757425,-0.37088900
10.25000000,1,body2,0.45259528,0.08622782,-3.96716617,-0.05852468,0.06918143,-0.34608359
10.25000000,2,body3,-0.20818843,0.36059290,-1.48186113,0.16064375,-0.27824316,-0.22238833
10.25000000,3,body4,-0.30097312,-0.34884506,-3.96716618,-0.03065054,0.08527459,-0.34608358
10.30000000,0,body1,0.10597323,-0.18355101,-3.73597808,-0.14341751,0.24840642,-0.36370994
10.30000000,1,body2,0.44973733,0.08972462,-3.98450622,-0.05579371,0.07069713,-0.34752121
10.30000000,2,body3,-0.20015147,0.34667249,-1.49299850,0.16083113,-0.27856770,-0.22310262
10.30000000,3,body4,-0.30257247,-0.34462160,-3.98450623,-0.03332866,0.08366736,-0.34752120
10.35000000,0,body1,0.09879261,-0.17111380,-3.75398388,-0.14378922,0.24905024,-0.35652120
10.35000000,1,body2,0.44701586,0.09329818,-4.00191853,-0.05306601,0.07225191,-0.34897344
10.35000000,2,body3,-0.19210563,0.33273667,-1.50417099,0.16099961,-0.27885951,-0.22379253
10.35000000,3,body4,-0.30430653,-0.34047795,-4.00191854,-0.03603899,0.08208248,-0.34897343
10.40000000,0,body1,0.09159613,-0.15864913,-3.77163021,-0.14405191,0.24950524,-0.34933308
10.40000000,1,body2,0.44443067,0.09695046,-4.01940377,-0.05034206,0.07384597,-0.35043793
10.40000000,2,body3,-0.18405182,0.31878707,-1.51537734,0.16114948,-0.27911909,-0.22445760
10.40000000,3,body4,-0.30617690,-0.33641297,-4.01940378,-0.03878145,0.08052051,-0.35043792
10.45000000,0,body1,0.08438923,-0.14616643,-3.78891737,-0.14420559,0.24977141,-0.34215596
10.45000000,1,body2,0.44198158,0.10068343,-4.03696249,-0.04762242,0.07547939,-0.35191226
10.45000000,2,body3,-0.17599098,0.30482529,-1.52661633,0.16128108,-0.27934704,-0.22509752
10.45000000,3,body4,-0.30818521,-0.33242551,-4.03696250,-0.04155587,0.07898194,-0.35191225
10.50000000,0,body1,0.07717738,-0.13367513,-3.80584616,-0.14425053,0.24984925,-0.33500028
10.50000000,1,body2,0.43966835,0.10449906,-4.05459512,-0.04490762,0.07715217,-0.35339390
10.50000000,2,body3,-0.16792401,0.29085289,-1.53788667,0.16139482,-0.27954404,-0.22571208
10.50000000,3,body4,-0.31033302,-0.32851438,-4.05459513,-0.04436193,0.07746724,-0.35339388
10.55000000,0,body1,0.06996598,-0.12118463,-3.82241793,-0.14418729,0.24973972,-0.32787652
10.55000000,1,body2,0.43749073,0.10839931,-4.07230196,-0.04219823,0.07886416,-0.35488025
10.55000000,2,body3,-0.15985179,0.27687139,-1.54918711,0.16149114,-0.27971087,-0.22630126
10.55000000,3,body4,-0.31262192,-0.32467838,-4.07230197,-0.04719926,0.07597684,-0.35488023
10.60000000,0,body1,0.06276044,-0.10870425,-3.83863452,-0.14401674,0.24944431,-0.32079511
10.60000000,1,body2,0.43544842,0.11238613,-4.09008318,-0.03949486,0.08061512,-0.35636864
10.60000000,2,body3,-0.15177518,0.26288229,-1.56051638,0.16157054,-0.27984840,-0.22686518
10.60000000,3,body4,-0.31505346,-0.32091628,-4.09008319,-0.05006732,0.07451113,-0.35636862
10.65000000,0,body1,0.05556608,-0.09624326,-3.85449832,-0.14374000,0.24896499,-0.31376645
10.65000000,1,body2,0.43354113,0.11646146,-4.10793881,-0.03679811,0.08240465,-0.35785634
10.65000000,2,body3,-0.14369501,0.24888702,-1.57187321,0.16163358,-0.27995759,-0.22740412
10.65000000,3,body4,-0.31762915,-0.31722685,-4.10793882,-0.05296547,0.07307044,-0.35785632
10.70000000,0,body1,0.04838818,-0.08381078,-3.87001222,-0.14335853,0.24830426,-0.30680079
10.70000000,1,body2,0.43176849,0.12062723,-4.12586875,-0.03410861,0.08423225,-0.35934055
10.70000000,2,body3,-0.13561209,0.23488699,-1.58325638,0.16168084,-0.28003944,-0.22791852
10.70000000,3,body4,-0.32035049,-0.31360882,-4.12586876,-0.05589297,0.07165507,-0.35934053
10.75000000,0,body1,0.04123194,-0.07141581,-3.88517962,-0.14287404,0.24746510,-0.29990825
10.75000000,1,body2,0.43013014,0.12488531,-4.14387276,-0.03142701,0.08609727,-0.36081844
10.75000000,2,body3,-0.12752718,0.22088352,-1.59466467,0.16171295,-0.28009507,-0.22840902
10.75000000,3,body4,-0.32321892,-0.31006092,-4.14387277,-0.05884892,0.07026524,-0.36081842
10.80000000,0,body1,0.03410246,-0.05906718,-3.90000442,-0.14228857,0.24645103,-0.29309873
10.80000000,1,body2,0.42862565,0.12923756,-4.16195044,-0.02875396,0.08799894,-0.36228713
10.80000000,2,body3,-0.11944103,0.20687790,-1.60609690,0.16173059,-0.28012561,-0.22887640
10.80000000,3,body4,-0.32623584,-0.30658186,-4.16195045,-0.06183234,0.06890115,-0.36228711
10.85000000,0,body1,0.02700473,-0.04677356,-3.91449103,-0.14160440,0.24526602,-0.28638190
10.85000000,1,body2,0.42725459,0.13368580,-4.18010127,-0.02609013,0.08993635,-0.36374372
10.85000000,2,body3,-0.11135435,0.19287135,-1.61755194,0.16173443,-0.28013227,-0.22932162
10.85000000,3,body4,-0.32940260,-0.30317037,-4.18010127,-0.06484210,0.06756291,-0.36374370
10.90000000,0,body1,0.01994363,-0.03454336,-3.92864431,-0.14082412,0.24391453,-0.27976710
10.90000000,1,body2,0.42601647,0.13823178,-4.19832457,-0.02343619,0.09190846,-0.36518531
10.90000000,2,body3,-0.10326780,0.17886505,-1.62902871,0.16172522,-0.28011630,-0.22974585
10.90000000,3,body4,-0.33272047,-0.29982514,-4.19832457,-0.06787697,0.06625058,-0.36518529
10.95000000,0,body1,0.01292388,-0.02238479,-3.94246960,-0.13995057,0.24240150,-0.27326336
10.95000000,1,body2,0.42491079,0.14287720,-4.21661950,-0.02079279,0.09391410,-0.36660898
10.95000000,2,body3,-0.09518203,0.16486008,-1.64052619,0.16170368,-0.28007901,-0.23015038
10.95000000,3,body4,-0.33619069,-0.29654488,-4.21661951,-0.07093561,0.06496415,-0.36660896
11.00000000,0,body1,0.00595007,-0.01030581,-3.95597265,-0.13898685,0.24073228,-0.26687930
11.00000000,1,body2,0.42393701,0.14762372,-4.23498512,-0.01816061,0.09595198,-0.36801183
11.00000000,2,body3,-0.08709763,0.15085748,-1.65204344,0.16167059,-0.28002168,-0.23053670
11.00000000,3,body4,-0.33981440,-0.29332830,-4.23498512,-0.07401655,0.06370356,-0.36801182
11.05000000,0,body1,-0.00097336,0.00168593,-3.96915966,-0.13793629,0.23891266,-0.26062311
11.05000000,1,body2,0.42309453,0.15247292,-4.25342029,-0.01554030,0.09802069,-0.36939100
11.05000000,2,body3,-0.07901515,0.13685822,-1.66357959,0.16162670,-0.27994568,-0.23090647
11.05000000,3,body4,-0.34359269,-0.29017410,-4.25342029,-0.07711826,0.06246866,-0.36939098
11.10000000,0,body1,-0.00784217,0.01358305,-3.98203722,-0.13680246,0.23694881,-0.25450253
11.10000000,1,body2,0.42238277,0.15742628,-4.27192377,-0.01293250,0.10011869,-0.37074363
11.10000000,2,body3,-0.07093512,0.12286320,-1.67513384,0.16157281,-0.27985233,-0.23126149
11.10000000,3,body4,-0.34752655,-0.28708101,-4.27192377,-0.08023909,0.06125924,-0.37074361
11.15000000,0,body1,-0.01465228,0.02537851,-3.99461229,-0.13558911,0.23484723,-0.24852480
11.15000000,1,body2,0.42180106,0.16248525,-4.29049417,-0.01033782,0.10224436,-0.37206694
11.15000000,2,body3,-0.06285802,0.10887326,-1.68670552,0.16150968,-0.27974299,-0.23160374
11.15000000,3,body4,-0.35161689,-0.28404775,-4.29049416,-0.08337730,0.06007502,-0.37206692
11.20000000,0,body1,-0.02139982,0.03706559,-4.00689219,-0.13430020,0.23261478,-0.24269658
11.20000000,1,body2,0.42134876,0.16765115,-4.30912994,-0.00775688,0.10439595,-0.37335821
11.20000000,2,body3,-0.05478430,0.09488915,-1.69829404,0.16143809,-0.27961898,-0.23193532
11.20000000,3,body4,-0.35586454,-0.28107309,-4.30912993,-0.08653110,0.05891565,-0.37335819
11.25000000,0,body1,-0.02808111,0.04863793,-4.01888454,-0.13293985,0.23025857,-0.23702403
11.25000000,1,body2,0.42102514,0.17292524,-4.32782941,-0.00519024,0.10657163,-0.37461476
11.25000000,2,body3,-0.04671434,0.08091158,-1.70989891,0.16135879,-0.27948163,-0.23225848
11.25000000,3,body4,-0.36027023,-0.27815578,-4.32782940,-0.08969862,0.05778072,-0.37461474
11.30000000,0,body1,-0.03469269,0.06008951,-4.03059728,-0.13151229,0.22778598,-0.23151266
11.30000000,1,body2,0.42082948,0.17830868,-4.34659079,-0.00263845,0.10876950,-0.37583404
11.30000000,2,body3,-0.03864853,0.06694119,-1.72151979,0.16127253,-0.27933223,-0.23257561
11.30000000,3,body4,-0.36483460,-0.27529462,-4.34659078,-0.09287793,0.05666973,-0.37583402
11.35000000,0,body1,-0.04123129,0.07141471,-4.04203858,-0.13002192,0.22520457,-0.22616742
11.35000000,1,body2,0.42076104,0.18380253,-4.36541215,-0.00010201,0.11098758,-0.37701356
11.35000000,2,body3,-0.03058719,0.05297854,-1.73315642,0.16118003,-0.27917202,-0.23288920
11.35000000,3,body4,-0.36955819,-0.27248842,-4.36541214,-0.09606706,0.05558215,-0.37701354
11.40000000,0,body1,-0.04769390,0.08260828,-4.05321686,-0.12847318,0.22252208,-0.22099261
11.40000000,1,body2,0.42081902,0.18940774,-4.38429144,0.00241861,0.11322382,-0.37815093
11.40000000,2,body3,-0.02253062,0.03902415,-1.74480869,0.16108199,-0.27900221,-0.23320186
11.40000000,3,body4,-0.37444143,-0.26973603,-4.38429143,-0.09926401,0.05451735,-0.37815091
11.45000000,0,body1,-0.05407771,0.09366536,-4.06414074,-0.12687062,0.21974635,-0.21599190
11.45000000,1,body2,0.42100263,0.19512518,-4.40322650,0.00492298,0.11547613,-0.37924389
11.45000000,2,body3,-0.01447907,0.02507846,-1.75647663,0.16097909,-0.27882397,-0.23351629
11.45000000,3,body4,-0.37948468,-0.26703632,-4.40322649,-0.10246675,0.05347466,-0.37924387
11.50000000,0,body1,-0.06038014,0.10458150,-4.07481900,-0.12521880,0.21688532,-0.21116832
11.50000000,1,body2,0.42131104,0.20095559,-4.42221506,0.00741071,0.11774238,-0.38029029
11.50000000,2,body3,-0.00643278,0.01114187,-1.76816040,0.16087194,-0.27863839,-0.23383529
11.50000000,3,body4,-0.38468817,-0.26438820,-4.42221504,-0.10567324,0.05245335,-0.38029027
11.55000000,0,body1,-0.06659885,0.11535261,-4.08526057,-0.12352232,0.21394693,-0.20652428
11.55000000,1,body2,0.42174341,0.20689962,-4.44125472,0.00988146,0.12002040,-0.38128809
11.55000000,2,body3,0.00160806,-0.00278527,-1.77986028,0.16076114,-0.27844649,-0.23416170
11.55000000,3,body4,-0.39005204,-0.26179064,-4.44125471,-0.10888144,0.05145262,-0.38128807
11.60000000,0,body1,-0.07273171,0.12597503,-4.09547445,-0.12178576,0.21093913,-0.20206152
11.60000000,1,body2,0.42229890,0.21295779,-4.46034302,0.01233494,0.12230801,-0.38223540
11.60000000,2,body3,0.00964328,-0.01670269,-1.79157674,0.16064726,-0.27824923,-0.23449846
11.60000000,3,body4,-0.39557631,-0.25924261,-4.46034301,-0.11208931,0.05047165,-0.38223538
11.65000000,0,body1,-0.07877683,0.13644550,-4.10546976,-0.12001369,0.20786980,-0.19778120
11.65000000,1,body2,0.42297661,0.21913054,-4.47947739,0.01477090,0.12460303,-0.38313045
11.65000000,2,body3,0.01767275,-0.03061012,-1.80331035,0.16053078,-0.27804749,-0.23484853
11.65000000,3,body4,-0.40126093,-0.25674316,-4.47947738,-0.11529484,0.04950956,-0.38313043
11.70000000,0,body1,-0.08473256,0.14676112,-4.11525562,-0.11821059,0.20474675,-0.19368382
11.70000000,1,body2,0.42377569,0.22541818,-4.49865517,0.01718916,0.12690327,-0.38397160
11.70000000,2,body3,0.02569633,-0.04450737,-1.81506186,0.16041217,-0.27784205,-0.23521491
11.70000000,3,body4,-0.40710572,-0.25429136,-4.49865515,-0.11849603,0.04856541,-0.38397158
11.75000000,0,body1,-0.09059745,0.15691940,-4.12484119,-0.11638089,0.20157762,-0.18976933
11.75000000,1,body2,0.42469523,0.23182092,-4.51787363,0.01958955,0.12920656,-0.38475736
11.75000000,2,body3,0.03371394,-0.05839427,-1.82683217,0.16029184,-0.27763363,-0.23560064
11.75000000,3,body4,-0.41311043,-0.25188634,-4.51787361,-0.12169094,0.04763825,-0.38475734
11.80000000,0,body1,-0.09637028,0.16691824,-4.13423559,-0.11452892,0.19836992,-0.18603706
11.80000000,1,body2,0.42573435,0.23833885,-4.53712996,0.02197198,0.13151076,-0.38548637
11.80000000,2,body3,0.04172549,-0.07227069,-1.83862230,0.16017013,-0.27742282,-0.23600874
11.80000000,3,body4,-0.41927468,-0.24952727,-4.53712994,-0.12487765,0.04672710,-0.38548635
11.85000000,0,body1,-0.10205004,0.17675587,-4.14344792,-0.11265889,0.19513093,-0.18248584
11.85000000,1,body2,0.42689213,0.24497198,-4.55642130,0.02433640,0.13381374,-0.38615742
11.85000000,2,body3,0.04973093,-0.08613652,-1.85043346,0.16004735,-0.27721015,-0.23644227
11.85000000,3,body4,-0.42559802,-0.24721338,-4.55642128,-0.12805430,0.04583095,-0.38615739
11.90000000,0,body1,-0.10763593,0.18643093,-4.15248717,-0.11077487,0.19186771,-0.17911393
11.90000000,1,body2,0.42816768,0.25172017,-4.57574472,0.02668281,0.13611344,-0.38676940
11.90000000,2,body3,0.05773021,-0.09999168,-1.86226700,0.15992372,-0.27699603,-0.23690425
11.90000000,3,body4,-0.43207991,-0.24494394,-4.57574470,-0.13121910,0.04494874,-0.38676938
11.95000000,0,body1,-0.11312736,0.19594235,-4.16136226,-0.10888079,0.18858706,-0.17591914
11.95000000,1,body2,0.42956011,0.25858323,-4.59509724,0.02901125,0.13840781,-0.38732138
11.95000000,2,body3,0.06572330,-0.11383611,-1.87412441,0.15979945,-0.27678078,-0.23739768
11.95000000,3,body4,-0.43871971,-0.24271829,-4.59509722,-0.13437030,0.04407944,-0.38732136
12.00000000,0,body1,-0.11852391,0.20528945,-4.17008199,-0.10698039,0.18529547,-0.17289879
12.00000000,1,body2,0.43106851,0.26556083,-4.61447584,0.03132180,0.14069488,-0.38781254
12.00000000,2,body3,0.07371015,-0.12766975,-1.88600734,0.15967464,-0.27656460,-0.23792555
12.00000000,3,body4,-0.44551669,-0.24053580,-4.61447582,-0.13750624,0.04322199,-0.38781252
12.05000000,0,body1,-0.12382535,0.21447182,-4.17865500,-0.10507725,0.18199914,-0.17004978
12.05000000,1,body2,0.43269199,0.27265257,-4.63387747,0.03361459,0.14297275,-0.38824218
12.05000000,2,body3,0.08169075,-0.14149255,-1.89791759,0.15954936,-0.27634762,-0.23849077
12.05000000,3,body4,-0.45247005,-0.23839591,-4.63387744,-0.14062532,0.04237530,-0.38824216
12.10000000,0,body1,-0.12903164,0.22348938,-4.18708976,-0.10317477,0.17870394,-0.16736863
12.10000000,1,body2,0.43442968,0.27985792,-4.65329903,0.03588978,0.14523954,-0.38860974
12.10000000,2,body3,0.08966508,-0.15530449,-1.90985709,0.15942363,-0.27612984,-0.23909624
12.10000000,3,body4,-0.45957891,-0.23629811,-4.65329900,-0.14372602,0.04153833,-0.38860971
12.15000000,0,body1,-0.13414289,0.23234233,-4.19539459,-0.10127612,0.17541539,-0.16485148
12.15000000,1,body2,0.43628068,0.28717631,-4.67273740,0.03814758,0.14749349,-0.38891476
12.15000000,2,body3,0.09763311,-0.16910552,-1.92182793,0.15929738,-0.27591117,-0.23974477
12.15000000,3,body4,-0.46684232,-0.23424193,-4.67273737,-0.14680690,0.04070999,-0.38891473
12.20000000,0,body1,-0.13915937,0.24103112,-4.20357758,-0.09938428,0.17213863,-0.16249419
12.20000000,1,body2,0.43824415,0.29460703,-4.69218946,0.04038823,0.14973288,-0.38915691
12.20000000,2,body3,0.10559481,-0.18289559,-1.93383233,0.15917051,-0.27569142,-0.24043911
12.20000000,3,body4,-0.47425925,-0.23222698,-4.69218942,-0.14986659,0.03988923,-0.38915689
12.25000000,0,body1,-0.14408148,0.24955647,-4.21164660,-0.09750201,0.16887845,-0.16029229
12.25000000,1,body2,0.44031922,0.30214933,-4.71165204,0.04261198,0.15195609,-0.38933597
12.25000000,2,body3,0.11355015,-0.19667464,-1.94587265,0.15904285,-0.27547031,-0.24118195
12.25000000,3,body4,-0.48182860,-0.23025290,-4.71165201,-0.15290382,0.03907500,-0.38933594
12.30000000,0,body1,-0.14890977,0.25791931,-4.21960932,-0.09563186,0.16563925,-0.15824110
12.30000000,1,body2,0.44250507,0.30980234,-4.73112200,0.04481913,0.15416154,-0.38945180
12.30000000,2,body3,0.12149908,-0.21044259,-1.95795138,0.15891418,-0.27524744,-0.24197586
12.30000000,3,body4,-0.48954923,-0.22831939,-4.73112196,-0.15591737,0.03826628,-0.38945178
12.35000000,0,body1,-0.15364491,0.26612081,-4.22747314,-0.09377615,0.16242506,-0.15633571
12.35000000,1,body2,0.44480086,0.31756516,-4.75059617,0.04701000,0.15634777,-0.38950440
12.35000000,2,body3,0.12944155,-0.22419935,-1.97007113,0.15878422,-0.27502235,-0.24282337
12.35000000,3,body4,-0.49741993,-0.22642620,-4.75059613,-0.15890614,0.03746205,-0.38950438
12.40000000,0,body1,-0.15828766,0.27416230,-4.23524523,-0.09193697,0.15923950,-0.15457103
12.40000000,1,body2,0.44720580,0.32543678,-4.77007139,0.04918492,0.15851338,-0.38949382
12.40000000,2,body3,0.13737748,-0.23794478,-1.98223465,0.15865264,-0.27479444,-0.24372687
12.40000000,3,body4,-0.50543942,-0.22457313,-4.77007135,-0.16186907,0.03666131,-0.38949380
12.45000000,0,body1,-0.16283891,0.28204529,-4.24293250,-0.09011619,0.15608583,-0.15294185
12.45000000,1,body2,0.44971910,0.33341613,-4.78954450,0.05134425,0.16065705,-0.38942022
12.45000000,2,body3,0.14530678,-0.25167873,-1.99444479,0.15851906,-0.27456308,-0.24468866
12.45000000,3,body4,-0.51360639,-0.22276003,-4.78954446,-0.16480521,0.03586312,-0.38942020
12.50000000,0,body1,-0.16729962,0.28977146,-4.25054159,-0.08831547,0.15296689,-0.15144284
12.50000000,1,body2,0.45233997,0.34150210,-4.80901236,0.05348834,0.16277755,-0.38928383
12.50000000,2,body3,0.15322935,-0.26540101,-2.00670452,0.15838306,-0.27432752,-0.24571095
12.50000000,3,body4,-0.52191947,-0.22098679,-4.80901232,-0.16771366,0.03506653,-0.38928381
12.55000000,0,body1,-0.17167082,0.29734260,-4.25807886,-0.08653624,0.14988517,-0.15006858
12.55000000,1,body2,0.45506768,0.34969348,-4.82847184,0.05561758,0.16487371,-0.38908496
12.55000000,2,body3,0.16114504,-0.27911140,-2.01901693,0.15824415,-0.27408693,-0.24679580
12.55000000,3,body4,-0.53037728,-0.21925336,-4.82847180,-0.17059361,0.03427063,-0.38908494
12.60000000,0,body1,-0.17595362,0.30476063,-4.26555043,-0.08477970,0.14684276,-0.14881363
12.60000000,1,body2,0.45790149,0.35798905,-4.84791983,0.05773234,0.16694447,-0.38882401
12.60000000,2,body3,0.16905371,-0.29280961,-2.03138518,0.15810183,-0.27384042,-0.24794519
12.60000000,3,body4,-0.53897835,-0.21755973,-4.84791978,-0.17344431,0.03347457,-0.38882398
12.65000000,0,body1,-0.18014918,0.31202756,-4.27296212,-0.08304686,0.14384138,-0.14767251
12.65000000,1,body2,0.46084068,0.36638749,-4.86735322,0.05983300,0.16898881,-0.38850141
12.65000000,2,body3,0.17695516,-0.30649532,-2.04381255,0.15795553,-0.27358701,-0.24916096
12.65000000,3,body4,-0.54772121,-0.21590592,-4.86735317,-0.17626509,0.03267752,-0.38850138
12.70000000,0,body1,-0.18425871,0.31914548,-4.28031949,-0.08133850,0.14088242,-0.14663976
12.70000000,1,body2,0.46388456,0.37488747,-4.88676895,0.06191993,0.17100580,-0.38811767
12.70000000,2,body3,0.18484919,-0.32016817,-2.05630241,0.15780465,-0.27332568,-0.25044480
12.70000000,3,body4,-0.55660435,-0.21429201,-4.88676890,-0.17905533,0.03187868,-0.38811765
12.75000000,0,body1,-0.18828345,0.32611652,-4.28762782,-0.07965521,0.13796687,-0.14570995
12.75000000,1,body2,0.46703245,0.38348760,-4.90616397,0.06399352,0.17299459,-0.38767337
12.75000000,2,body3,0.19273554,-0.33382774,-2.06885819,0.15764856,-0.27305533,-0.25179830
12.75000000,3,body4,-0.56562622,-0.21271810,-4.90616392,-0.18181446,0.03107730,-0.38767335
12.80000000,0,body1,-0.19222466,0.33294290,-4.29489211,-0.07799737,0.13509542,-0.14487773
12.80000000,1,body2,0.47028369,0.39218645,-4.92553529,0.06605410,0.17495440,-0.38716913
12.80000000,2,body3,0.20061395,-0.34747354,-2.08148342,0.15748659,-0.27277479,-0.25322289
12.80000000,3,body4,-0.57478527,-0.21118434,-4.92553523,-0.18454200,0.03027269,-0.38716911
12.85000000,0,body1,-0.19608362,0.33962681,-4.30211713,-0.07636520,0.13226842,-0.14413781
12.85000000,1,body2,0.47363765,0.40098255,-4.94487990,0.06810203,0.17688449,-0.38660563
12.85000000,2,body3,0.20848410,-0.36110503,-2.09418169,0.15731805,-0.27248287,-0.25471985
12.85000000,3,body4,-0.58407989,-0.20969090,-4.94487985,-0.18723747,0.02946417,-0.38660561
12.90000000,0,body1,-0.19986161,0.34617048,-4.30930735,-0.07475871,0.12948589,-0.14348502
12.90000000,1,body2,0.47709369,0.40987440,-4.96419487,0.07013763,0.17878423,-0.38598359
12.90000000,2,body3,0.21634564,-0.37472161,-2.10695664,0.15714222,-0.27217833,-0.25629033
12.90000000,3,body4,-0.59350847,-0.20823800,-4.96419482,-0.18990049,0.02865116,-0.38598357
12.95000000,0,body1,-0.20355991,0.35257613,-4.31646700,-0.07317775,0.12674758,-0.14291429
12.95000000,1,body2,0.48065121,0.41886046,-4.98347730,0.07216120,0.18065300,-0.38530378
12.95000000,2,body3,0.22419819,-0.38832263,-2.11981196,0.15695836,-0.27185986,-0.25793531
12.95000000,3,body4,-0.60306939,-0.20682587,-4.98347724,-0.19253068,0.02783308,-0.38530376
13.00000000,0,body1,-0.20717980,0.35884597,-4.32360006,-0.07162199,0.12405293,-0.14242072
13.00000000,1,body2,0.48430961,0.42793917,-5.00272430,0.07417302,0.18249027,-0.38456702
13.00000000,2,body3,0.23204133,-0.40190734,-2.13275142,0.15676569,-0.27152616,-0.25965561
13.00000000,3,body4,-0.61276099,-0.20545478,-5.00272424,-0.19512772,0.02700943,-0.38456700
13.05000000,0,body1,-0.21072252,0.36498214,-4.33071028,-0.07009096,0.12140112,-0.14199955
13.05000000,1,body2,0.48806832,0.43710895,-5.02193307,0.07617334,0.18429557,-0.38377418
13.05000000,2,body3,0.23987460,-0.41547496,-2.14577879,0.15656346,-0.27117588,-0.26145189
13.05000000,3,body4,-0.62258160,-0.20412503,-5.02193300,-0.19769131,0.02617975,-0.38377415
13.10000000,0,body1,-0.21418930,0.37098677,-4.33780115,-0.06858405,0.11879106,-0.14164619
13.10000000,1,body2,0.49192676,0.44636819,-5.04110080,0.07816236,0.18606847,-0.38292614
13.10000000,2,body3,0.24769750,-0.42902463,-2.15889789,0.15635086,-0.27080765,-0.26332464
13.10000000,3,body4,-0.63252955,-0.20283691,-5.04110074,-0.20022119,0.02534366,-0.38292612
13.15000000,0,body1,-0.21758132,0.37686192,-4.34487595,-0.06710048,0.11622145,-0.14135624
13.15000000,1,body2,0.49588437,0.45571525,-5.06022478,0.08014026,0.18780858,-0.38202387
13.15000000,2,body3,0.25550950,-0.44255540,-2.17211254,0.15612711,-0.27042010,-0.26527416
13.15000000,3,body4,-0.64260315,-0.20159077,-5.06022471,-0.20271713,0.02450080,-0.38202385
13.20000000,0,body1,-0.22089972,0.38260957,-4.35193776,-0.06563938,0.11369074,-0.14112551
13.20000000,1,body2,0.49994060,0.46514850,-5.07930230,0.08210718,0.18951559,-0.38106834
13.20000000,2,body3,0.26331002,-0.45606629,-2.18542658,0.15589141,-0.27001185,-0.26730058
13.20000000,3,body4,-0.65280070,-0.20038695,-5.07930224,-0.20517889,0.02365090,-0.38106832
13.25000000,0,body1,-0.22414561,0.38823162,-4.35898942,-0.06419973,0.11119720,-0.14094998
13.25000000,1,body2,0.50409491,0.47466626,-5.09833074,0.08406320,0.19118920,-0.38006060
13.25000000,2,body3,0.27109843,-0.46955622,-2.19884387,0.15564297,-0.26958153,-0.26940384
13.25000000,3,body4,-0.66312047,-0.19922581,-5.09833067,-0.20760629,0.02279374,-0.38006057
13.30000000,0,body1,-0.22732004,0.39372988,-4.36603361,-0.06278043,0.10873891,-0.14082589
13.30000000,1,body2,0.50834674,0.48426686,-5.11730751,0.08600837,0.19282917,-0.37900170
13.30000000,2,body3,0.27887409,-0.48302405,-2.21236824,0.15538099,-0.26912777,-0.27158368
13.30000000,3,body4,-0.67356075,-0.19810770,-5.11730744,-0.20999914,0.02192916,-0.37900168
13.35000000,0,body1,-0.23042398,0.39910606,-4.37307281,-0.06138027,0.10631375,-0.14074968
13.35000000,1,body2,0.51269556,0.49394861,-5.13623008,0.08794269,0.19443530,-0.37789277
13.35000000,2,body3,0.28663630,-0.49646858,-2.22600351,0.15510470,-0.26864923,-0.27383964
13.35000000,3,body4,-0.68411980,-0.19703302,-5.13623001,-0.21235725,0.02105706,-0.37789275
13.40000000,0,body1,-0.23345836,0.40436177,-4.38010932,-0.05999795,0.10391950,-0.14071802
13.40000000,1,body2,0.51714083,0.50370982,-5.15509597,0.08986610,0.19600744,-0.37673497
13.40000000,2,body3,0.29438431,-0.50988854,-2.23975347,0.15481334,-0.26814459,-0.27617107
13.40000000,3,body4,-0.69479589,-0.19600213,-5.15509590,-0.21468046,0.02017740,-0.37673495
13.45000000,0,body1,-0.23642405,0.40949849,-4.38714530,-0.05863210,0.10155378,-0.14072783
13.45000000,1,body2,0.52168199,0.51354879,-5.17390278,0.09177848,0.19754544,-0.37552951
13.45000000,2,body3,0.30211737,-0.52328258,-2.25362186,0.15450618,-0.26761256,-0.27857709
13.45000000,3,body4,-0.70558726,-0.19501540,-5.17390271,-0.21696860,0.01929023,-0.37552949
13.50000000,0,body1,-0.23932182,0.41451758,-4.39418275,-0.05728129,0.09921411,-0.14077627
13.50000000,1,body2,0.52631849,0.52346380,-5.19264815,0.09367968,0.19904923,-0.37427763
13.50000000,2,body3,0.30983466,-0.53664932,-2.26761240,0.15418249,-0.26705191,-0.28105662
13.50000000,3,body4,-0.71649216,-0.19407323,-5.19264808,-0.21922152,0.01839564,-0.37427761
13.55000000,0,body1,-0.24215240,0.41942029,-4.40122353,-0.05594402,0.09689790,-0.14086073
13.55000000,1,body2,0.53104977,0.53345314,-5.21132979,0.09556947,0.20051873,-0.37298064
13.55000000,2,body3,0.31753534,-0.54998728,-2.28172873,0.15384160,-0.26646147,-0.28360838
13.55000000,3,body4,-0.72750882,-0.19317596,-5.21132972,-0.22143904,0.01749379,-0.37298062
13.60000000,0,body1,-0.24491642,0.42420772,-4.40826938,-0.05461877,0.09460250,-0.14097886
13.60000000,1,body2,0.53587524,0.54351510,-5.22994548,0.09744756,0.20195394,-0.37163988
13.60000000,2,body3,0.32521853,-0.56329495,-2.29597442,0.15348285,-0.26584010,-0.28623083
13.60000000,3,body4,-0.73863547,-0.19232397,-5.22994541,-0.22362101,0.01658491,-0.37163986
13.65000000,0,body1,-0.24761445,0.42888084,-4.41532194,-0.05330399,0.09232522,-0.14112856
13.65000000,1,body2,0.54079432,0.55364797,-5.24849307,0.09931362,0.20335484,-0.37025675
13.65000000,2,body3,0.33288332,-0.57657075,-2.31035296,0.15310564,-0.26518675,-0.28892224
13.65000000,3,body4,-0.74987033,-0.19151759,-5.24849300,-0.22576726,0.01566931,-0.37025673
13.70000000,0,body1,-0.25024697,0.43344049,-4.42238273,-0.05199808,0.09006332,-0.14130796
13.70000000,1,body2,0.54580640,0.56385002,-5.26697048,0.10116725,0.20472148,-0.36883269
13.70000000,2,body3,0.34052878,-0.58981307,-2.32486776,0.15270941,-0.26450047,-0.29168066
13.70000000,3,body4,-0.76121160,-0.19075714,-5.26697040,-0.22787762,0.01474734,-0.36883267
13.75000000,0,body1,-0.25281438,0.43788738,-4.42945321,-0.05069946,0.08781405,-0.14151545
13.75000000,1,body2,0.55091083,0.57411955,-5.28537569,0.10300800,0.20605392,-0.36736920
13.75000000,2,body3,0.34815394,-0.60302023,-2.33952211,0.15229366,-0.26378036,-0.29450390
13.75000000,3,body4,-0.77265749,-0.19004295,-5.28537561,-0.22995191,0.01381942,-0.36736918
13.80000000,0,body1,-0.25531701,0.44222206,-4.43653472,-0.04940655,0.08557466,-0.14174965
13.80000000,1,body2,0.55610697,0.58445484,-5.30370676,0.10483534,0.20735224,-0.36586781
13.80000000,2,body3,0.35575781,-0.61619053,-2.35431919,0.15185792,-0.26302563,-0.29738957
13.80000000,3,body4,-0.78420618,-0.18937529,-5.30370668,-0.23198997,0.01288606,-0.36586779
13.85000000,0,body1,-0.25775510,0.44644497,-4.44362860,-0.04811777,0.08334244,-0.14200944
13.85000000,1,body2,0.56139413,0.59485421,-5.32196186,0.10664871,0.20861659,-0.36433012
13.85000000,2,body3,0.36333939,-0.62932221,-2.36926206,0.15140180,-0.26223561,-0.30033506
13.85000000,3,body4,-0.79585587,-0.18875443,-5.32196178,-0.23399161,0.01194781,-0.36433010
13.90000000,0,body1,-0.26012883,0.45055638,-4.45073608,-0.04683160,0.08111472,-0.14229391
13.90000000,1,body2,0.56677160,0.60531594,-5.34013920,0.10844748,0.20984709,-0.36275776
13.90000000,2,body3,0.37089765,-0.64241349,-2.38435364,0.15092497,-0.26140972,-0.30333754
13.90000000,3,body4,-0.80760473,-0.18818059,-5.34013912,-0.23595664,0.01100528,-0.36275774
13.95000000,0,body1,-0.26243828,0.45455647,-4.45785839,-0.04554652,0.07888889,-0.14260238
13.95000000,1,body2,0.57223863,0.61583836,-5.35823709,0.11023099,0.21104393,-0.36115242
13.95000000,2,body3,0.37843154,-0.65546257,-2.39959671,0.15042717,-0.26054751,-0.30639399
13.95000000,3,body4,-0.81945092,-0.18765396,-5.35823700,-0.23788489,0.01005914,-0.36115240
14.00000000,0,body1,-0.26468348,0.45844526,-4.46499671,-0.04426106,0.07666243,-0.14293440
14.00000000,1,body2,0.57779443,0.62641978,-5.37625392,0.11199850,0.21220732,-0.35951581
14.00000000,2,body3,0.38594002,-0.66846763,-2.41499389,0.14990821,-0.25964864,-0.30950120
14.00000000,3,body4,-0.83139260,-0.18717472,-5.37625384,-0.23977617,0.00911012,-0.35951579
14.05000000,0,body1,-0.26686436,0.46222266,-4.47215222,-0.04297385,0.07443290,-0.14328972
14.05000000,1,body2,0.58343820,0.63705854,-5.39418818,0.11374926,0.21333748,-0.35784970
14.05000000,2,body3,0.39342201,-0.68142682,-2.43054762,0.14936797,-0.25871291,-0.31265576
14.05000000,3,body4,-0.84342792,-0.18674299,-5.39418809,-0.24163029,0.00815899,-0.35784968
14.10000000,0,body1,-0.26898081,0.46588846,-4.47932607,-0.04168353,0.07219800,-0.14366830
14.10000000,1,body2,0.58916906,0.64775298,-5.41203843,0.11548246,0.21443466,-0.35615588
14.10000000,2,body3,0.40087646,-0.69433830,-2.44626020,0.14880640,-0.25774025,-0.31585410
14.10000000,3,body4,-0.85555501,-0.18635885,-5.41203834,-0.24344708,0.00720660,-0.35615586
14.15000000,0,body1,-0.27103264,0.46944234,-4.48651944,-0.04038885,0.06995556,-0.14407029
14.15000000,1,body2,0.59498613,0.65850146,-5.42980333,0.11719725,0.21549916,-0.35443619
14.15000000,2,body3,0.40830230,-0.70720023,-2.46213370,0.14822355,-0.25673072,-0.31909250
14.15000000,3,body4,-0.86777200,-0.18602234,-5.42980325,-0.24522636,0.00625379,-0.35443617
14.20000000,0,body1,-0.27301960,0.47288386,-4.49373349,-0.03908865,0.06770354,-0.14449600
14.20000000,1,body2,0.60088847,0.66930236,-5.44748165,0.11889277,0.21653128,-0.35269247
14.20000000,2,body3,0.41569847,-0.72001076,-2.47817005,0.14761953,-0.25568453,-0.32236707
14.20000000,3,body4,-0.88007702,-0.18573346,-5.44748156,-0.24696797,0.00530149,-0.35269245
14.25000000,0,body1,-0.27494139,0.47621250,-4.50096944,-0.03778183,0.06544007,-0.14494592
14.25000000,1,body2,0.60687508,0.68015406,-5.46507221,0.12056813,0.21753136,-0.35092661
14.25000000,2,body3,0.42306391,-0.73276807,-2.49437095,0.14699454,-0.25460201,-0.32567385
14.25000000,3,body4,-0.89246817,-0.18549217,-5.46507212,-0.24867174,0.00435062,-0.35092659
14.30000000,0,body1,-0.27679766,0.47942765,-4.50822850,-0.03646742,0.06316344,-0.14542069
14.30000000,1,body2,0.61294493,0.69105497,-5.48257397,0.12222241,0.21849976,-0.34914048
14.30000000,2,body3,0.43039758,-0.74547036,-2.51073790,0.14634885,-0.25348364,-0.32900871
14.30000000,3,body4,-0.90494355,-0.18529836,-5.48257388,-0.25033753,0.00340217,-0.34914046
14.35000000,0,body1,-0.27858800,0.48252860,-4.51551194,-0.03514454,0.06087214,-0.14592108
14.35000000,1,body2,0.61909695,0.70200351,-5.49998595,0.12385469,0.21943686,-0.34733599
14.35000000,2,body3,0.43769846,-0.75811585,-2.52727222,0.14568282,-0.25233004,-0.33236750
14.35000000,3,body4,-0.91750128,-0.18515189,-5.49998586,-0.25196522,0.00245712,-0.34733597
14.40000000,0,body1,-0.28031196,0.48551459,-4.52282105,-0.03381241,0.05856483,-0.14644798
14.40000000,1,body2,0.62533001,0.71299814,-5.51730729,0.12546405,0.22034306,-0.34551503
14.40000000,2,body3,0.44496553,-0.77070279,-2.54397498,0.14499687,-0.25114195,-0.33574597
14.40000000,3,body4,-0.93013944,-0.18505257,-5.51730720,-0.25355470,0.00151648,-0.34551501
14.45000000,0,body1,-0.28196907,0.48838480,-4.53015719,-0.03247039,0.05624038,-0.14700241
14.45000000,1,body2,0.63164296,0.72403732,-5.53453721,0.12704955,0.22121880,-0.34367949
14.45000000,2,body3,0.45219782,-0.78322948,-2.56084707,0.14429152,-0.24992024,-0.33913984
14.45000000,3,body4,-0.94285611,-0.18500016,-5.53453712,-0.25510587,0.00058126,-0.34367947
14.50000000,0,body1,-0.28355882,0.49113833,-4.53752177,-0.03111792,0.05389784,-0.14758545
14.50000000,1,body2,0.63803456,0.73511952,-5.55167503,0.12861029,0.22206453,-0.34183124
14.50000000,2,body3,0.45939437,-0.79569427,-2.57788915,0.14356734,-0.24866593,-0.34254481
14.50000000,3,body4,-0.95564938,-0.18499434,-5.55167494,-0.25661866,-0.00034751,-0.34183122
14.55000000,0,body1,-0.28508068,0.49377427,-4.54491623,-0.02975458,0.05153647,-0.14819828
14.55000000,1,body2,0.64450356,0.74624328,-5.56872016,0.13014536,0.22288072,-0.33997214
14.55000000,2,body3,0.46655426,-0.80809555,-2.59510166,0.14282498,-0.24738012,-0.34595660
14.55000000,3,body4,-0.96851733,-0.18503479,-5.56872006,-0.25809303,-0.00126882,-0.33997212
14.60000000,0,body1,-0.28653410,0.49629165,-4.55234211,-0.02838007,0.04915574,-0.14884212
14.60000000,1,body2,0.65104865,0.75740711,-5.58567209,0.13165386,0.22366785,-0.33810400
14.60000000,2,body3,0.47367658,-0.82043177,-2.61248485,0.14206515,-0.24606404,-0.34937095
14.60000000,3,body4,-0.98145804,-0.18512109,-5.58567200,-0.25952896,-0.00218166,-0.33810399
14.65000000,0,body1,-0.28791850,0.49868951,-4.55980098,-0.02699418,0.04675531,-0.14951825
14.65000000,1,body2,0.65766849,0.76860959,-5.60253044,0.13313496,0.22442643,-0.33622862
14.65000000,2,body3,0.48076050,-0.83270147,-2.63003873,0.14128860,-0.24471903,-0.35278366
14.65000000,3,body4,-0.99446959,-0.18525280,-5.60253034,-0.26092645,-0.00308504,-0.33622860
14.70000000,0,body1,-0.28923332,0.50096685,-4.56729450,-0.02559683,0.04433503,-0.15022797
14.70000000,1,body2,0.66436167,0.77984929,-5.61929486,0.13458781,0.22515697,-0.33434772
14.70000000,2,body3,0.48780518,-0.84490322,-2.64776312,0.14049617,-0.24334650,-0.35619058
14.70000000,3,body4,-1.00755005,-0.18542942,-5.61929477,-0.26228555,-0.00397798,-0.33434771
14.75000000,0,body1,-0.29047799,0.50312268,-4.57482436,-0.02418805,0.04189495,-0.15097261
14.75000000,1,body2,0.67112678,0.79112483,-5.63596514,0.13601164,0.22586001,-0.33246300
14.75000000,2,body3,0.49480987,-0.85703568,-2.66565763,0.13968872,-0.24194795,-0.35958770
14.75000000,3,body4,-1.02069750,-0.18565041,-5.63596505,-0.26360631,-0.00485953,-0.33246299
14.80000000,0,body1,-0.29165194,0.50515602,-4.58239236,-0.02276797,0.03943531,-0.15175349
14.80000000,1,body2,0.67796234,0.80243485,-5.65254113,0.13740569,0.22653609,-0.33057609
14.80000000,2,body3,0.50177382,-0.86909760,-2.68372166,0.13886715,-0.24052495,-0.36297110
14.80000000,3,body4,-1.03391004,-0.18591517,-5.65254103,-0.26488884,-0.00572878,-0.33057607
14.85000000,0,body1,-0.29275460,0.50706590,-4.59000034,-0.02133684,0.03695650,-0.15257193
14.85000000,1,body2,0.68486684,0.81377800,-5.66902274,0.13876927,0.22718574,-0.32868853
14.85000000,2,body3,0.50869637,-0.88108779,-2.70195445,0.13803241,-0.23907914,-0.36633699
14.85000000,3,body4,-1.04718575,-0.18622307,-5.66902264,-0.26613324,-0.00658484,-0.32868851
14.90000000,0,body1,-0.29378544,0.50885136,-4.59765020,-0.01989497,0.03445912,-0.15342921
14.90000000,1,body2,0.69183875,0.82515299,-5.68540999,0.14010171,0.22780953,-0.32680183
14.90000000,2,body3,0.51557686,-0.89300516,-2.72035501,0.13718547,-0.23761220,-0.36968175
14.90000000,3,body4,-1.06052273,-0.18657342,-5.68540990,-0.26733967,-0.00742687,-0.32680181
14.95000000,0,body1,-0.29474393,0.51051151,-4.60534393,-0.01844279,0.03194387,-0.15432660
14.95000000,1,body2,0.69887648,0.83655854,-5.70170296,0.14140241,0.22840800,-0.32491740
14.95000000,2,body3,0.52241473,-0.90484869,-2.73892221,0.13632732,-0.23612584,-0.37300192
14.95000000,3,body4,-1.07391908,-0.18696551,-5.70170286,-0.26850832,-0.00825408,-0.32491738
15.00000000,0,body1,-0.29562956,0.51204547,-4.61308355,-0.01698080,0.02941164,-0.15526532
15.00000000,1,body2,0.70597845,0.84799338,-5.71790179,0.14267083,0.22898171,-0.32303656
15.00000000,2,body3,0.52920943,-0.91661745,-2.75765474,0.13545897,-0.23462181,-0.37629423
15.00000000,3,body4,-1.08737293,-0.18739857,-5.71790170,-0.26963938,-0.00906571,-0.32303655
15.05000000,0,body1,-0.29644186,0.51345241,-4.62087117,-0.01550959,0.02686342,-0.15624653
15.05000000,1,body2,0.71314302,0.85945631,-5.73400670,0.14390647,0.22953122,-0.32116058
15.05000000,2,body3,0.53596048,-0.92831060,-2.77655112,0.13458143,-0.23310186,-0.37955558
15.05000000,3,body4,-1.10088240,-0.18787181,-5.73400660,-0.27073308,-0.00986105,-0.32116057
15.10000000,0,body1,-0.29718037,0.51473156,-4.62870893,-0.01402979,0.02430033,-0.15727135
15.10000000,1,body2,0.72036854,0.87094611,-5.75001795,0.14510888,0.23005706,-0.31929062
15.10000000,2,body3,0.54266744,-0.93992740,-2.79560973,0.13369572,-0.23156776,-0.38278310
15.10000000,3,body4,-1.11444562,-0.18838439,-5.75001785,-0.27178968,-0.01063945,-0.31929060
15.15000000,0,body1,-0.29784470,0.51588221,-4.63659905,-0.01254212,0.02172360,-0.15834082
15.15000000,1,body2,0.72765335,0.88246163,-5.76593588,0.14627770,0.23055978,-0.31742775
15.15000000,2,body3,0.54932993,-0.95146717,-2.81482882,0.13280284,-0.23002126,-0.38597411
15.15000000,3,body4,-1.12806075,-0.18893546,-5.76593578,-0.27280946,-0.01140032,-0.31742773
15.20000000,0,body1,-0.29843447,0.51690372,-4.64454377,-0.01104732,0.01913454,-0.15945591
15.20000000,1,body2,0.73499575,0.89400172,-5.78176086,0.14741257,0.23103991,-0.31557295
15.20000000,2,body3,0.55594762,-0.96292934,-2.83420649,0.13190381,-0.22846408,-0.38912615
15.20000000,3,body4,-1.14172595,-0.18952413,-5.78176076,-0.27379270,-0.01214309,-0.31557294
15.25000000,0,body1,-0.29894933,0.51779548,-4.65254541,-0.00954621,0.01653454,-0.16061754
15.25000000,1,body2,0.74239404,0.90556526,-5.79749332,0.14851324,0.23149796,-0.31372713
15.25000000,2,body3,0.56252023,-0.97431343,-2.85374075,0.13099960,-0.22689795,-0.39223698
15.25000000,3,body4,-1.15543941,-0.19014946,-5.79749322,-0.27473972,-0.01286727,-0.31372712
15.30000000,0,body1,-0.29938900,0.51855701,-4.66060632,-0.00803961,0.01392504,-0.16182653
15.30000000,1,body2,0.74984650,0.91715116,-5.81313373,0.14957947,0.23193443,-0.31189109
15.30000000,2,body3,0.56904751,-0.98561902,-2.87342947,0.13009119,-0.22532453,-0.39530456
15.30000000,3,body4,-1.16919932,-0.19081054,-5.81313364,-0.27565083,-0.01357241,-0.31189108
15.35000000,0,body1,-0.29975321,0.51918786,-4.66872887,-0.00652841,0.01130756,-0.16308364
15.35000000,1,body2,0.75735141,0.92875835,-5.82868261,0.15061110,0.23234983,-0.31006555
15.35000000,2,body3,0.57552930,-0.99684578,-2.89327045,0.12917951,-0.22374546,-0.39832709
15.35000000,3,body4,-1.18300390,-0.19150638,-5.82868251,-0.27652639,-0.01425813,-0.31006554
15.40000000,0,body1,-0.30004178,0.51968766,-4.67691549,-0.00501348,0.00868363,-0.16438954
15.40000000,1,body2,0.76490703,0.94038580,-5.84414047,0.15160800,0.23274460,-0.30825114
15.40000000,2,body3,0.58196543,-1.00799349,-2.91326140,0.12826548,-0.22216232,-0.40130296
15.40000000,3,body4,-1.19685137,-0.19223602,-5.84414038,-0.27736672,-0.01492409,-0.30825113
15.45000000,0,body1,-0.30025452,0.52005614,-4.68516865,-0.00349574,0.00605482,-0.16574484
15.45000000,1,body2,0.77251163,0.95203248,-5.85950791,0.15257009,0.23311921,-0.30644840
15.45000000,2,body3,0.58835582,-1.01906197,-2.93339995,0.12734999,-0.22057663,-0.40423080
15.45000000,3,body4,-1.21073999,-0.19299846,-5.85950782,-0.27817218,-0.01556998,-0.30644838
15.50000000,0,body1,-0.30039132,0.52029309,-4.69349081,-0.00197609,0.00342271,-0.16715004
15.50000000,1,body2,0.78016346,0.96369739,-5.87478552,0.15349733,0.23347408,-0.30465779
15.50000000,2,body3,0.59470042,-1.03005114,-2.95368366,0.12643386,-0.21898986,-0.40710941
15.50000000,3,body4,-1.22466801,-0.19379268,-5.87478542,-0.27894313,-0.01619556,-0.30465778
15.55000000,0,body1,-0.30045211,0.52039838,-4.70188449,-0.00045545,0.00078888,-0.16860561
15.55000000,1,body2,0.78786078,0.97537957,-5.88997390,0.15438973,0.23380961,-0.30287970
15.55000000,2,body3,0.60099921,-1.04096096,-2.97411005,0.12551792,-0.21740341,-0.40993781
15.55000000,3,body4,-1.23863373,-0.19461768,-5.88997380,-0.27967991,-0.01680063,-0.30287968
15.60000000,0,body1,-0.30043686,0.52037197,-4.71035222,0.00106528,-0.00184509,-0.17011192
15.60000000,1,body2,0.79560185,0.98707804,-5.90507370,0.15524732,0.23412620,-0.30111442
15.60000000,2,body3,0.60725223,-1.05179150,-2.99467659,0.12460294,-0.21581860,-0.41271520
15.60000000,3,body4,-1.25263544,-0.19547240,-5.90507360,-0.28038288,-0.01738504,-0.30111441
15.65000000,0,body1,-0.30034559,0.52021389,-4.71889653,0.00258518,-0.00447763,-0.17166927
15.65000000,1,body2,0.80338493,0.99879188,-5.92008556,0.15607018,0.23442418,-0.29936220
15.65000000,2,body3,0.61345954,-1.06254287,-3.01538071,0.12368962,-0.21423670,-0.41544097
15.65000000,3,body4,-1.26667146,-0.19635584,-5.92008546,-0.28105237,-0.01794866,-0.29936219
15.70000000,0,body1,-0.30017837,0.51992426,-4.72752000,0.00410336,-0.00710721,-0.17327791
15.70000000,1,body2,0.81120829,1.01052016,-5.93501014,0.15685840,0.23470391,-0.29762319
15.70000000,2,body3,0.61962124,-1.07321524,-3.03621982,0.12277867,-0.21265888,-0.41811467
15.70000000,3,body4,-1.28074012,-0.19726693,-5.93501004,-0.28168873,-0.01849142,-0.29762318
15.75000000,0,body1,-0.29993530,0.51950325,-4.73622518,0.00561897,-0.00973231,-0.17493801
15.75000000,1,body2,0.81907020,1.02226198,-5.94984810,0.15761210,0.23496568,-0.29589750
15.75000000,2,body3,0.62573746,-1.08380884,-3.05719131,0.12187071,-0.21108625,-0.42073601
15.75000000,3,body4,-1.29483978,-0.19820463,-5.94984800,-0.28229228,-0.01901326,-0.29589749
15.80000000,0,body1,-0.29961653,0.51895113,-4.74501466,0.00713114,-0.01235147,-0.17664969
15.80000000,1,body2,0.82696893,1.03401644,-5.96460011,0.15833143,0.23520976,-0.29418515
15.80000000,2,body3,0.63180837,-1.09432396,-3.07829255,0.12096635,-0.20951984,-0.42330486
15.80000000,3,body4,-1.30896880,-0.19916790,-5.96460001,-0.28286333,-0.01951418,-0.29418514
15.85000000,0,body1,-0.29922226,0.51826822,-4.75389101,0.00863905,-0.01496324,-0.17841302
15.85000000,1,body2,0.83490277,1.04578266,-5.97926684,0.15901655,0.23543642,-0.29248613
15.85000000,2,body3,0.63783416,-1.10476094,-3.09952092,0.12006612,-0.20796060,-0.42582124
15.85000000,3,body4,-1.32312557,-0.20015570,-5.97926674,-0.28340218,-0.01999418,-0.29248612
15.90000000,0,body1,-0.29875271,0.51745495,-4.76285682,0.01014190,-0.01756626,-0.18022801
15.90000000,1,body2,0.84287001,1.05755979,-5.99384894,0.15966763,0.23564586,-0.29080036
15.90000000,2,body3,0.64381506,-1.11512016,-3.12087380,0.11917054,-0.20640941,-0.42828528
15.90000000,3,body4,-1.33730849,-0.20116698,-5.99384885,-0.28390910,-0.02045331,-0.29080035
15.95000000,0,body1,-0.29820817,0.51651177,-4.77191467,0.01163892,-0.02015917,-0.18209463
15.95000000,1,body2,0.85086897,1.06934697,-6.00834709,0.16028485,0.23583828,-0.28912772
15.95000000,2,body3,0.64975131,-1.12540203,-3.14234858,0.11828006,-0.20486705,-0.43069725
15.95000000,3,body4,-1.35151595,-0.20220069,-6.00834700,-0.28438435,-0.02089163,-0.28912771
16.00000000,0,body1,-0.29758893,0.51543922,-4.78106715,0.01312937,-0.02274071,-0.18401281
16.00000000,1,body2,0.85889794,1.08114334,-6.02276193,0.16086841,0.23601384,-0.28746805
16.00000000,2,body3,0.65564316,-1.13560702,-3.16394266,0.11739510,-0.20333425,-0.43305750
16.00000000,3,body4,-1.36574639,-0.20325580,-6.02276184,-0.28482817,-0.02130922,-0.28746804
16.05000000,0,body1,-0.29689535,0.51423791,-4.79031681,0.01461256,-0.02530966,-0.18598244
16.05000000,1,body2,0.86695525,1.09294808,-6.03709411,0.16141849,0.23617268,-0.28582114
16.05000000,2,body3,0.66149092,-1.14573562,-3.18565347,0.11651602,-0.20181165,-0.43536652
16.05000000,3,body4,-1.37999825,-0.20433127,-6.03709401,-0.28524077,-0.02170619,-0.28582113
16.10000000,0,body1,-0.29612781,0.51290848,-4.79966625,0.01608779,-0.02786485,-0.18800337
16.10000000,1,body2,0.87503923,1.10476034,-6.05134425,0.16193529,0.23631490,-0.28418673
16.10000000,2,body3,0.66729487,-1.15578836,-3.20747847,0.11564317,-0.20029983,-0.43762486
16.10000000,3,body4,-1.39426995,-0.20542607,-6.05134416,-0.28562234,-0.02208264,-0.28418672
16.15000000,0,body1,-0.29528671,0.51145167,-4.80911800,0.01755445,-0.03040518,-0.19007544
16.15000000,1,body2,0.88314823,1.11657930,-6.06551298,0.16241899,0.23644058,-0.28256457
16.15000000,2,body3,0.67305534,-1.16576579,-3.22941513,0.11477683,-0.19879927,-0.43983315
16.15000000,3,body4,-1.40855996,-0.20653919,-6.06551289,-0.28597303,-0.02243870,-0.28256456
16.20000000,0,body1,-0.29437251,0.50986823,-4.81867464,0.01901194,-0.03292961,-0.19219845
16.20000000,1,body2,0.89128058,1.12840413,-6.07960090,0.16286978,0.23654975,-0.28095433
16.20000000,2,body3,0.67877267,-1.17566848,-3.25146096,0.11391724,-0.19731043,-0.44199213
16.20000000,3,body4,-1.42286674,-0.20766961,-6.07960081,-0.28629297,-0.02277451,-0.28095432
16.25000000,0,body1,-0.29338568,0.50815899,-4.82833869,0.02045968,-0.03543718,-0.19437219
16.25000000,1,body2,0.89943466,1.14023400,-6.09360861,0.16328782,0.23664244,-0.27935569
16.25000000,2,body3,0.68444719,-1.18549703,-3.27361353,0.11306462,-0.19583365,-0.44410254
16.25000000,3,body4,-1.43718875,-0.20881631,-6.09360852,-0.28658226,-0.02309019,-0.27935568
16.30000000,0,body1,-0.29232672,0.50632481,-4.83811270,0.02189716,-0.03792696,-0.19659641
16.30000000,1,body2,0.90760882,1.15206810,-6.10753666,0.16367327,0.23671863,-0.27776828
16.30000000,2,body3,0.69007925,-1.19525205,-3.29587042,0.11221914,-0.19436923,-0.44616523
16.30000000,3,body4,-1.45152445,-0.20997830,-6.10753657,-0.28684096,-0.02338591,-0.27776828
16.35000000,0,body1,-0.29119614,0.50436660,-4.84799917,0.02332388,-0.04039812,-0.19887089
16.35000000,1,body2,0.91580144,1.16390559,-6.12138561,0.16402627,0.23677827,-0.27619175
16.35000000,2,body3,0.69566922,-1.20493417,-3.31822927,0.11138093,-0.19291740,-0.44818107
16.35000000,3,body4,-1.46587233,-0.21115457,-6.12138553,-0.28706912,-0.02366180,-0.27619174
16.40000000,0,body1,-0.28999452,0.50228532,-4.85800062,0.02473940,-0.04284986,-0.20119536
16.40000000,1,body2,0.92401091,1.17574565,-6.13515601,0.16434695,0.23682129,-0.27462568
16.40000000,2,body3,0.70121747,-1.21454401,-3.34068776,0.11055009,-0.19147834,-0.45015096
16.40000000,3,body4,-1.48023085,-0.21234415,-6.13515592,-0.28726671,-0.02391800,-0.27462567
16.45000000,0,body1,-0.28872240,0.50008195,-4.86811954,0.02614329,-0.04528148,-0.20356956
16.45000000,1,body2,0.93223560,1.18758745,-6.14884835,0.16463540,0.23684758,-0.27306968
16.45000000,2,body3,0.70672436,-1.22408221,-3.36324362,0.10972668,-0.19005216,-0.45207586
16.45000000,3,body4,-1.49459849,-0.21354605,-6.14884826,-0.28743370,-0.02415467,-0.27306967
16.50000000,0,body1,-0.28738039,0.49775752,-4.87835840,0.02753519,-0.04769231,-0.20599324
16.50000000,1,body2,0.94047391,1.19943013,-6.16246313,0.16489170,0.23685701,-0.27152332
16.50000000,2,body3,0.71219027,-1.23354944,-3.38589461,0.10891075,-0.18863892,-0.45395674
16.50000000,3,body4,-1.50897371,-0.21475930,-6.16246305,-0.28757002,-0.02437192,-0.27152332
16.55000000,0,body1,-0.28596909,0.49531308,-4.88871968,0.02891474,-0.05008176,-0.20846612
16.55000000,1,body2,0.94872424,1.21127287,-6.17600083,0.16511591,0.23684940,-0.26998618
16.55000000,2,body3,0.71761556,-1.24294632,-3.40863857,0.10810228,-0.18723861,-0.45579458
16.55000000,3,body4,-1.52335497,-0.21598292,-6.17600075,-0.28767553,-0.02456990,-0.26998618
16.60000000,0,body1,-0.28448912,0.49274971,-4.89920583,0.03028163,-0.05244930,-0.21098796
16.60000000,1,body2,0.95698497,1.22311479,-6.18946190,0.16530805,0.23682456,-0.26845782
16.60000000,2,body3,0.72300062,-1.25227351,-3.43147337,0.10730125,-0.18585118,-0.45759038
16.60000000,3,body4,-1.53774074,-0.21721597,-6.18946182,-0.28775009,-0.02474871,-0.26845782
16.65000000,0,body1,-0.28294114,0.49006852,-4.90981929,0.03163561,-0.05479445,-0.21355849
16.65000000,1,body2,0.96525451,1.23495503,-6.20284675,0.16546810,0.23678225,-0.26693780
16.65000000,2,body3,0.72834581,-1.26153165,-3.45439693,0.10650760,-0.18447654,-0.45934517
16.65000000,3,body4,-1.55212946,-0.21845748,-6.20284667,-0.28779347,-0.02490847,-0.26693779
16.70000000,0,body1,-0.28132578,0.48727064,-4.92056249,0.03297643,-0.05711681,-0.21617747
16.70000000,1,body2,0.97353124,1.24679272,-6.21615581,0.16559602,0.23672222,-0.26542566
16.70000000,2,body3,0.73365150,-1.27072137,-3.47740722,0.10572124,-0.18311452,-0.46105995
16.70000000,3,body4,-1.56651956,-0.21970650,-6.21615573,-0.28780545,-0.02504927,-0.26542566
16.75000000,0,body1,-0.27964372,0.48435723,-4.93143784,0.03430388,-0.05941603,-0.21884467
16.75000000,1,body2,0.98181357,1.25862696,-6.22938944,0.16569173,0.23664416,-0.26392097
16.75000000,2,body3,0.73891806,-1.27984331,-3.50050227,0.10494205,-0.18176494,-0.46273574
16.75000000,3,body4,-1.58090947,-0.22096209,-6.22938937,-0.28778570,-0.02517119,-0.26392096
16.80000000,0,body1,-0.27789562,0.48132943,-4.94244775,0.03561781,-0.06169181,-0.22155987
16.80000000,1,body2,0.99009988,1.27045683,-6.24254802,0.16575511,0.23654775,-0.26242326
16.80000000,2,body3,0.74414583,-1.28889807,-3.52368016,0.10416991,-0.18042754,-0.46437355
16.80000000,3,body4,-1.59529760,-0.22222331,-6.24254794,-0.28773390,-0.02527429,-0.26242325
16.85000000,0,body1,-0.27608217,0.47818844,-4.95359462,0.03691806,-0.06394393,-0.22432286
16.85000000,1,body2,0.99838854,1.28228142,-6.25563187,0.16578601,0.23643262,-0.26093209
16.85000000,2,body3,0.74933516,-1.29788626,-3.54693901,0.10340463,-0.17910204,-0.46597439
16.85000000,3,body4,-1.60968232,-0.22348921,-6.25563180,-0.28764964,-0.02535861,-0.26093209
16.90000000,0,body1,-0.27420404,0.47493544,-4.96488083,0.03820455,-0.06617219,-0.22713346
16.90000000,1,body2,1.00667793,1.29409978,-6.26864133,0.16578420,0.23629837,-0.25944701
16.90000000,2,body3,0.75448640,-1.30680846,-3.57027700,0.10264603,-0.17778810,-0.46753925
16.90000000,3,body4,-1.62406201,-0.22475886,-6.26864126,-0.28753247,-0.02542416,-0.25944701
16.95000000,0,body1,-0.27226194,0.47157162,-4.97630876,0.03947720,-0.06837649,-0.22999150
16.95000000,1,body2,1.01496641,1.30591094,-6.28157667,0.16574943,0.23614457,-0.25796757
16.95000000,2,body3,0.75959988,-1.31566525,-3.59369235,0.10189388,-0.17648535,-0.46906911
16.95000000,3,body4,-1.63843501,-0.22603132,-6.28157660,-0.28738189,-0.02547096,-0.25796757
17.00000000,0,body1,-0.27025655,0.46809819,-4.98788077,0.04073598,-0.07055675,-0.23289683
17.00000000,1,body2,1.02325232,1.31771391,-6.29443817,0.16568140,0.23597073,-0.25649333
17.00000000,2,body3,0.76467590,-1.32445718,-3.61718335,0.10114797,-0.17519338,-0.47056492
17.00000000,3,body4,-1.65279963,-0.22730564,-6.29443810,-0.28719733,-0.02549896,-0.25649333
17.05000000,0,body1,-0.26818857,0.46451635,-4.99959923,0.04198088,-0.07271298,-0.23584934
17.05000000,1,body2,1.03153399,1.32950767,-6.30722608,0.16557975,0.23577636,-0.25502385
17.05000000,2,body3,0.76971478,-1.33318476,-3.64074830,0.10040801,-0.17391173,-0.47202764
17.05000000,3,body4,-1.66715416,-0.22858090,-6.30722601,-0.28697817,-0.02550812,-0.25502385
17.10000000,0,body1,-0.26605870,0.46082729,-5.01146649,0.04321193,-0.07484523,-0.23884892
17.10000000,1,body2,1.03980973,1.34129120,-6.31994062,0.16544404,0.23556088,-0.25355869
17.10000000,2,body3,0.77471680,-1.34184851,-3.66438557,0.09967372,-0.17263992,-0.47345816
17.10000000,3,body4,-1.68149686,-0.22985614,-6.31994056,-0.28672371,-0.02549833,-0.25355869
17.15000000,0,body1,-0.26386761,0.45703222,-5.02348490,0.04442920,-0.07695359,-0.24189551
17.15000000,1,body2,1.04807782,1.35306340,-6.33258201,0.16527381,0.23532370,-0.25209742
17.15000000,2,body3,0.77968224,-1.35044891,-3.68809359,0.09894480,-0.17137739,-0.47485740
17.15000000,3,body4,-1.69582593,-0.23113042,-6.33258195,-0.28643319,-0.02546949,-0.25209742
17.20000000,0,body1,-0.26161600,0.45313233,-5.03565682,0.04563277,-0.07903824,-0.24498906
17.20000000,1,body2,1.05633652,1.36482320,-6.34515042,0.16506849,0.23506418,-0.25063963
17.20000000,2,body3,0.78461136,-1.35898640,-3.71187081,0.09822093,-0.17012360,-0.47622622
17.20000000,3,body4,-1.71013956,-0.23240277,-6.34515036,-0.28610578,-0.02542144,-0.25063963
17.25000000,0,body1,-0.25930456,0.44912879,-5.04798459,0.04682277,-0.08109938,-0.24812957
17.25000000,1,body2,1.06458407,1.37656944,-6.35764602,0.16482747,0.23478162,-0.24918488
17.25000000,2,body3,0.78950441,-1.36746140,-3.73571572,0.09750173,-0.16887792,-0.47756545
17.25000000,3,body4,-1.72443587,-0.23367224,-6.35764596,-0.28574056,-0.02535399,-0.24918488
17.30000000,0,body1,-0.25693395,0.44502278,-5.06047056,0.04799937,-0.08313731,-0.25131706
17.30000000,1,body2,1.07281866,1.38830097,-6.37006895,0.16455004,0.23447529,-0.24773278
17.30000000,2,body3,0.79436161,-1.37587431,-3.75962687,0.09678686,-0.16763972,-0.47887591
17.30000000,3,body4,-1.73871296,-0.23493785,-6.37006890,-0.28533656,-0.02526690,-0.24773278
17.35000000,0,body1,-0.25450484,0.44081544,-5.07311708,0.04916275,-0.08515235,-0.25455158
17.35000000,1,body2,1.08103846,1.40001656,-6.38241933,0.16423543,0.23414439,-0.24628291
17.35000000,2,body3,0.79918316,-1.38422549,-3.78360284,0.09607590,-0.16640831,-0.48015838
17.35000000,3,body4,-1.75296886,-0.23619860,-6.38241928,-0.28489269,-0.02515989,-0.24628291
17.40000000,0,body1,-0.25201789,0.43650792,-5.08592651,0.05031315,-0.08714489,-0.25783323
17.40000000,1,body2,1.08924157,1.41171498,-6.39469727,0.16388278,0.23378807,-0.24483489
17.40000000,2,body3,0.80396926,-1.39251524,-3.80764225,0.09536845,-0.16518296,-0.48141361
17.40000000,3,body4,-1.76720155,-0.23745350,-6.39469722,-0.28440778,-0.02503264,-0.24483489
17.45000000,0,body1,-0.24947374,0.43210132,-5.09890119,0.05145082,-0.08911539,-0.26116213
17.45000000,1,body2,1.09742608,1.42339493,-6.40690284,0.16349111,0.23340541,-0.24338831
17.45000000,2,body3,0.80872006,-1.40074387,-3.83174376,0.09466406,-0.16396293,-0.48264231
17.45000000,3,body4,-1.78140893,-0.23870152,-6.40690280,-0.28388055,-0.02488477,-0.24338832
17.50000000,0,body1,-0.24687302,0.42759674,-5.11204351,0.05257606,-0.09106437,-0.26453844
17.50000000,1,body2,1.10559001,1.43505507,-6.41903612,0.16305936,0.23299545,-0.24194281
17.50000000,2,body3,0.81343571,-1.40891161,-3.85590605,0.09396228,-0.16274740,-0.48384515
17.50000000,3,body4,-1.79558887,-0.23994163,-6.41903607,-0.28330964,-0.02471585,-0.24194282
17.55000000,0,body1,-0.24421634,0.42299523,-5.12535583,0.05368921,-0.09299240,-0.26796239
17.55000000,1,body2,1.11373133,1.44669401,-6.43109714,0.16258635,0.23255714,-0.24049801
17.55000000,2,body3,0.81811633,-1.41701867,-3.88012786,0.09326262,-0.16153555,-0.48502278
17.55000000,3,body4,-1.80973914,-0.24117275,-6.43109709,-0.28269355,-0.02452537,-0.24049802
17.60000000,0,body1,-0.24150429,0.41829783,-5.13884055,0.05479064,-0.09490013,-0.27143420
17.60000000,1,body2,1.12184794,1.45831030,-6.44308592,0.16207081,0.23208936,-0.23905355
17.60000000,2,body3,0.82276200,-1.42506521,-3.90440792,0.09256456,-0.16032649,-0.48617580
17.60000000,3,body4,-1.82385744,-0.24239380,-6.44308588,-0.28203067,-0.02431279,-0.23905355
17.65000000,0,body1,-0.23873746,0.41350554,-5.15250006,0.05588076,-0.09678828,-0.27495417
17.65000000,1,body2,1.12993768,1.46990244,-6.45500249,0.16151129,0.23159091,-0.23760907
17.65000000,2,body3,0.82737280,-1.43305135,-3.92874504,0.09186760,-0.15911931,-0.48730478
17.65000000,3,body4,-1.83794140,-0.24360365,-6.45500245,-0.28131925,-0.02407746,-0.23760907
17.70000000,0,body1,-0.23591640,0.40861932,-5.16633677,0.05696002,-0.09865760,-0.27852263
17.70000000,1,body2,1.13799831,1.48146886,-6.46684682,0.16090625,0.23106052,-0.23616422
17.70000000,2,body3,0.83194877,-1.44097716,-3.95313801,0.09117115,-0.15791303,-0.48841025
17.70000000,3,body4,-1.85198853,-0.24480116,-6.46684678,-0.28055739,-0.02381867,-0.23616422
17.75000000,0,body1,-0.23304163,0.40364008,-5.18035313,0.05802891,-0.10050897,-0.28213996
17.75000000,1,body2,1.14602752,1.49300794,-6.47861890,0.16025397,0.23049681,-0.23471867
17.75000000,2,body3,0.83648992,-1.44884265,-3.97758568,0.09047466,-0.15670667,-0.48949268
17.75000000,3,body4,-1.86599626,-0.24598512,-6.47861886,-0.27974306,-0.02353564,-0.23471867
17.80000000,0,body1,-0.23011367,0.39856871,-5.19455159,0.05908796,-0.10234331,-0.28580658
17.80000000,1,body2,1.15402289,1.50451797,-6.49031867,0.15955258,0.22989830,-0.23327208
17.80000000,2,body3,0.84099623,-1.45664780,-4.00208690,0.08977751,-0.15549916,-0.49055253
17.80000000,3,body4,-1.87996192,-0.24715430,-6.49031864,-0.27887405,-0.02322747,-0.23327209
17.85000000,0,body1,-0.22713299,0.39340602,-5.20893462,0.06013776,-0.10416162,-0.28952297
17.85000000,1,body2,1.16198192,1.51599717,-6.50194608,0.15880002,0.22926341,-0.23182415
17.85000000,2,body3,0.84546765,-1.46439253,-4.02664056,0.08907906,-0.15428942,-0.49159020
17.85000000,3,body4,-1.89388271,-0.24830743,-6.50194605,-0.27794794,-0.02289318,-0.23182416
17.90000000,0,body1,-0.22410004,0.38815279,-5.22350472,0.06117894,-0.10596498,-0.29328964
17.90000000,1,body2,1.16990200,1.52744368,-6.51350105,0.15799404,0.22859045,-0.23037457
17.90000000,2,body3,0.84990411,-1.47207669,-4.05124556,0.08837866,-0.15307629,-0.49260604
17.90000000,3,body4,-1.90775572,-0.24944317,-6.51350103,-0.27696215,-0.02253166,-0.23037457
17.95000000,0,body1,-0.22101523,0.38280975,-5.23826443,0.06221216,-0.10775457,-0.29710715
17.95000000,1,body2,1.17778039,1.53885555,-6.52498350,0.15713218,0.22787759,-0.22892302
17.95000000,2,body3,0.85430548,-1.47970008,-4.07590081,0.08767562,-0.15185859,-0.49360037
17.95000000,3,body4,-1.92157788,-0.25056013,-6.52498348,-0.27591386,-0.02214170,-0.22892303
18.00000000,0,body1,-0.21787894,0.37737754,-5.25321630,0.06323815,-0.10953164,-0.30097611
18.00000000,1,body2,1.18561424,1.55023074,-6.53639332,0.15621175,0.22712286,-0.22746924
18.00000000,2,body3,0.85867161,-1.48726245,-4.10060524,0.08696922,-0.15063507,-0.49457346
18.00000000,3,body4,-1.93534601,-0.25165685,-6.53639330,-0.27480003,-0.02172195,-0.22746925
18.05000000,0,body1,-0.21469152,0.37185677,-5.26836291,0.06425769,-0.11129753,-0.30489719
18.05000000,1,body2,1.19340054,1.56156711,-6.54773038,0.15522980,0.22632414,-0.22601293
18.05000000,2,body3,0.86300233,-1.49476347,-4.12535780,0.08625872,-0.14940444,-0.49552553
18.05000000,3,body4,-1.94905673,-0.25273180,-6.54773036,-0.27361734,-0.02127092,-0.22601294
18.10000000,0,body1,-0.21145327,0.36624795,-5.28370690,0.06527160,-0.11305369,-0.30887108
18.10000000,1,body2,1.20113614,1.57286239,-6.55899456,0.15418310,0.22547915,-0.22455385
18.10000000,2,body3,0.86729741,-1.50220275,-4.15015745,0.08554333,-0.14816535,-0.49645675
18.10000000,3,body4,-1.96270653,-0.25378339,-6.55899455,-0.27236221,-0.02078694,-0.22455386
18.15000000,0,body1,-0.20816444,0.36055154,-5.29925091,0.06628079,-0.11480164,-0.31289853
18.15000000,1,body2,1.20881771,1.58411421,-6.57018571,0.15306811,0.22458542,-0.22309173
18.15000000,2,body3,0.87155657,-1.50957984,-4.17500313,0.08482224,-0.14691639,-0.49736726
18.15000000,3,body4,-1.97629168,-0.25480992,-6.57018570,-0.27103073,-0.02026820,-0.22309174
18.20000000,0,body1,-0.20482525,0.35476790,-5.31499765,0.06728619,-0.11654304,-0.31698033
18.20000000,1,body2,1.21644175,1.59532008,-6.58130368,0.15188097,0.22364030,-0.22162635
18.20000000,2,body3,0.87577952,-1.51689420,-4.19989383,0.08409462,-0.14565611,-0.49825713
18.20000000,3,body4,-1.98980826,-0.25580960,-6.58130367,-0.26961866,-0.01971266,-0.22162636
18.25000000,0,body1,-0.20143587,0.34889732,-5.33094986,0.06828880,-0.11827962,-0.32111730
18.25000000,1,body2,1.22400454,1.60647734,-6.59234829,0.15061742,0.22264090,-0.22015747
18.25000000,2,body3,0.87996591,-1.52414523,-4.22482850,0.08335958,-0.14438298,-0.49912640
18.25000000,3,body4,-2.00325212,-0.25678054,-6.59234828,-0.26812138,-0.01911810,-0.22015748
18.30000000,0,body1,-0.19799640,0.34293999,-5.34711032,0.06928969,-0.12001322,-0.32531030
18.30000000,1,body2,1.23150214,1.61758321,-6.60331936,0.14927283,0.22158410,-0.21868490
18.30000000,2,body3,0.88411534,-1.53133226,-4.24980612,0.08261621,-0.14309543,-0.49997504
18.30000000,3,body4,-2.01661889,-0.25772072,-6.60331936,-0.26653387,-0.01848205,-0.21868491
18.35000000,0,body1,-0.19450691,0.33689601,-5.36348184,0.07028999,-0.12174579,-0.32956018
18.35000000,1,body2,1.23893038,1.62863474,-6.61421671,0.14784209,0.22046652,-0.21720846
18.35000000,2,body3,0.88822738,-1.53845451,-4.27482566,0.08186358,-0.14179183,-0.50080298
18.35000000,3,body4,-2.02990391,-0.25862801,-6.61421671,-0.26485064,-0.01780178,-0.21720847
18.40000000,0,body1,-0.19096739,0.33076539,-5.38006730,0.07129089,-0.12347939,-0.33386785
18.40000000,1,body2,1.24628482,1.63962879,-6.62504014,0.14631960,0.21928449,-0.21572797
18.40000000,2,body3,0.89230153,-1.54551114,-4.29988608,0.08110070,-0.14047050,-0.50161013
18.40000000,3,body4,-2.04310226,-0.25950012,-6.62504014,-0.26306574,-0.01707429,-0.21572798
18.45000000,0,body1,-0.18737779,0.32454802,-5.39686960,0.07229362,-0.12521618,-0.33823418
18.45000000,1,body2,1.25356071,1.65056205,-6.63578943,0.14469924,0.21803402,-0.21424330
18.45000000,2,body3,0.89633727,-1.55250123,-4.32498632,0.08032658,-0.13912967,-0.50239630
18.45000000,3,body4,-2.05620868,-0.26033460,-6.63578944,-0.26117262,-0.01629625,-0.21424331
18.50000000,0,body1,-0.18373798,0.31824368,-5.41389171,0.07329950,-0.12695841,-0.34266005
18.50000000,1,body2,1.26075300,1.66143099,-6.64646439,0.14297427,0.21671078,-0.21275434
18.50000000,2,body3,0.90033399,-1.55942375,-4.35012535,0.07954017,-0.13776757,-0.50316128
18.50000000,3,body4,-2.06921760,-0.26112884,-6.64646440,-0.25916418,-0.01546400,-0.21275435
18.55000000,0,body1,-0.18004776,0.31185205,-5.43113661,0.07430988,-0.12870843,-0.34714627
18.55000000,1,body2,1.26785627,1.67223184,-6.65706479,0.14113729,0.21531006,-0.21126101
18.55000000,2,body3,0.90429106,-1.56627760,-4.37530209,0.07874042,-0.13638235,-0.50390484
18.55000000,3,body4,-2.08212304,-0.26188003,-6.65706481,-0.25703263,-0.01457349,-0.21126102
18.60000000,0,body1,-0.17630689,0.30537267,-5.44860736,0.07532616,-0.13046867,-0.35169362
18.60000000,1,body2,1.27486473,1.68296062,-6.66759042,0.13918017,0.21382672,-0.20976326
18.60000000,2,body3,0.90820779,-1.57306157,-4.40051547,0.07792623,-0.13497214,-0.50462666
18.60000000,3,body4,-2.09491866,-0.26258515,-6.66759043,-0.25476946,-0.01362024,-0.20976328
18.65000000,0,body1,-0.17251502,0.29880497,-5.46630701,0.07634978,-0.13224164,-0.35630275
18.65000000,1,body2,1.28177214,1.69361305,-6.67804104,0.13709401,0.21225518,-0.20826110
18.65000000,2,body3,0.91208343,-1.57977437,-4.42576439,0.07709650,-0.13353501,-0.50532641
18.65000000,3,body4,-2.10759764,-0.26324093,-6.67804106,-0.25236538,-0.01259934,-0.20826111
18.70000000,0,body1,-0.16867176,0.29214825,-5.48423867,0.07738220,-0.13402985,-0.36097421
18.70000000,1,body2,1.28857181,1.70418457,-6.68841645,0.13486900,0.21058934,-0.20675457
18.70000000,2,body3,0.91591717,-1.58641459,-4.45104774,0.07625013,-0.13206905,-0.50600375
18.70000000,3,body4,-2.12015268,-0.26384386,-6.68841647,-0.24981021,-0.01150535,-0.20675458
18.75000000,0,body1,-0.16477663,0.28540169,-5.50240547,0.07842491,-0.13583586,-0.36570832
18.75000000,1,body2,1.29525654,1.71467030,-6.69871642,0.13249439,0.20882255,-0.20524378
18.75000000,2,body3,0.91970815,-1.59298076,-4.47636439,0.07538601,-0.13057235,-0.50665826
18.75000000,3,body4,-2.13257596,-0.26439015,-6.69871645,-0.24709283,-0.01033227,-0.20524380
18.80000000,0,body1,-0.16082908,0.27856433,-5.52081055,0.07947934,-0.13766220,-0.37050518
18.80000000,1,body2,1.30181856,1.72506503,-6.70894076,0.12995839,0.20694760,-0.20372891
18.80000000,2,body3,0.92345545,-1.59947128,-4.50171318,0.07450303,-0.12904299,-0.50728957
18.80000000,3,body4,-2.14485906,-0.26487567,-6.70894079,-0.24420108,-0.00907351,-0.20372893
18.85000000,0,body1,-0.15682848,0.27163509,-5.53945703,0.08054692,-0.13951129,-0.37536455
18.85000000,1,body2,1.30824948,1.73536313,-6.71908925,0.12724808,0.20495661,-0.20221022
18.85000000,2,body3,0.92715812,-1.60588448,-4.52709295,0.07360015,-0.12747914,-0.50789727
18.85000000,3,body4,-2.15699294,-0.26529595,-6.71908928,-0.24112168,-0.00772181,-0.20221024
18.90000000,0,body1,-0.15277415,0.26461278,-5.55834803,0.08162896,-0.14138544,-0.38028579
18.90000000,1,body2,1.31454023,1.74555861,-6.72916172,0.12434932,0.20284100,-0.20068806
18.90000000,2,body3,0.93081512,-1.61221859,-4.55250251,0.07267634,-0.12587906,-0.50848097
18.90000000,3,body4,-2.16896785,-0.26564617,-6.72916176,-0.23784013,-0.00626921,-0.20068808
18.95000000,0,body1,-0.14866532,0.25749609,-5.57748662,0.08272664,-0.14328668,-0.38526772
18.95000000,1,body2,1.32068101,1.75564500,-6.73915800,0.12124667,0.20059148,-0.19916289
18.95000000,2,body3,0.93442539,-1.61847176,-4.57794064,0.07173068,-0.12424114,-0.50904034
18.95000000,3,body4,-2.18077332,-0.26592105,-6.73915805,-0.23434066,-0.00470700,-0.19916291
19.00000000,0,body1,-0.14450120,0.25028363,-5.59687579,0.08384096,-0.14521674,-0.39030849
19.00000000,1,body2,1.32666122,1.76561536,-6.74907796,0.11792330,0.19819797,-0.19763532
19.00000000,2,body3,0.93798781,-1.62464205,-4.60340613,0.07076237,-0.12256396,-0.50957509
19.00000000,3,body4,-2.19239800,-0.26611488,-6.74907801,-0.23060614,-0.00302563,-0.19763534
19.05000000,0,body1,-0.14028094,0.24297392,-5.61651841,0.08497262,-0.14717683,-0.39540547
19.05000000,1,body2,1.33246936,1.77546222,-6.75892150,0.11436095,0.19564957,-0.19610610
19.05000000,2,body3,0.94150124,-1.63072748,-4.62889774,0.06977073,-0.12084640,-0.51008505
19.05000000,3,body4,-2.20382970,-0.26622146,-6.75892155,-0.22661798,-0.00121474,-0.19610612
19.10000000,0,body1,-0.13600365,0.23556544,-5.63641721,0.08612196,-0.14916754,-0.40055498
19.10000000,1,body2,1.33809300,1.78517755,-6.76868856,0.11053988,0.19293457,-0.19457617
19.10000000,2,body3,0.94496449,-1.63672600,-4.65441422,0.06875534,-0.11908769,-0.51057015
19.10000000,3,body4,-2.21505524,-0.26623401,-6.76868861,-0.22235619,0.00073690,-0.19457619
19.15000000,0,body1,-0.13166845,0.22805666,-5.65657470,0.08728882,-0.15118860,-0.40575216
19.15000000,1,body2,1.34351868,1.79475270,-6.77837913,0.10643889,0.19004042,-0.19304668
19.15000000,2,body3,0.94837638,-1.64263555,-4.67995434,0.06771601,-0.11728751,-0.51103054
19.15000000,3,body4,-2.22606040,-0.26614522,-6.77837918,-0.21779929,0.00284139,-0.19304670
19.20000000,0,body1,-0.12727449,0.22044609,-5.67699312,0.08847239,-0.15323861,-0.41099063
19.20000000,1,body2,1.34873184,1.80417839,-6.78799326,0.10203533,0.18695380,-0.19151904
19.20000000,2,body3,0.95173570,-1.64845407,-4.70551687,0.06665290,-0.11544616,-0.51146658
19.20000000,3,body4,-2.23682987,-0.26594712,-6.78799332,-0.21292443,0.00511167,-0.19151906
19.25000000,0,body1,-0.12282096,0.21273236,-5.69767432,0.08967109,-0.15531482,-0.41626229
19.25000000,1,body2,1.35371677,1.81344464,-6.79753109,0.09730531,0.18366067,-0.18999494
19.25000000,2,body3,0.95504128,-1.65417950,-4.73110060,0.06556663,-0.11356468,-0.51187895
19.25000000,3,body4,-2.24734714,-0.26563107,-6.79753115,-0.20770748,0.00756142,-0.18999496
19.30000000,0,body1,-0.11830717,0.20491425,-5.71861973,0.09088231,-0.15741270,-0.42155693
19.30000000,1,body2,1.35845652,1.82254077,-6.80699284,0.09222386,0.18014640,-0.18847640
19.30000000,2,body3,0.95829200,-1.65980990,-4.75670439,0.06445831,-0.11164501,-0.51226870
19.30000000,3,body4,-2.25759449,-0.26518775,-6.80699291,-0.20212331,0.01020496,-0.18847643
19.35000000,0,body1,-0.11373258,0.19699084,-5.73983019,0.09210220,-0.15952562,-0.42686192
19.35000000,1,body2,1.36293287,1.83145535,-6.81637886,0.08676531,0.17639602,-0.18696583
19.35000000,2,body3,0.96148678,-1.66534341,-4.78232712,0.06332971,-0.10969022,-0.51263735
19.35000000,3,body4,-2.26755292,-0.26460710,-6.81637893,-0.19614612,0.01305701,-0.18696586
19.40000000,0,body1,-0.10909689,0.18896159,-5.76130584,0.09332547,-0.16164438,-0.43216185
19.40000000,1,body2,1.36712633,1.84017619,-6.82568960,0.08090387,0.17239447,-0.18546605
19.40000000,2,body3,0.96462467,-1.67077840,-4.80796780,0.06218336,-0.10770468,-0.51298696
19.40000000,3,body4,-2.27720212,-0.26387832,-6.82568968,-0.18974996,0.01613239,-0.18546607
19.45000000,0,body1,-0.10440009,0.18082650,-5.78304598,0.09454506,-0.16375677,-0.43743816
19.45000000,1,body2,1.37101612,1.84869036,-6.83492569,0.07461430,0.16812706,-0.18398032
19.45000000,2,body3,0.96770488,-1.67611347,-4.83362555,0.06102266,-0.10569429,-0.51332024
19.45000000,3,body4,-2.28652051,-0.26298990,-6.83492577,-0.18290949,0.01944562,-0.18398035
19.50000000,0,body1,-0.09964260,0.17258628,-5.80504890,0.09575191,-0.16584710,-0.44266888
19.50000000,1,body2,1.37458023,1.85698423,-6.84408793,0.06787292,0.16357999,-0.18251244
19.50000000,2,body3,0.97072677,-1.68134754,-4.85929961,0.05985205,-0.10366673,-0.51364066
19.50000000,3,body4,-2.29548526,-0.26192957,-6.84408801,-0.17560092,0.02301029,-0.18251246
19.55000000,0,body1,-0.09482530,0.16424249,-5.82731168,0.09693471,-0.16789576,-0.44782832
19.55000000,1,body2,1.37779553,1.86504350,-6.85317730,0.06065885,0.15874106,-0.18106666
19.55000000,2,body3,0.97369001,-1.68648001,-4.88498947,0.05867705,-0.10163157,-0.51395249
19.55000000,3,body4,-2.30407244,-0.26068448,-6.85317739,-0.16780325,0.02683840,-0.18106669
19.60000000,0,body1,-0.08994975,0.15579779,-5.84983005,0.09807967,-0.16987888,-0.45288706
19.60000000,1,body2,1.38063796,1.87285331,-6.86219504,0.05295551,0.15360051,-0.17964778
19.60000000,2,body3,0.97659452,-1.69151077,-4.91069480,0.05750440,-0.09960047,-0.51426087
19.60000000,3,body4,-2.31225715,-0.25924118,-6.86219513,-0.15949973,0.03093941,-0.17964781
19.65000000,0,body1,-0.08501824,0.14725616,-5.87259816,0.09917044,-0.17176817,-0.45781200
19.65000000,1,body2,1.38308275,1.88039842,-6.87114262,0.04475242,0.14815204,-0.17826105
19.65000000,2,body3,0.97944062,-1.69644035,-4.93641560,0.05634204,-0.09758722,-0.51457188
19.65000000,3,body4,-2.32001380,-0.25758589,-6.87114271,-0.15067968,0.03531926,-0.17826108
19.70000000,0,body1,-0.08003393,0.13862308,-5.89560842,0.10018815,-0.17353089,-0.46256678
19.70000000,1,body2,1.38510482,1.88766335,-6.88002177,0.03604718,0.14239392,-0.17691209
19.70000000,2,body3,0.98222905,-1.70127005,-4.96215215,0.05519913,-0.09560763,-0.51489241
19.70000000,3,body4,-2.32731646,-0.25570459,-6.88002187,-0.14134038,0.03997916,-0.17691211
19.75000000,0,body1,-0.07500099,0.12990579,-5.91885135,0.10111157,-0.17513029,-0.46711251
19.75000000,1,body2,1.38667922,1.89463271,-6.88883455,0.02684752,0.13633008,-0.17560679
19.75000000,2,body3,0.98496103,-1.70600197,-4.98790513,0.05408582,-0.09367931,-0.51523013
19.75000000,3,body4,-2.33413930,-0.25358338,-6.88883465,-0.13148912,0.04491438,-0.17560682
19.80000000,0,body1,-0.06992473,0.12111344,-5.94231551,0.10191759,-0.17652635,-0.47140891
19.80000000,1,body2,1.38778166,1.90129144,-6.89758328,0.01717327,0.12997129,-0.17435113
19.80000000,2,body3,0.98763830,-1.71063915,-5.01367559,0.05301306,-0.09182125,-0.51559326
19.80000000,3,body4,-2.34045715,-0.25120875,-6.89758338,-0.12114512,0.05011314,-0.17435116
19.85000000,0,body1,-0.06481160,0.11225724,-5.96598742,0.10258192,-0.17767702,-0.47541584
19.85000000,1,body2,1.38838919,1.90762523,-6.90627059,0.00705799,0.12333601,-0.17315090
19.85000000,2,body3,0.99026320,-1.71518559,-5.03946502,0.05199222,-0.09005309,-0.51599026
19.85000000,3,body4,-2.34624614,-0.24856800,-6.90627069,-0.11034117,0.05555559,-0.17315093
19.90000000,0,body1,-0.05966930,0.10335054,-5.98985164,0.10308010,-0.17853989,-0.47909522
19.90000000,1,body2,1.38848090,1.91362088,-6.91489938,-0.00345001,0.11645096,-0.17201145
19.90000000,2,body3,0.99283858,-1.71964628,-5.06527532,0.05103450,-0.08839427,-0.51642947
19.90000000,3,body4,-2.35148438,-0.24564960,-6.91489948,-0.09912454,0.06121326,-0.17201148
19.95000000,0,body1,-0.05450675,0.09440873,-6.01389092,0.10338865,-0.17907431,-0.48241319
19.95000000,1,body2,1.38803869,1.91926674,-6.92347282,-0.01428758,0.10935117,-0.17093738
19.95000000,2,body3,0.99536787,-1.72402715,-5.09110880,0.05015041,-0.08686299,-0.51691862
19.95000000,3,body4,-2.35615274,-0.24244370,-6.92347292,-0.08755716,0.06704898,-0.17093741
20.00000000,0,body1,-0.04933395,0.08544919,-6.03808647,0.10348644,-0.17924368,-0.48534230
20.00000000,1,body2,1.38704793,1.92455312,-6.93199427,-0.02537775,0.10207941,-0.16993222
20.00000000,2,body3,0.99785500,-1.72833497,-5.11696812,0.04934908,-0.08547504,-0.51746437
20.00000000,3,body4,-2.36023551,-0.23894249,-6.93199437,-0.07571454,0.07301747,-0.16993225
20.05000000,0,body1,-0.04416191,0.07649096,-6.06241834,0.10335602,-0.17901780,-0.48786352
20.05000000,1,body2,1.38549817,1.92947263,-6.94046723,-0.03663196,0.09468493,-0.16899821
20.05000000,2,body3,1.00030428,-1.73257725,-5.14285626,0.04863758,-0.08424269,-0.51807179
20.05000000,3,body4,-2.36372105,-0.23514060,-6.94046733,-0.06368363,0.07906666,-0.16899824
20.10000000,0,body1,-0.03900237,0.06755437,-6.08686587,0.10298485,-0.17837490,-0.48996777
20.10000000,1,body2,1.38338361,1.93402046,-6.94889529,-0.04795348,0.08722156,-0.16813605
20.10000000,2,body3,1.00272033,-1.73676197,-5.16877638,0.04802047,-0.08317382,-0.51874400
20.10000000,3,body4,-2.36660231,-0.23103542,-6.94889539,-0.05155941,0.08513971,-0.16813607
20.15000000,0,body1,-0.03386755,0.05866062,-6.11140819,0.10236609,-0.17730320,-0.49165670
20.15000000,1,body2,1.38070338,1.93819457,-6.95728202,-0.05924167,0.07974536,-0.16734488
20.15000000,2,body3,1.00510793,-1.74089741,-5.19473176,0.04749936,-0.08227123,-0.51948186
20.15000000,3,body4,-2.36887709,-0.22662722,-6.95728212,-0.03944074,0.09117747,-0.16734491
20.20000000,0,body1,-0.02876990,0.04983122,-6.13602481,0.10149914,-0.17580159,-0.49294270
20.20000000,1,body2,1.37746167,1.94199571,-6.96563093,-0.07039670,0.07231195,-0.16662232
20.20000000,2,body3,1.00747184,-1.74499183,-5.22072564,0.04707283,-0.08153247,-0.52028398
20.20000000,3,body4,-2.37054812,-0.22191924,-6.96563102,-0.02742570,0.09712131,-0.16662235
20.25000000,0,body1,-0.02372169,0.04108747,-6.16069611,0.10038949,-0.17387962,-0.49384802
20.25000000,1,body2,1.37366751,1.94542736,-6.97394534,-0.08132419,0.06497399,-0.16596462
20.25000000,2,body3,1.00981671,-1.74905326,-5.24676117,0.04673654,-0.08094999,-0.52114672
20.25000000,3,body4,-2.37162294,-0.21691758,-6.97394544,-0.01560708,0.10291582,-0.16596465
20.30000000,0,body1,-0.01873481,0.03244995,-6.18540378,0.09904823,-0.17155649,-0.49440310
20.30000000,1,body2,1.36933447,1.94849549,-6.98222839,-0.09193925,0.05777889,-0.16536695
20.30000000,2,body3,1.01214688,-1.75308924,-5.27284123,0.04648356,-0.08051181,-0.52206453
20.30000000,3,body4,-2.37211350,-0.21163097,-6.98222849,-0.00406842,0.10851118,-0.16536697
20.35000000,0,body1,-0.01382046,0.02393806,-6.21013119,0.09749114,-0.16885953,-0.49464454
20.35000000,1,body2,1.36448002,1.95120830,-6.99048294,-0.10216949,0.05076717,-0.16482368
20.35000000,2,body3,1.01446631,-1.75710659,-5.29896842,0.04630490,-0.08020237,-0.52303035
20.35000000,3,body4,-2.37203564,-0.20607048,-6.99048304,0.00711903,0.11386497,-0.16482371
20.40000000,0,body1,-0.00898897,0.01556967,-6.23486367,0.09573750,-0.16582215,-0.49461266
20.40000000,1,body2,1.35912491,1.95357581,-6.99871157,-0.11195696,0.04397141,-0.16432878
20.40000000,2,body3,1.01677844,-1.76111132,-5.32514493,0.04619016,-0.08000363,-0.52403607
20.40000000,3,body4,-2.37140842,-0.20024907,-6.99871166,0.01789806,0.11894329,-0.16432881
20.45000000,0,body1,-0.00424963,0.00736089,-6.25958860,0.09380887,-0.16248167,-0.49434930
20.45000000,1,body2,1.35329243,1.95560945,-7.00691653,-0.12125873,0.03741589,-0.16387613
20.45000000,2,body3,1.01908620,-1.76510848,-5.35137255,0.04612811,-0.07989616,-0.52507306
20.45000000,3,body4,-2.37025336,-0.19418116,-7.00691662,0.02822620,0.12372110,-0.16387616
20.50000000,0,body1,0.00038937,-0.00067410,-6.28429544,0.09172787,-0.15887726,-0.49389575
20.50000000,1,body2,1.34700762,1.95732167,-7.01509979,-0.13004648,0.03111685,-0.16345977
20.50000000,2,body3,1.02139193,-1.76910213,-5.37765261,0.04610735,-0.07986021,-0.52613255
20.50000000,3,body4,-2.36859379,-0.18788224,-7.01509988,0.03807521,0.12818200,-0.16345980
20.55000000,0,body1,0.00492099,-0.00852309,-6.30897566,0.08951710,-0.15504810,-0.49329111
20.55000000,1,body2,1.34029661,1.95872555,-7.02326302,-0.13830526,0.02508314,-0.16307415
20.55000000,2,body3,1.02369743,-1.77309537,-5.40398604,0.04611679,-0.07987655,-0.52720611
20.55000000,3,body4,-2.36645409,-0.18136838,-7.02326311,0.04742994,0.13231747,-0.16307418
20.60000000,0,body1,0.00933928,-0.01617579,-6.33362263,0.08719834,-0.15103190,-0.49257120
20.60000000,1,body2,1.33318597,1.95983445,-7.03140764,-0.14603171,0.01931728,-0.16271426
20.60000000,2,body3,1.02600394,-1.77709036,-5.43037333,0.04614601,-0.07992716,-0.52828585
20.60000000,3,body4,-2.36385911,-0.17465594,-7.03140772,0.05628655,0.13612584,-0.16271429
20.65000000,0,body1,0.01363937,-0.02362375,-6.35823139,0.08479191,-0.14686385,-0.49176777
20.65000000,1,body2,1.32570222,1.96066170,-7.03953481,-0.15323201,0.01381650,-0.16237572
20.65000000,2,body3,1.02831220,-1.78108839,-5.45681461,0.04618556,-0.07999567,-0.52936465
20.65000000,3,body4,-2.36083365,-0.16776118,-7.03953489,0.06465052,0.13961110,-0.16237574
20.70000000,0,body1,0.01781732,-0.03086018,-6.38279847,0.08231629,-0.14257595,-0.49090825
20.70000000,1,body2,1.31787132,1.96122040,-7.04764551,-0.15991982,0.00857395,-0.16205479
20.70000000,2,body3,1.03062252,-1.78508998,-5.48330967,0.04622708,-0.08006759,-0.53043626
20.70000000,3,body4,-2.35740206,-0.16070007,-7.04764558,0.07253461,0.14278163,-0.16205482
20.75000000,0,body1,0.02187012,-0.03787982,-6.40732167,0.07978790,-0.13819665,-0.49001567
20.75000000,1,body2,1.30971846,1.96152323,-7.05574054,-0.16611433,0.00357970,-0.16174840
20.75000000,2,body3,1.03293481,-1.78909500,-5.50985802,0.04626339,-0.08013048,-0.53149534
20.75000000,3,body4,-2.35358789,-0.15348806,-7.05574061,0.07995701,0.14564911,-0.16174842
20.80000000,0,body1,0.02579547,-0.04467874,-6.43179981,0.07722105,-0.13375074,-0.48910890
20.80000000,1,body2,1.30126774,1.96158230,-7.06382055,-0.17183854,-0.00117822,-0.16145404
20.80000000,2,body3,1.03524866,-1.79310271,-5.53645892,0.04628843,-0.08017385,-0.53253745
20.80000000,3,body4,-2.34941369,-0.14613997,-7.06382062,0.08693961,0.14822746,-0.16145406
20.85000000,0,body1,0.02959179,-0.05125414,-6.45623257,0.07462802,-0.12925948,-0.48820302
20.85000000,1,body2,1.29254203,1.96140911,-7.07188611,-0.17711782,-0.00571314,-0.16116976
20.85000000,2,body3,1.03756338,-1.79711192,-5.56311142,0.04629723,-0.08018910,-0.53355894
20.85000000,3,body4,-2.34490085,-0.13866987,-7.07188617,0.09350661,0.15053199,-0.16116979
20.90000000,0,body1,0.03325801,-0.05760423,-6.48062032,0.07201916,-0.12474081,-0.48730967
20.90000000,1,body2,1.28356294,1.96101447,-7.07993768,-0.18197875,-0.01003901,-0.16089408
20.90000000,2,body3,1.03987804,-1.80112104,-5.58981443,0.04628581,-0.08016931,-0.53455697
20.90000000,3,body4,-2.34006953,-0.13109105,-7.07993774,0.09968339,0.15257875,-0.16089411
20.95000000,0,body1,0.03679358,-0.06372802,-6.50496390,0.06940309,-0.12020963,-0.48643759
20.95000000,1,body2,1.27435069,1.96040845,-7.08797565,-0.18644818,-0.01416998,-0.16062592
20.95000000,2,body3,1.04219156,-1.80512818,-5.61656669,0.04625104,-0.08010910,-0.53552934
20.95000000,3,body4,-2.33493859,-0.12341601,-7.08797571,0.10549563,0.15438391,-0.16062595
21.00000000,0,body1,0.04019832,-0.06962519,-6.52926454,0.06678685,-0.11567818,-0.48559299
21.00000000,1,body2,1.26492421,1.95960048,-7.09600039,-0.19055261,-0.01811996,-0.16036453
21.00000000,2,body3,1.04450271,-1.80913121,-5.64336690,0.04619058,-0.08000439,-0.53647442
21.00000000,3,body4,-2.32952563,-0.11565641,-7.09600044,0.11096863,0.15596346,-0.16036456
21.05000000,0,body1,0.04347236,-0.07529600,-6.55352372,0.06417616,-0.11115634,-0.48478001
21.05000000,1,body2,1.25530109,1.95859924,-7.10401222,-0.19431765,-0.02190244,-0.16010944
21.05000000,2,body3,1.04681016,-1.81312783,-5.67021366,0.04610272,-0.07985221,-0.53739109
21.05000000,3,body4,-2.32384698,-0.10782316,-7.10401226,0.11612688,0.15733284,-0.16010946
21.10000000,0,body1,0.04661611,-0.08074112,-6.57774311,0.06157557,-0.10665198,-0.48400110
21.10000000,1,body2,1.24549770,1.95741280,-7.11201144,-0.19776774,-0.02553025,-0.15986040
21.10000000,2,body3,1.04911250,-1.81711561,-5.69710553,0.04598629,-0.07965054,-0.53827863
21.10000000,3,body4,-2.31791780,-0.09992638,-7.11201148,0.12099371,0.15850680,-0.15986042
21.15000000,0,body1,0.04963015,-0.08596159,-6.60192442,0.05898861,-0.10217125,-0.48325733
21.15000000,1,body2,1.23552919,1.95604859,-7.11999836,-0.20092594,-0.02901549,-0.15961732
21.15000000,2,body3,1.05140829,-1.82109204,-5.72404103,0.04584056,-0.07939813,-0.53913667
21.15000000,3,body4,-2.31175210,-0.09197549,-7.11999840,0.12559112,0.15949926,-0.15961735
21.20000000,0,body1,0.05251524,-0.09095871,-6.62606942,0.05641803,-0.09771887,-0.48254866
21.20000000,1,body2,1.22540962,1.95451344,-7.12797328,-0.20381381,-0.03236945,-0.15938028
21.20000000,2,body3,1.05369606,-1.82505457,-5.75101870,0.04566517,-0.07909435,-0.53996508
21.20000000,3,body4,-2.30536283,-0.08397925,-7.12797331,0.12993967,0.16032325,-0.15938031
21.25000000,0,body1,0.05527226,-0.09573401,-6.65017986,0.05386586,-0.09329838,-0.48187422
21.25000000,1,body2,1.21515199,1.95281365,-7.13593650,-0.20645139,-0.03560260,-0.15914944
21.25000000,2,body3,1.05597431,-1.82900062,-5.77803705,0.04546005,-0.07873908,-0.54076398
21.25000000,3,body4,-2.29876196,-0.07594576,-7.13593652,0.13405845,0.16099088,-0.15914947
21.30000000,0,body1,0.05790216,-0.10028913,-6.67425739,0.05133356,-0.08891231,-0.48123248
21.30000000,1,body2,1.20476835,1.95095502,-7.14388834,-0.20885718,-0.03872460,-0.15892504
21.30000000,2,body3,1.05824157,-1.83292762,-5.80509461,0.04522537,-0.07833259,-0.54153365
21.30000000,3,body4,-2.29196052,-0.06788257,-7.14388836,0.13796508,0.16151336,-0.15892506
21.35000000,0,body1,0.06040596,-0.10462584,-6.69830361,0.04882213,-0.08456239,-0.48062142
21.35000000,1,body2,1.19426985,1.94894289,-7.15182912,-0.21104825,-0.04174432,-0.15870738
21.35000000,2,body3,1.06049635,-1.83683303,-5.83218993,0.04496145,-0.07787548,-0.54227451
21.35000000,3,body4,-2.28496872,-0.05979666,-7.15182914,0.14167578,0.16190102,-0.15870740
21.40000000,0,body1,0.06278473,-0.10874599,-6.72232000,0.04633222,-0.08024973,-0.48003868
21.40000000,1,body2,1.18366685,1.94678215,-7.15975920,-0.21304023,-0.04466990,-0.15849678
21.40000000,2,body3,1.06273723,-1.84071434,-5.85932159,0.04466877,-0.07736855,-0.54298707
21.40000000,3,body4,-2.27779596,-0.05169454,-7.15975921,0.14520540,0.16216334,-0.15849681
21.45000000,0,body1,0.06503955,-0.11265144,-6.74630791,0.04386413,-0.07597489,-0.47948163
21.45000000,1,body2,1.17296892,1.94447734,-7.16767893,-0.21484746,-0.04750875,-0.15829363
21.45000000,2,body3,1.06496276,-1.84456908,-5.88648818,0.04434791,-0.07681280,-0.54367191
21.45000000,3,body4,-2.27045097,-0.04358226,-7.16767894,0.14856753,0.16230902,-0.15829365
21.50000000,0,body1,0.06717151,-0.11634411,-6.77026855,0.04141797,-0.07173801,-0.47894748
21.50000000,1,body2,1.16218497,1.94203261,-7.17558870,-0.21648302,-0.05026764,-0.15809828
21.50000000,2,body3,1.06717155,-1.84839483,-5.91368833,0.04399950,-0.07620934,-0.54432968
21.50000000,3,body4,-2.26294180,-0.03546544,-7.17558870,0.15177458,0.16234601,-0.15809830
21.55000000,0,body1,0.06918171,-0.11982588,-6.79420299,0.03899364,-0.06753894,-0.47843337
21.55000000,1,body2,1.15132328,1.93945180,-7.18348890,-0.21795888,-0.05295273,-0.15791112
21.55000000,2,body3,1.06936225,-1.85218924,-5.94092071,0.04362424,-0.07555937,-0.54496105
21.55000000,3,body4,-2.25527591,-0.02734934,-7.18348890,0.15483787,0.16228160,-0.15791114
21.60000000,0,body1,0.07107123,-0.12309863,-6.81811217,0.03659088,-0.06337725,-0.47793635
21.60000000,1,body2,1.14039157,1.93673847,-7.19137996,-0.21928593,-0.05556962,-0.15773254
21.60000000,2,body3,1.07153354,-1.85595002,-5.96818401,0.04322285,-0.07486414,-0.54556673
21.60000000,3,body4,-2.24746023,-0.01923886,-7.19137995,0.15776769,0.16212241,-0.15773256
21.65000000,0,body1,0.07284115,-0.12616421,-6.84199686,0.03420936,-0.05925233,-0.47745350
21.65000000,1,body2,1.12939701,1.93389588,-7.19926231,-0.22047412,-0.05812341,-0.15756291
21.65000000,2,body3,1.07368411,-1.85967492,-5.99547696,0.04279606,-0.07412492,-0.54614741
21.65000000,3,body4,-2.23950121,-0.01113857,-7.19926230,0.16057343,0.16187452,-0.15756293
21.70000000,0,body1,0.07449251,-0.12902446,-6.86585771,0.03184863,-0.05516342,-0.47698191
21.70000000,1,body2,1.11834633,1.93092709,-7.20713641,-0.22153251,-0.06061872,-0.15740261
21.70000000,2,body3,1.07581273,-1.86336180,-6.02279834,0.04234461,-0.07334299,-0.54670381
21.70000000,3,body4,-2.23140482,-0.00305278,-7.20713639,0.16326363,0.16154345,-0.15740263
21.75000000,0,body1,0.07602635,-0.13168114,-6.88969519,0.02950821,-0.05110970,-0.47651872
21.75000000,1,body2,1.10724579,1.92783491,-7.21500274,-0.22246935,-0.06305977,-0.15725200
21.75000000,2,body3,1.07791817,-1.86700854,-6.05014695,0.04186923,-0.07251961,-0.54723663
21.75000000,3,body4,-2.22317664,0.00501448,-7.21500271,0.16584607,0.16113426,-0.15725202
21.80000000,0,body1,0.07744366,-0.13413600,-6.91350967,0.02718756,-0.04709023,-0.47606113
21.80000000,1,body2,1.09610130,1.92462195,-7.22286178,-0.22329218,-0.06545037,-0.15711142
21.80000000,2,body3,1.07999926,-1.87061309,-6.07752163,0.04137064,-0.07165604,-0.54774656
21.80000000,3,body4,-2.21482189,0.01305943,-7.22286176,0.16832780,0.16065155,-0.15711145
21.85000000,0,body1,0.07874543,-0.13639072,-6.93730136,0.02488615,-0.04310406,-0.47560643
21.85000000,1,body2,1.08491837,1.92129065,-7.23071406,-0.22400785,-0.06779399,-0.15698123
21.85000000,2,body3,1.08205486,-1.87417349,-6.10492124,0.04084955,-0.07075347,-0.54823430
21.85000000,3,body4,-2.20634543,0.02107849,-7.23071403,0.17071528,0.16009952,-0.15698125
21.90000000,0,body1,0.07993259,-0.13844694,-6.96107032,0.02260340,-0.03915023,-0.47515196
21.90000000,1,body2,1.07370220,1.91784328,-7.23856009,-0.22462263,-0.07009380,-0.15686175
21.90000000,2,body3,1.08408385,-1.87768781,-6.13234470,0.04030662,-0.06981309,-0.54870050
21.90000000,3,body4,-2.19775183,0.02906830,-7.23856005,0.17301437,0.15948203,-0.15686177
21.95000000,0,body1,0.08100607,-0.14030626,-6.98481651,0.02033876,-0.03522776,-0.47469518
21.95000000,1,body2,1.06245770,1.91428195,-7.24640042,-0.22514223,-0.07235266,-0.15675329
21.95000000,2,body3,1.08608516,-1.88115419,-6.15979094,0.03974251,-0.06883602,-0.54914581
21.95000000,3,body4,-2.18904538,0.03702567,-7.24640038,0.17523039,0.15880259,-0.15675331
22.00000000,0,body1,0.08196676,-0.14197023,-7.00853976,0.01809167,-0.03133568,-0.47423362
22.00000000,1,body2,1.05118948,1.91060865,-7.25423561,-0.22557185,-0.07457317,-0.15665615
22.00000000,2,body3,1.08805775,-1.88457082,-6.18725894,0.03915784,-0.06782336,-0.54957086
22.00000000,3,body4,-2.18023010,0.04494758,-7.25423557,0.17736823,0.15806440,-0.15665618
22.05000000,0,body1,0.08281552,-0.14344032,-7.03223976,0.01586159,-0.02747307,-0.47376489
22.05000000,1,body2,1.03990194,1.90682523,-7.26206624,-0.22591628,-0.07675771,-0.15657064
22.05000000,2,body3,1.09000061,-1.88793595,-6.21474770,0.03855322,-0.06677613,-0.54997626
22.05000000,3,body4,-2.17130978,0.05283118,-7.26206619,0.17943231,0.15727041,-0.15657066
22.10000000,0,body1,0.08355319,-0.14471801,-7.05591609,0.01364801,-0.02363903,-0.47328670
22.10000000,1,body2,1.02859921,1.90293344,-7.26989288,-0.22617985,-0.07890844,-0.15649702
22.10000000,2,body3,1.09191275,-1.89124788,-6.24225625,0.03792922,-0.06569531,-0.55036258
22.10000000,3,body4,-2.16228803,0.06067375,-7.26989283,0.18142669,0.15642330,-0.15649705
22.15000000,0,body1,0.08418059,-0.14580469,-7.07956823,0.01145041,-0.01983268,-0.47279685
22.15000000,1,body2,1.01728524,1.89893491,-7.27771615,-0.22636655,-0.08102732,-0.15643557
22.15000000,2,body3,1.09379321,-1.89450494,-6.26978365,0.03728636,-0.06458186,-0.55073040
22.15000000,3,body4,-2.15316822,0.06847268,-7.27771609,0.18335504,0.15552555,-0.15643560
22.20000000,0,body1,0.08469849,-0.14670173,-7.10319554,0.00926833,-0.01605320,-0.47229321
22.20000000,1,body2,1.00596378,1.89483121,-7.28553665,-0.22648002,-0.08311614,-0.15638655
22.20000000,2,body3,1.09564107,-1.89770554,-6.29732899,0.03662517,-0.06343664,-0.55108027
22.20000000,3,body4,-2.14395357,0.07622550,-7.28553659,0.18522075,0.15457941,-0.15638658
22.25000000,0,body1,0.08510767,-0.14741044,-7.12679729,0.00710132,-0.01229983,-0.47177372
22.25000000,1,body2,0.99463841,1.89062377,-7.29335502,-0.22652360,-0.08517651,-0.15635021
22.25000000,2,body3,1.09745543,-1.90084809,-6.32489138,0.03594612,-0.06226050,-0.55141269
22.25000000,3,body4,-2.13464713,0.08392985,-7.29335495,0.18702688,0.15358696,-0.15635024
22.30000000,0,body1,0.08540887,-0.14793213,-7.15037262,0.00494897,-0.00857185,-0.47123641
22.30000000,1,body2,0.98331254,1.88631400,-7.30117189,-0.22650035,-0.08720993,-0.15632679
22.30000000,2,body3,1.09923539,-1.90393108,-6.35246998,0.03524968,-0.06105422,-0.55172819
22.30000000,3,body4,-2.12525182,0.09158346,-7.30117182,0.18877625,0.15255011,-0.15632681
22.35000000,0,body1,0.08560281,-0.14826804,-7.17392060,0.00281088,-0.00486858,-0.47067939
22.35000000,1,body2,0.97198944,1.88190320,-7.30898792,-0.22641306,-0.08921774,-0.15631652
22.35000000,2,body3,1.10098011,-1.90695303,-6.38006393,0.03453626,-0.05981855,-0.55202724
22.35000000,3,body4,-2.11577041,0.09918416,-7.30898785,0.19047141,0.15147062,-0.15631655
22.40000000,0,body1,0.08569019,-0.14841939,-7.19744020,0.00068671,-0.00118941,-0.47010080
22.40000000,1,body2,0.96067226,1.87739263,-7.31680377,-0.22626430,-0.09120115,-0.15631963
22.40000000,2,body3,1.10268874,-1.90991246,-6.40767243,0.03380628,-0.05855419,-0.55231031
22.40000000,3,body4,-2.10620555,0.10672985,-7.31680370,0.19211472,0.15035008,-0.15631965
22.45000000,0,body1,0.08567170,-0.14838737,-7.22093029,-0.00142386,0.00246621,-0.46949889
22.45000000,1,body2,0.94936400,1.87278347,-7.32462012,-0.22605644,-0.09316128,-0.15633633
22.45000000,2,body3,1.10436047,-1.91280798,-6.43529470,0.03306011,-0.05726178,-0.55257786
22.45000000,3,body4,-2.09655977,0.11421851,-7.32462004,0.19370832,0.14919000,-0.15633636
22.50000000,0,body1,0.08554802,-0.14817315,-7.24438967,-0.00352113,0.00609879,-0.46887193
22.50000000,1,body2,0.93806757,1.86807687,-7.33243764,-0.22579162,-0.09509915,-0.15636685
22.50000000,2,body3,1.10599449,-1.91563819,-6.46292997,0.03229810,-0.05594195,-0.55283031
22.50000000,3,body4,-2.08683551,0.12164822,-7.33243756,0.19525415,0.14799173,-0.15636688
22.55000000,0,body1,0.08531981,-0.14777787,-7.26781704,-0.00560536,0.00970878,-0.46821826
22.55000000,1,body2,0.92678576,1.86327391,-7.34025704,-0.22547185,-0.09701565,-0.15641138
22.55000000,2,body3,1.10759002,-1.91840173,-6.49057749,0.03152059,-0.05459525,-0.55306808
22.55000000,3,body4,-2.07703512,0.12901708,-7.34025695,0.19675401,0.14675655,-0.15641141
22.60000000,0,body1,0.08498770,-0.14720265,-7.29121102,-0.00767676,0.01329655,-0.46753627
22.60000000,1,body2,0.91552128,1.85837565,-7.34807902,-0.22509895,-0.09891162,-0.15647014
22.60000000,2,body3,1.10914629,-1.92109727,-6.51823654,0.03072788,-0.05322224,-0.55329157
22.60000000,3,body4,-2.06716085,0.13632328,-7.34807893,0.19820952,0.14548562,-0.15647016
22.65000000,0,body1,0.08455234,-0.14644858,-7.31457017,-0.00973553,0.01686245,-0.46682441
22.65000000,1,body2,0.90427673,1.85338308,-7.35590430,-0.22467460,-0.10078782,-0.15654330
22.65000000,2,body3,1.11066255,-1.92372352,-6.54590641,0.02992026,-0.05182339,-0.55350116
22.65000000,3,body4,-2.05721488,0.14356506,-7.35590420,0.19962218,0.14418002,-0.15654333
22.70000000,0,body1,0.08401436,-0.14551676,-7.33789294,-0.01178183,0.02040675,-0.46608116
22.70000000,1,body2,0.89305465,1.84829718,-7.36373360,-0.22420034,-0.10264490,-0.15663108
22.70000000,2,body3,1.11213807,-1.92627919,-6.57358643,0.02909799,-0.05039919,-0.55369724
22.70000000,3,body4,-2.04719932,0.15074072,-7.36373350,0.20099333,0.14284076,-0.15663110
22.75000000,0,body1,0.08337436,-0.14440826,-7.36117774,-0.01381579,0.02392966,-0.46530505
22.75000000,1,body2,0.88185751,1.84311889,-7.37156766,-0.22367760,-0.10448349,-0.15673365
22.75000000,2,body3,1.11357211,-1.92876303,-6.60127592,0.02826134,-0.04895006,-0.55388016
22.75000000,3,body4,-2.03711622,0.15784860,-7.37156756,0.20232422,0.14146876,-0.15673367
22.80000000,0,body1,0.08263298,-0.14312415,-7.38442287,-0.01583749,0.02743135,-0.46449464
22.80000000,1,body2,0.87068768,1.83784913,-7.37940722,-0.22310767,-0.10630411,-0.15685120
22.80000000,2,body3,1.11496397,-1.93117379,-6.62897423,0.02741052,-0.04747640,-0.55405026
22.80000000,3,body4,-2.02696755,0.16488707,-7.37940711,0.20361596,0.14006487,-0.15685122
22.85000000,0,body1,0.08179082,-0.14166548,-7.40762661,-0.01784700,0.03091193,-0.46364854
22.85000000,1,body2,0.85954751,1.83248877,-7.38725303,-0.22249177,-0.10810726,-0.15698391
22.85000000,2,body3,1.11631293,-1.93351026,-6.65668074,0.02654575,-0.04597858,-0.55420789
22.85000000,3,body4,-2.01675525,0.17185457,-7.38725293,0.20486958,0.13862991,-0.15698394
22.90000000,0,body1,0.08084848,-0.14003331,-7.43078711,-0.01984436,0.03437145,-0.46276538
22.90000000,1,body2,0.84843926,1.82703869,-7.39510587,-0.22183100,-0.10989335,-0.15713196
22.90000000,2,body3,1.11761831,-1.93577125,-6.68439482,0.02566724,-0.04445695,-0.55435336
22.90000000,3,body4,-2.00648121,0.17874956,-7.39510576,0.20608601,0.13716462,-0.15713199
22.95000000,0,body1,0.07980659,-0.13822869,-7.45390250,-0.02182955,0.03780990,-0.46184384
22.95000000,1,body2,0.83736514,1.82149971,-7.40296649,-0.22112638,-0.11166278,-0.15729553
22.95000000,2,body3,1.11887943,-1.93795557,-6.71211587,0.02477516,-0.04291182,-0.55448700
22.95000000,3,body4,-1.99614726,0.18557054,-7.40296638,0.20726607,0.13566969,-0.15729556
23.00000000,0,body1,0.07866573,-0.13625267,-7.47697083,-0.02380254,0.04122722,-0.46088262
23.00000000,1,body2,0.82632734,1.81587268,-7.41083569,-0.22037886,-0.11341586,-0.15747478
23.00000000,2,body3,1.12009560,-1.94006205,-6.73984332,0.02386968,-0.04134349,-0.55460910
23.00000000,3,body4,-1.98575520,0.19231605,-7.41083557,0.20841052,0.13414578,-0.15747481
23.05000000,0,body1,0.07742654,-0.13410632,-7.49999008,-0.02576327,0.04462331,-0.45988044
23.05000000,1,body2,0.81532796,1.81015839,-7.41871424,-0.21958931,-0.11515289,-0.15766989
23.05000000,2,body3,1.12126617,-1.94208954,-6.76757660,0.02295096,-0.03975222,-0.55471997
23.05000000,3,body4,-1.97530679,0.19898465,-7.41871412,0.20952005,0.13259349,-0.15766992
23.10000000,0,body1,0.07608961,-0.13179070,-7.52295817,-0.02771164,0.04799799,-0.45883606
23.10000000,1,body2,0.80436909,1.80435765,-7.42660295,-0.21875852,-0.11687409,-0.15788103
23.10000000,2,body3,1.12239048,-1.94403689,-6.79531514,0.02201915,-0.03813827,-0.55481988
23.10000000,3,body4,-1.96480376,0.20557494,-7.42660283,0.21059526,0.13101340,-0.15788106
23.15000000,0,body1,0.07465558,-0.12930688,-7.54587297,-0.02964753,0.05135104,-0.45774827
23.15000000,1,body2,0.79345279,1.79847125,-7.43450261,-0.21788723,-0.11857967,-0.15810835
23.15000000,2,body3,1.12346787,-1.94590299,-6.82305841,0.02107437,-0.03650186,-0.55490914
23.15000000,3,body4,-1.95424782,0.21208554,-7.43450250,0.21163670,0.12940606,-0.15810838
23.20000000,0,body1,0.07312507,-0.12665596,-7.56873226,-0.03157076,0.05468218,-0.45661586
23.20000000,1,body2,0.78258104,1.79249994,-7.44241406,-0.21697613,-0.12026980,-0.15835202
23.20000000,2,body3,1.12449770,-1.94768671,-6.85080588,0.02011674,-0.03484321,-0.55498799
23.20000000,3,body4,-1.94364065,0.21851510,-7.44241394,0.21264484,0.12777196,-0.15835206
23.25000000,0,body1,0.07149872,-0.12383903,-7.59153379,-0.03348116,0.05799109,-0.45543767
23.25000000,1,body2,0.77175583,1.78644452,-7.45033809,-0.21602585,-0.12194459,-0.15861221
23.25000000,2,body3,1.12547933,-1.94938694,-6.87855704,0.01914638,-0.03316250,-0.55505672
23.25000000,3,body4,-1.93298389,0.22486230,-7.45033797,0.21362012,0.12611159,-0.15861224
23.30000000,0,body1,0.06977717,-0.12085723,-7.61427524,-0.03537850,0.06127737,-0.45421256
23.30000000,1,body2,0.76097910,1.78030574,-7.45827556,-0.21503697,-0.12360415,-0.15888906
23.30000000,2,body3,1.12641213,-1.95100259,-6.90631139,0.01816340,-0.03145992,-0.55511558
23.30000000,3,body4,-1.92227918,0.23112583,-7.45827543,0.21456290,0.12442542,-0.15888909
23.35000000,0,body1,0.06796109,-0.11771168,-7.63695424,-0.03726252,0.06454060,-0.45293939
23.35000000,1,body2,0.75025277,1.77408436,-7.46622728,-0.21401004,-0.12524852,-0.15918273
23.35000000,2,body3,1.12729546,-1.95253257,-6.93406844,0.01716787,-0.02973561,-0.55516482
23.35000000,3,body4,-1.91152813,0.23730442,-7.46622716,0.21547350,0.12271388,-0.15918276
23.40000000,0,body1,0.06605115,-0.11440356,-7.65956836,-0.03913294,0.06778026,-0.45161707
23.40000000,1,body2,0.73957872,1.76778114,-7.47419412,-0.21294555,-0.12687775,-0.15949337
23.40000000,2,body3,1.12812871,-1.95397580,-6.96182771,0.01615989,-0.02798973,-0.55520470
23.40000000,3,body4,-1.90073236,0.24339681,-7.47419399,0.21635220,0.12097739,-0.15949340
23.45000000,0,body1,0.06404803,-0.11093405,-7.68211511,-0.04098945,0.07099582,-0.45024451
23.45000000,1,body2,0.72895883,1.76139684,-7.48217691,-0.21184397,-0.12849181,-0.15982113
23.45000000,2,body3,1.12891124,-1.95533119,-6.98958875,0.01513952,-0.02622242,-0.55523545
23.45000000,3,body4,-1.88989344,0.24940176,-7.48217678,0.21719924,0.11921636,-0.15982116
23.50000000,0,body1,0.06195244,-0.10730439,-7.70459196,-0.04283169,0.07418668,-0.44882066
23.50000000,1,body2,0.71839494,1.75493221,-7.49017652,-0.21070574,-0.13009070,-0.16016616
23.50000000,2,body3,1.12964245,-1.95659768,-7.01735111,0.01410686,-0.02443378,-0.55525732
23.50000000,3,body4,-1.87901296,0.25531804,-7.49017639,0.21801480,0.11743118,-0.16016619
23.55000000,0,body1,0.05976510,-0.10351581,-7.72699631,-0.04465928,0.07735217,-0.44734449
23.55000000,1,body2,0.70788886,1.74838802,-7.49819382,-0.20953126,-0.13167434,-0.16052859
23.55000000,2,body3,1.13032172,-1.95777421,-7.04511434,0.01306194,-0.02262394,-0.55527055
23.55000000,3,body4,-1.86809248,0.26114448,-7.49819369,0.21879903,0.11562224,-0.16052862
23.60000000,0,body1,0.05748676,-0.09956961,-7.74932552,-0.04647183,0.08049158,-0.44581498
23.60000000,1,body2,0.69744241,1.74176503,-7.50622967,-0.20832092,-0.13324265,-0.16090856
23.60000000,2,body3,1.13094844,-1.95885973,-7.07287802,0.01200484,-0.02079299,-0.55527535
23.60000000,3,body4,-1.85713357,0.26687988,-7.50622954,0.21955206,0.11378989,-0.16090860
23.65000000,0,body1,0.05511818,-0.09546710,-7.77157690,-0.04826887,0.08360416,-0.44423113
23.65000000,1,body2,0.68705737,1.73506401,-7.51428497,-0.20707506,-0.13479552,-0.16130621
23.65000000,2,body3,1.13152200,-1.95985316,-7.10064174,0.01093561,-0.01894102,-0.55527197
23.65000000,3,body4,-1.84613779,0.27252309,-7.51428484,0.22027396,0.11193451,-0.16130625
23.70000000,0,body1,0.05266014,-0.09120965,-7.79374771,-0.05004994,0.08668907,-0.44259200
23.70000000,1,body2,0.67673549,1.72828574,-7.52236060,-0.20579403,-0.13633283,-0.16172167
23.70000000,2,body3,1.13204180,-1.96075348,-7.12840509,0.00985429,-0.01706811,-0.55526063
23.70000000,3,body4,-1.83510669,0.27807295,-7.52236046,0.22096479,0.11005645,-0.16172170
23.75000000,0,body1,0.05011346,-0.08679867,-7.81583516,-0.05181454,0.08974544,-0.44089663
23.75000000,1,body2,0.66647855,1.72143099,-7.53045744,-0.20447814,-0.13785440,-0.16215506
23.75000000,2,body3,1.13250723,-1.96155963,-7.15616767,0.00876092,-0.01517435,-0.55524154
23.75000000,3,body4,-1.82404183,0.28352836,-7.53045731,0.22162457,0.10815607,-0.16215509
23.80000000,0,body1,0.04747897,-0.08223560,-7.83783642,-0.05356212,0.09277234,-0.43914411
23.80000000,1,body2,0.65628826,1.71450056,-7.53857640,-0.20312770,-0.13936006,-0.16260649
23.80000000,2,body3,1.13291769,-1.96227057,-7.18392912,0.00765555,-0.01325979,-0.55521493
23.80000000,3,body4,-1.81294476,0.28888820,-7.53857627,0.22225329,0.10623373,-0.16260653
23.85000000,0,body1,0.04475754,-0.07752194,-7.85974861,-0.05529212,0.09576878,-0.43733357
23.85000000,1,body2,0.64616635,1.70749525,-7.54671839,-0.20174300,-0.14084961,-0.16307609
23.85000000,2,body3,1.13327259,-1.96288526,-7.21168904,0.00653821,-0.01132449,-0.55518100
23.85000000,3,body4,-1.80181702,0.29415137,-7.54671826,0.22285093,0.10428976,-0.16307612
23.90000000,0,body1,0.04195006,-0.07265925,-7.88156880,-0.05700393,0.09873372,-0.43546413
23.90000000,1,body2,0.63611452,1.70041587,-7.55488432,-0.20032431,-0.14232283,-0.16356396
23.90000000,2,body3,1.13357132,-1.96340267,-7.23944710,0.00540893,-0.00936852,-0.55513999
23.90000000,3,body4,-1.79066018,0.29931682,-7.55488418,0.22341743,0.10232454,-0.16356399
23.95000000,0,body1,0.03905746,-0.06764911,-7.90329402,-0.05869692,0.10166607,-0.43353497
23.95000000,1,body2,0.62613448,1.69326325,-7.56307510,-0.19887191,-0.14377946,-0.16407020
23.95000000,2,body3,1.13381328,-1.96382177,-7.26720293,0.00426774,-0.00739193,-0.55509209
23.95000000,3,body4,-1.77947580,0.30438348,-7.56307496,0.22395271,0.10033840,-0.16407023
24.00000000,0,body1,0.03608069,-0.06249320,-7.92492128,-0.06037042,0.10456466,-0.43154531
24.00000000,1,body2,0.61622789,1.68603821,-7.57129165,-0.19738607,-0.14521926,-0.16459490
24.00000000,2,body3,1.13399789,-1.96414152,-7.29495620,0.00311467,-0.00539476,-0.55503751
24.00000000,3,body4,-1.76826543,0.30935032,-7.57129151,0.22445668,0.09833172,-0.16459494
24.05000000,0,body1,0.03302075,-0.05719323,-7.94644753,-0.06202375,0.10742830,-0.42949437
24.05000000,1,body2,0.60639643,1.67874161,-7.57953490,-0.19586702,-0.14664192,-0.16513815
24.05000000,2,body3,1.13412455,-1.96436090,-7.32270657,0.00194975,-0.00337705,-0.55497647
24.05000000,3,body4,-1.75703065,0.31421632,-7.57953476,0.22492922,0.09630486,-0.16513819
24.10000000,0,body1,0.02987867,-0.05175097,-7.96786969,-0.06365616,0.11025572,-0.42738144
24.10000000,1,body2,0.59664174,1.67137431,-7.58780578,-0.19431505,-0.14804716,-0.16570004
24.10000000,2,body3,1.13419267,-1.96447888,-7.35045374,0.00077299,-0.00133885,-0.55490916
24.10000000,3,body4,-1.74577303,0.31898047,-7.58780564,0.22537021,0.09425819,-0.16570008
24.15000000,0,body1,0.02665550,-0.04616828,-7.98918463,-0.06526690,0.11304560,-0.42520583
24.15000000,1,body2,0.58696547,1.66393719,-7.59610521,-0.19273039,-0.14943465,-0.16628062
24.15000000,2,body3,1.13420165,-1.96449445,-7.37819739,-0.00041557,0.00071980,-0.55483580
24.15000000,3,body4,-1.73449416,0.32364181,-7.59610508,0.22577948,0.09219209,-0.16628066
24.20000000,0,body1,0.02335235,-0.04044706,-8.01038922,-0.06685517,0.11579657,-0.42296689
24.20000000,1,body2,0.57736924,1.65643114,-7.60443415,-0.19111330,-0.15080407,-0.16687997
24.20000000,2,body3,1.13415092,-1.96440656,-7.40593722,-0.00161593,0.00279888,-0.55475658
24.20000000,3,body4,-1.72319562,0.32819937,-7.60443402,0.22615689,0.09010694,-0.16688001
24.25000000,0,body1,0.01997037,-0.03458930,-8.03148026,-0.06842015,0.11850721,-0.42066403
24.25000000,1,body2,0.56785467,1.64885709,-7.61279353,-0.18946405,-0.15215505,-0.16749812
24.25000000,2,body3,1.13403987,-1.96421422,-7.43367295,-0.00282805,0.00489834,-0.55467171
24.25000000,3,body4,-1.71187900,0.33265220,-7.61279339,0.22650225,0.08800315,-0.16749816
24.30000000,0,body1,0.01651074,-0.02859704,-8.05245454,-0.06996099,0.12117602,-0.41829669
24.30000000,1,body2,0.55842337,1.64121595,-7.62118428,-0.18778288,-0.15348724,-0.16813512
24.30000000,2,body3,1.13386792,-1.96391639,-7.46140430,-0.00405192,0.00701815,-0.55458137
24.30000000,3,body4,-1.70054593,0.33699938,-7.62118415,0.22681538,0.08588113,-0.16813516
24.35000000,0,body1,0.01297469,-0.02247242,-8.07330884,-0.07147680,0.12380147,-0.41586435
24.35000000,1,body2,0.54907691,1.63350868,-7.62960735,-0.18607007,-0.15480026,-0.16879101
24.35000000,2,body3,1.13363448,-1.96351206,-7.48913100,-0.00528753,0.00915828,-0.55448577
24.35000000,3,body4,-1.68919801,0.34124001,-7.62960722,0.22709608,0.08374129,-0.16879105
24.40000000,0,body1,0.00936349,-0.01621764,-8.09403989,-0.07296666,0.12638199,-0.41336658
24.40000000,1,body2,0.53981688,1.62573625,-7.63806370,-0.18432590,-0.15609371,-0.16946578
24.40000000,2,body3,1.13333897,-1.96300022,-7.51685279,-0.00653485,0.01131870,-0.55438510
24.40000000,3,body4,-1.67783687,0.34537322,-7.63806357,0.22734415,0.08158406,-0.16946582
24.45000000,0,body1,0.00567847,-0.00983500,-8.11464440,-0.07442963,0.12891592,-0.41080296
24.45000000,1,body2,0.53064484,1.61789964,-7.64655425,-0.18255063,-0.15736718,-0.17015946
24.45000000,2,body3,1.13298080,-1.96237986,-7.54456943,-0.00779386,0.01349937,-0.55427956
24.45000000,3,body4,-1.66646414,0.34939813,-7.64655412,0.22755938,0.07940990,-0.17015950
24.50000000,0,body1,0.00192099,-0.00332685,-8.13511908,-0.07586472,0.13140158,-0.40817315
24.50000000,1,body2,0.52156233,1.60999987,-7.65507996,-0.18074457,-0.15862027,-0.17087203
24.50000000,2,body3,1.13255939,-1.96164995,-7.57228067,-0.00906454,0.01570026,-0.55416932
24.50000000,3,body4,-1.65508148,0.35331393,-7.65507983,0.22774155,0.07721926,-0.17087207
24.55000000,0,body1,-0.00190752,0.00330433,-8.15546061,-0.07727094,0.13383722,-0.40547688
24.55000000,1,body2,0.51257089,1.60203796,-7.66364177,-0.17890802,-0.15985254,-0.17160347
24.55000000,2,body3,1.13207415,-1.96080949,-7.59998629,-0.01034688,0.01792135,-0.55405459
24.55000000,3,body4,-1.64369054,0.35711979,-7.66364164,0.22789045,0.07501263,-0.17160351
24.60000000,0,body1,-0.00580560,0.01005600,-8.17566566,-0.07864725,0.13622106,-0.40271391
24.60000000,1,body2,0.50367203,1.59401497,-7.67224062,-0.17704129,-0.16106355,-0.17235373
24.60000000,2,body3,1.13152451,-1.95985748,-7.62768606,-0.01164086,0.02016258,-0.55393554
24.60000000,3,body4,-1.63229299,0.36081493,-7.67224050,0.22800585,0.07279048,-0.17235378
24.65000000,0,body1,-0.00977173,0.01692554,-8.19573089,-0.07999259,0.13855125,-0.39988411
24.65000000,1,body2,0.49486726,1.58593197,-7.68087745,-0.17514471,-0.16225286,-0.17312278
24.65000000,2,body3,1.13090987,-1.95879290,-7.65537977,-0.01294645,0.02242393,-0.55381235
24.65000000,3,body4,-1.62089052,0.36439859,-7.68087733,0.22808753,0.07055334,-0.17312282
24.70000000,0,body1,-0.01380433,0.02391020,-8.21565295,-0.08130587,0.14082592,-0.39698740
24.70000000,1,body2,0.48615805,1.57779006,-7.68955321,-0.17321862,-0.16342001,-0.17391053
24.70000000,2,body3,1.13022967,-1.95761475,-7.68306723,-0.01426364,0.02470537,-0.55368520
24.70000000,3,body4,-1.60948480,0.36787003,-7.68955309,0.22813527,0.06830173,-0.17391057
24.75000000,0,body1,-0.01790176,0.03100717,-8.23542851,-0.08258597,0.14304313,-0.39402376
24.75000000,1,body2,0.47754588,1.56959035,-7.69826882,-0.17126340,-0.16456455,-0.17471690
24.75000000,2,body3,1.12948332,-1.95632203,-7.71074823,-0.01559240,0.02700685,-0.55355427
24.75000000,3,body4,-1.59807756,0.37122853,-7.69826870,0.22814886,0.06603618,-0.17471695
24.80000000,0,body1,-0.02206235,0.03821353,-8.25505422,-0.08383177,0.14520091,-0.39099327
24.80000000,1,body2,0.46903219,1.56133399,-7.70702521,-0.16927940,-0.16568600,-0.17554180
24.80000000,2,body3,1.12867024,-1.95491373,-7.73842259,-0.01693271,0.02932833,-0.55341973
24.80000000,3,body4,-1.58667049,0.37447342,-7.70702509,0.22812807,0.06375727,-0.17554184
24.85000000,0,body1,-0.02628435,0.04552624,-8.27452673,-0.08504210,0.14729726,-0.38789609
24.85000000,1,body2,0.46061841,1.55302214,-7.71582330,-0.16726704,-0.16678391,-0.17638509
24.85000000,2,body3,1.12778986,-1.95338886,-7.76609014,-0.01828454,0.03166977,-0.55328173
24.85000000,3,body4,-1.57526533,0.37760404,-7.71582319,0.22807270,0.06146556,-0.17638513
24.90000000,0,body1,-0.03056595,0.05294219,-8.29384272,-0.08621577,0.14933011,-0.38473245
24.90000000,1,body2,0.45230595,1.54465600,-7.72466402,-0.16522673,-0.16785779,-0.17724664
24.90000000,2,body3,1.12684159,-1.95174642,-7.79375071,-0.01964786,0.03403112,-0.55314046
24.90000000,3,body4,-1.56386380,0.38061977,-7.72466391,0.22798255,0.05916165,-0.17724668
24.95000000,0,body1,-0.03490529,0.06045816,-8.31299887,-0.08735158,0.15129740,-0.38150269
24.95000000,1,body2,0.44409620,1.53623677,-7.73354827,-0.16315890,-0.16890717,-0.17812628
24.95000000,2,body3,1.12582488,-1.94998542,-7.82140414,-0.02102266,0.03641234,-0.55299605
24.95000000,3,body4,-1.55246766,0.38352002,-7.73354816,0.22785742,0.05684617,-0.17812633
25.00000000,0,body1,-0.03930046,0.06807081,-8.33199189,-0.08844831,0.15319699,-0.37820722
25.00000000,1,body2,0.43599051,1.52776570,-7.74247695,-0.16106402,-0.16993157,-0.17902384
25.00000000,2,body3,1.12473914,-1.94810486,-7.84905027,-0.02240890,0.03881337,-0.55284866
25.00000000,3,body4,-1.54107864,0.38630421,-7.74247684,0.22769715,0.05451975,-0.17902389
25.05000000,0,body1,-0.04374945,0.07577669,-8.35081851,-0.08950472,0.15502675,-0.37484657
25.05000000,1,body2,0.42799024,1.51924404,-7.75145095,-0.15894257,-0.17093053,-0.17993912
25.05000000,2,body3,1.12358380,-1.94610375,-7.87668896,-0.02380654,0.04123416,-0.55269843
25.05000000,3,body4,-1.52969853,0.38897182,-7.75145085,0.22750154,0.05218304,-0.17993917
25.10000000,0,body1,-0.04825024,0.08357228,-8.36947547,-0.09051955,0.15678449,-0.37142134
25.10000000,1,body2,0.42009669,1.51067308,-7.76047115,-0.15679506,-0.17190357,-0.18087189
25.10000000,2,body3,1.12235830,-1.94398111,-7.90432006,-0.02521555,0.04367464,-0.55254550
25.10000000,3,body4,-1.51832908,0.39152235,-7.76047105,0.22727046,0.04983672,-0.18087194
25.15000000,0,body1,-0.05280069,0.09145391,-8.38795958,-0.09149154,0.15846803,-0.36793226
25.15000000,1,body2,0.41231116,1.50205412,-7.76953842,-0.15462201,-0.17285022,-0.18182191
25.15000000,2,body3,1.12106206,-1.94173596,-7.93194346,-0.02663591,0.04613477,-0.55239000
25.15000000,3,body4,-1.50697208,0.39395534,-7.76953833,0.22700377,0.04748149,-0.18182196
25.20000000,0,body1,-0.05739865,0.09941781,-8.40626765,-0.09241941,0.16007514,-0.36438016
25.20000000,1,body2,0.40463490,1.49338850,-7.77865362,-0.15242400,-0.17377003,-0.18278891
25.20000000,2,body3,1.11969452,-1.93936731,-7.95955902,-0.02806756,0.04861446,-0.55223205
25.20000000,3,body4,-1.49562930,0.39627036,-7.77865353,0.22670133,0.04511805,-0.18278896
25.25000000,0,body1,-0.06204188,0.10746011,-8.42439656,-0.09330186,0.16160359,-0.36076597
25.25000000,1,body2,0.39706916,1.48467757,-7.78781759,-0.15020159,-0.17466253,-0.18377261
25.25000000,2,body3,1.11825512,-1.93687419,-7.98716663,-0.02951046,0.05111364,-0.55207176
25.25000000,3,body4,-1.48430254,0.39846702,-7.78781750,0.22636306,0.04274714,-0.18377266
25.30000000,0,body1,-0.06672806,0.11557682,-8.44234323,-0.09413761,0.16305116,-0.35709073
25.30000000,1,body2,0.38961514,1.47592271,-7.79703115,-0.14795542,-0.17552728,-0.18477268
25.30000000,2,body3,1.11674329,-1.93425562,-8.01476616,-0.03096457,0.05363223,-0.55190923
25.30000000,3,body4,-1.47299359,0.40054496,-7.79703107,0.22598887,0.04036952,-0.18477273
25.35000000,0,body1,-0.07145484,0.12376384,-8.46010463,-0.09492536,0.16441558,-0.35335562
25.35000000,1,body2,0.38227400,1.46712531,-7.80629512,-0.14568611,-0.17636385,-0.18578879
25.35000000,2,body3,1.11515847,-1.93151064,-8.04235751,-0.03242983,0.05617014,-0.55174456
25.35000000,3,body4,-1.46170426,0.40250387,-7.80629504,0.22557870,0.03798596,-0.18578884
25.40000000,0,body1,-0.07621978,0.13201695,-8.47767781,-0.09566382,0.16569461,-0.34956191
25.40000000,1,body2,0.37504690,1.45828680,-7.81561029,-0.14339434,-0.17717180,-0.18682058
25.40000000,2,body3,1.11350012,-1.92863829,-8.06994058,-0.03390620,0.05872728,-0.55157783
25.40000000,3,body4,-1.45043633,0.40434347,-7.81561022,0.22513252,0.03559726,-0.18682063
25.45000000,0,body1,-0.08102038,0.14033184,-8.49505987,-0.09635168,0.16688602,-0.34571101
25.45000000,1,body2,0.36793493,1.44940862,-7.82497744,-0.14108081,-0.17795073,-0.18786767
25.45000000,2,body3,1.11176767,-1.92563760,-8.09751526,-0.03539360,0.06130354,-0.55140911
25.45000000,3,body4,-1.43919160,0.40606352,-7.82497736,0.22465033,0.03320422,-0.18786772
25.50000000,0,body1,-0.08585408,0.14870406,-8.51224799,-0.09698766,0.16798757,-0.34180445
25.50000000,1,body2,0.36093917,1.44049222,-7.83439731,-0.13874625,-0.17870023,-0.18892963
25.50000000,2,body3,1.10996058,-1.92250762,-8.12508146,-0.03689198,0.06389881,-0.55123846
25.50000000,3,body4,-1.42797189,0.40766383,-7.83439724,0.22413214,0.03080768,-0.18892969
25.55000000,0,body1,-0.09071826,0.15712906,-8.52923941,-0.09757048,0.16899706,-0.33784388
25.55000000,1,body2,0.35406064,1.43153909,-7.84387064,-0.13639143,-0.17941993,-0.19000605
25.55000000,2,body3,1.10807829,-1.91924740,-8.15263908,-0.03840126,0.06651295,-0.55106591
25.55000000,3,body4,-1.41677899,0.40914425,-7.84387057,0.22357800,0.02840849,-0.19000610
25.60000000,0,body1,-0.09561022,0.16560219,-8.54603150,-0.09809888,0.16991228,-0.33383108
25.60000000,1,body2,0.34730035,1.42255073,-7.85339814,-0.13401714,-0.18010946,-0.19109645
25.60000000,2,body3,1.10612027,-1.91585601,-8.18018802,-0.03992135,0.06914583,-0.55089151
25.60000000,3,body4,-1.40561469,0.41050465,-7.85339808,0.22298800,0.02600753,-0.19109650
25.65000000,0,body1,-0.10052722,0.17411868,-8.56262168,-0.09857162,0.17073107,-0.32976796
25.65000000,1,body2,0.34065924,1.41352865,-7.86298051,-0.13162420,-0.18076847,-0.19220035
25.65000000,2,body3,1.10408598,-1.91233251,-8.20772820,-0.04145217,0.07179729,-0.55071526
25.65000000,3,body4,-1.39448079,0.41174498,-7.86298045,0.22236226,0.02360568,-0.19220041
25.70000000,0,body1,-0.10546644,0.18267366,-8.57900749,-0.09898746,0.17145133,-0.32565656
25.70000000,1,body2,0.33413822,1.40447440,-7.87261839,-0.12921348,-0.18139664,-0.19331724
25.70000000,2,body3,1.10197488,-1.90867597,-8.23525952,-0.04299363,0.07446717,-0.55053718
25.70000000,3,body4,-1.38337906,0.41286522,-7.87261834,0.22170091,0.02120385,-0.19331730
25.75000000,0,body1,-0.11042500,0.19126214,-8.59518657,-0.09934520,0.17207096,-0.32149906
25.75000000,1,body2,0.32773817,1.39538951,-7.88231244,-0.12678587,-0.18199367,-0.19444659
25.75000000,2,body3,1.09978644,-1.90488548,-8.26278189,-0.04454560,0.07715527,-0.55035723
25.75000000,3,body4,-1.37231129,0.41386538,-7.88231239,0.22100415,0.01880297,-0.19444665
25.80000000,0,body1,-0.11539997,0.19987904,-8.61115667,-0.09964368,0.17258795,-0.31729775
25.80000000,1,body2,0.32145990,1.38627555,-7.89206325,-0.12434230,-0.18255928,-0.19558784
25.80000000,2,body3,1.09752015,-1.90096014,-8.29029521,-0.04610797,0.07986138,-0.55017540
25.80000000,3,body4,-1.36127923,0.41474555,-7.89206321,0.22027219,0.01640397,-0.19558789
25.85000000,0,body1,-0.12038836,0.20851919,-8.62691566,-0.09988177,0.17300032,-0.31305507
25.85000000,1,body2,0.31530419,1.37713411,-7.90187141,-0.12188373,-0.18309321,-0.19674039
25.85000000,2,body3,1.09517548,-1.89689905,-8.31779939,-0.04768061,0.08258527,-0.54999163
25.85000000,3,body4,-1.35028465,0.41550583,-7.90187137,0.21950530,0.01400782,-0.19674045
25.90000000,0,body1,-0.12538712,0.21717730,-8.64246153,-0.10005836,0.17330618,-0.30877360
25.90000000,1,body2,0.30927176,1.36796676,-7.91173746,-0.11941115,-0.18359523,-0.19790365
25.90000000,2,body3,1.09275192,-1.89270132,-8.34529434,-0.04926337,0.08532668,-0.54980585
25.90000000,3,body4,-1.33932928,0.41614639,-7.91173743,0.21870377,0.01161550,-0.19790370
25.95000000,0,body1,-0.13039315,0.22584800,-8.65779241,-0.10017240,0.17350371,-0.30445602
25.95000000,1,body2,0.30336329,1.35877512,-7.92166194,-0.11692559,-0.18406514,-0.19907698
25.95000000,2,body3,1.09024897,-1.88836609,-8.37277994,-0.05085608,0.08808534,-0.54961798
25.95000000,3,body4,-1.32841485,0.41666745,-7.92166191,0.21786795,0.00922799,-0.19907703
26.00000000,0,body1,-0.13540330,0.23452584,-8.67290658,-0.10022289,0.17359116,-0.30010517
26.00000000,1,body2,0.29757939,1.34956079,-7.93164532,-0.11442812,-0.18450277,-0.20025972
26.00000000,2,body3,1.08766615,-1.88389251,-8.40025610,-0.05245857,0.09086093,-0.54942792
26.00000000,3,body4,-1.31754305,0.41706928,-7.93164529,0.21699821,0.00684630,-0.20025978
26.05000000,0,body1,-0.14041436,0.24320526,-8.68780243,-0.10020889,0.17356691,-0.29572399
26.05000000,1,body2,0.29192065,1.34032538,-7.94168805,-0.11191982,-0.18490797,-0.20145121
26.05000000,2,body3,1.08500296,-1.87927972,-8.42772270,-0.05407063,0.09365311,-0.54923553
26.05000000,3,body4,-1.30671559,0.41735220,-7.94168804,0.21609497,0.00447145,-0.20145127
26.10000000,0,body1,-0.14542310,0.25188064,-8.70247852,-0.10012950,0.17342940,-0.29131556
26.10000000,1,body2,0.28638757,1.33107053,-7.95179057,-0.10940182,-0.18528063,-0.20265074
26.10000000,2,body3,1.08225893,-1.87452692,-8.45517961,-0.05569206,0.09646150,-0.54904069
26.10000000,3,body4,-1.29593411,0.41751656,-7.95179056,0.21515870,0.00210447,-0.20265079
26.15000000,0,body1,-0.15042621,0.26054629,-8.71693358,-0.09998390,0.17317722,-0.28688310
26.15000000,1,body2,0.28098061,1.32179786,-7.96195325,-0.10687529,-0.18562066,-0.20385759
26.15000000,2,body3,1.07943360,-1.86963331,-8.48262672,-0.05732260,0.09928568,-0.54884322
26.15000000,3,body4,-1.28520026,0.41756279,-7.96195324,0.21418991,-0.00025359,-0.20385765
26.20000000,0,body1,-0.15542037,0.26919643,-8.73116649,-0.09977134,0.17280906,-0.28242991
26.20000000,1,body2,0.27570016,1.31250901,-7.97217644,-0.10434140,-0.18592801,-0.20507102
26.20000000,2,body3,1.07652652,-1.86459810,-8.51006389,-0.05896200,0.10212520,-0.54864294
26.20000000,3,body4,-1.27451565,0.41749136,-7.97217643,0.21318914,-0.00260167,-0.20507108
26.25000000,0,body1,-0.16040222,0.27782524,-8.74517628,-0.09949115,0.17232374,-0.27795942
26.25000000,1,body2,0.27054657,1.30320561,-7.98246044,-0.10180137,-0.18620267,-0.20629029
26.25000000,2,body3,1.07353726,-1.85942054,-8.53749097,-0.06060997,0.10497957,-0.54843965
26.25000000,3,body4,-1.26388187,0.41730280,-7.98246045,0.21215699,-0.00493872,-0.20629035
26.30000000,0,body1,-0.16536835,0.28642683,-8.75896220,-0.09914271,0.17172023,-0.27347519
26.30000000,1,body2,0.26552011,1.29388929,-7.99280555,-0.09925646,-0.18644464,-0.20751461
26.30000000,2,body3,1.07046539,-1.85409990,-8.56490780,-0.06226619,0.10784824,-0.54823313
26.30000000,3,body4,-1.25330047,0.41699769,-7.99280556,0.21109408,-0.00726367,-0.20751467
26.35000000,0,body1,-0.17031534,0.29499528,-8.77252364,-0.09872551,0.17099763,-0.26898086
26.35000000,1,body2,0.26062098,1.28456169,-8.00321197,-0.09670792,-0.18665397,-0.20874319
26.35000000,2,body3,1.06731051,-1.84863549,-8.59231422,-0.06393034,0.11073063,-0.54802313
26.35000000,3,body4,-1.24277297,0.41657666,-8.00321199,0.21000110,-0.00957543,-0.20874325
26.40000000,0,body1,-0.17523975,0.30352460,-8.78586018,-0.09823914,0.17015521,-0.26448017
26.40000000,1,body2,0.25584935,1.27522443,-8.01367992,-0.09415706,-0.18683074,-0.20997522
26.40000000,2,body3,1.06407223,-1.84302662,-8.61971005,-0.06560205,0.11362611,-0.54780940
26.40000000,3,body4,-1.23230085,0.41604038,-8.01367994,0.20887876,-0.01187293,-0.20997529
26.45000000,0,body1,-0.18013810,0.31200879,-8.79897161,-0.09768326,0.16919240,-0.25997696
26.45000000,1,body2,0.25120529,1.26587915,-8.02420954,-0.09160518,-0.18697507,-0.21120990
26.45000000,2,body3,1.06075019,-1.83727267,-8.64709509,-0.06728092,0.11653399,-0.54759166
26.45000000,3,body4,-1.22188557,0.41538962,-8.02420956,0.20772781,-0.01415508,-0.21120996
26.50000000,0,body1,-0.18500691,0.32044183,-8.81185790,-0.09705765,0.16810880,-0.25547515
26.50000000,1,body2,0.24668882,1.25652746,-8.03480094,-0.08905363,-0.18708710,-0.21244638
26.50000000,2,body3,1.05734403,-1.83137303,-8.67446914,-0.06896652,0.11945354,-0.54736961
26.50000000,3,body4,-1.21152854,0.41462515,-8.03480097,0.20654905,-0.01642080,-0.21244644
26.55000000,0,body1,-0.18984270,0.32881766,-8.82451922,-0.09636216,0.16690419,-0.25097874
26.55000000,1,body2,0.24229990,1.24717098,-8.04545419,-0.08650374,-0.18716701,-0.21368382
26.55000000,2,body3,1.05385343,-1.82532713,-8.70183198,-0.07065841,0.12238398,-0.54714294
26.55000000,3,body4,-1.20123112,0.41374783,-8.04545423,0.20534331,-0.01866902,-0.21368388
26.60000000,0,body1,-0.19464196,0.33713023,-8.83695593,-0.09559679,0.16557852,-0.24649179
26.60000000,1,body2,0.23803840,1.23781129,-8.05616932,-0.08395688,-0.18721501,-0.21492137
26.60000000,2,body3,1.05027809,-1.81913446,-8.72918336,-0.07235610,0.12532446,-0.54691131
26.60000000,3,body4,-1.19099464,0.41275855,-8.05616936,0.20411145,-0.02089867,-0.21492143
26.65000000,0,body1,-0.19940121,0.34537349,-8.84916862,-0.09476161,0.16413196,-0.24201843
26.65000000,1,body2,0.23390413,1.22845000,-8.06694631,-0.08141443,-0.18723137,-0.21615817
26.65000000,2,body3,1.04661773,-1.81279453,-8.75652302,-0.07405908,0.12827410,-0.54667439
26.65000000,3,body4,-1.18082039,0.41165829,-8.06694636,0.20285439,-0.02310867,-0.21615823
26.70000000,0,body1,-0.20411697,0.35354141,-8.86115807,-0.09385684,0.16256484,-0.23756284
26.70000000,1,body2,0.22989685,1.21908868,-8.07778511,-0.07887775,-0.18721635,-0.21739336
26.70000000,2,body3,1.04287211,-1.80630692,-8.78385070,-0.07576679,0.13123196,-0.54643180
26.70000000,3,body4,-1.17070961,0.41044803,-8.07778516,0.20157304,-0.02529799,-0.21739342
26.75000000,0,body1,-0.20878574,0.36162798,-8.87292527,-0.09288277,0.16087771,-0.23312923
26.75000000,1,body2,0.22601624,1.20972888,-8.08868560,-0.07634823,-0.18717027,-0.21862607
26.75000000,2,body3,1.03904099,-1.79967122,-8.81116610,-0.07747868,0.13419703,-0.54618319
26.75000000,3,body4,-1.16066348,0.40912885,-8.08868566,0.20026837,-0.02746558,-0.21862613
26.80000000,0,body1,-0.21340410,0.36962720,-8.88447143,-0.09183986,0.15907132,-0.22872185
26.80000000,1,body2,0.22226189,1.20037216,-8.09964765,-0.07382723,-0.18709348,-0.21985543
26.80000000,2,body3,1.03512418,-1.79288711,-8.83846891,-0.07919414,0.13716829,-0.54592816
26.80000000,3,body4,-1.15068315,0.40770185,-8.09964772,0.19894137,-0.02961043,-0.21985549
26.85000000,0,body1,-0.21796859,0.37753314,-8.89579796,-0.09072863,0.15714663,-0.22434496
26.85000000,1,body2,0.21863335,1.19102004,-8.11067107,-0.07131612,-0.18698635,-0.22108057
26.85000000,2,body3,1.03112152,-1.78595430,-8.86575880,-0.08091253,0.14014463,-0.54566632
26.85000000,3,body4,-1.14076970,0.40616820,-8.11067114,0.19759304,-0.03173154,-0.22108063
26.90000000,0,body1,-0.22247583,0.38533991,-8.90690650,-0.08954977,0.15510477,-0.22000284
26.90000000,1,body2,0.21513008,1.18167402,-8.12175562,-0.06881627,-0.18684931,-0.22230062
26.90000000,2,body3,1.02703289,-1.77887258,-8.89303542,-0.08263320,0.14312493,-0.54539727
26.90000000,3,body4,-1.13092418,0.40452911,-8.12175570,0.19622443,-0.03382796,-0.22230069
26.95000000,0,body1,-0.22692245,0.39304168,-8.91779890,-0.08830405,0.15294712,-0.21569977
26.95000000,1,body2,0.21175151,1.17233560,-8.13290103,-0.06632899,-0.18668278,-0.22351473
26.95000000,2,body3,1.02285818,-1.77164176,-8.92029840,-0.08435548,0.14610800,-0.54512059
26.95000000,3,body4,-1.12114758,0.40278583,-8.13290111,0.19483657,-0.03589874,-0.22351479
27.00000000,0,body1,-0.23130514,0.40063272,-8.92847720,-0.08699238,0.15067525,-0.21144001
27.00000000,1,body2,0.20849695,1.16300623,-8.14410698,-0.06385562,-0.18648725,-0.22472203
27.00000000,2,body3,1.01859733,-1.76426175,-8.94754735,-0.08607866,0.14909264,-0.54483588
27.00000000,3,body4,-1.11144083,0.40093967,-8.14410707,0.19343055,-0.03794297,-0.22472209
27.05000000,0,body1,-0.23562061,0.40810734,-8.93894369,-0.08561578,0.14829091,-0.20722779
27.05000000,1,body2,0.20536569,1.15368735,-8.15537311,-0.06139744,-0.18626321,-0.22592167
27.05000000,2,body3,1.01425031,-1.75673249,-8.97478185,-0.08780203,0.15207759,-0.54454269
27.05000000,3,body4,-1.10180481,0.39899199,-8.15537320,0.19200743,-0.03995979,-0.22592174
27.10000000,0,body1,-0.23986565,0.41545997,-8.94920085,-0.08417538,0.14579607,-0.20306731
27.10000000,1,body2,0.20235693,1.14438037,-8.16669900,-0.05895571,-0.18601119,-0.22711283
27.10000000,2,body3,1.00981713,-1.74905401,-9.00200147,-0.08952484,0.15506158,-0.54424062
27.10000000,3,body4,-1.09224036,0.39694416,-8.16669910,0.19056832,-0.04194838,-0.22711290
27.15000000,0,body1,-0.24403710,0.42268514,-8.95925135,-0.08267244,0.14319290,-0.19896272
27.15000000,1,body2,0.19946982,1.13508669,-8.17808423,-0.05653166,-0.18573176,-0.22829467
27.15000000,2,body3,1.00529785,-1.74122637,-9.02920576,-0.09124634,0.15804331,-0.54392923
27.15000000,3,body4,-1.08274823,0.39479763,-8.17808434,0.18911430,-0.04390795,-0.22829474
27.20000000,0,body1,-0.24813187,0.42977749,-8.96909812,-0.08110831,0.14048374,-0.19491813
27.20000000,1,body2,0.19670345,1.12580764,-8.18952830,-0.05412648,-0.18542550,-0.22946639
27.20000000,2,body3,1.00069254,-1.73324974,-9.05639423,-0.09296577,0.16102145,-0.54360809
27.20000000,3,body4,-1.07332916,0.39255386,-8.18952841,0.18764647,-0.04583777,-0.22946646
27.25000000,0,body1,-0.25214694,0.43673179,-8.97874423,-0.07948444,0.13767113,-0.19093755
27.25000000,1,body2,0.19405684,1.11654457,-8.20103068,-0.05174130,-0.18509303,-0.23062719
27.25000000,2,body3,0.99600132,-1.72512431,-9.08356640,-0.09468236,0.16399467,-0.54327678
27.25000000,3,body4,-1.06398380,0.39021436,-8.20103080,0.18616595,-0.04773716,-0.23062726
27.30000000,0,body1,-0.25607935,0.44354292,-8.98819301,-0.07780241,0.13475777,-0.18702494
27.30000000,1,body2,0.19152896,1.10729876,-8.21259082,-0.04937722,-0.18473499,-0.23177630
27.30000000,2,body3,0.99122436,-1.71685037,-9.11072173,-0.09639533,0.16696163,-0.54293486
27.30000000,3,body4,-1.05471276,0.38778066,-8.21259094,0.18467384,-0.04960548,-0.23177637
27.35000000,0,body1,-0.25992624,0.45020593,-8.99744793,-0.07606388,0.13174654,-0.18318415
27.35000000,1,body2,0.18911874,1.09807149,-8.22420811,-0.04703529,-0.18435203,-0.23291297
27.35000000,2,body3,0.98636186,-1.70842827,-9.13785970,-0.09810392,0.16992098,-0.54258192
27.35000000,3,body4,-1.04551659,0.38525434,-8.22420823,0.18317122,-0.05144218,-0.23291303
27.40000000,0,body1,-0.26368483,0.45671600,-9.00651268,-0.07427059,0.12864048,-0.17941893
27.40000000,1,body2,0.18682504,1.08886396,-8.23588190,-0.04471650,-0.18394486,-0.23403646
27.40000000,2,body3,0.98141406,-1.69985842,-9.16497973,-0.09980734,0.17287139,-0.54221754
27.40000000,3,body4,-1.03639580,0.38263698,-8.23588203,0.18165921,-0.05324672,-0.23403653
27.45000000,0,body1,-0.26735242,0.46306845,-9.01539114,-0.07242440,0.12544277,-0.17573293
27.45000000,1,body2,0.18464669,1.07967739,-8.24761152,-0.04242178,-0.18351419,-0.23514609
27.45000000,2,body3,0.97638123,-1.69114131,-9.19208125,-0.10150482,0.17581152,-0.54184130
27.45000000,3,body4,-1.02735081,0.37993021,-8.24761166,0.18013887,-0.05501867,-0.23514615
27.50000000,0,body1,-0.27092641,0.46925880,-9.02408735,-0.07052721,0.12215674,-0.17212968
27.50000000,1,body2,0.18258245,1.07051292,-8.25939626,-0.04015201,-0.18306075,-0.23624115
27.50000000,2,body3,0.97126369,-1.68227746,-9.21916366,-0.10319561,0.17874006,-0.54145279
27.50000000,3,body4,-1.01838203,0.37713566,-8.25939640,0.17861130,-0.05675763,-0.23624122
27.55000000,0,body1,-0.27440432,0.47528271,-9.03260554,-0.06858102,0.11878584,-0.16861257
27.55000000,1,body2,0.18063106,1.06137168,-8.27123538,-0.03790799,-0.18258531,-0.23732102
27.55000000,2,body3,0.96606179,-1.67326751,-9.24622632,-0.10487897,0.18165571,-0.54105161
27.55000000,3,body4,-1.00948979,0.37425500,-8.27123553,0.17707754,-0.05846328,-0.23732109
27.60000000,0,body1,-0.27778373,0.48113603,-9.04095010,-0.06658790,0.11533365,-0.16518487
27.60000000,1,body2,0.17879121,1.05225475,-8.28312810,-0.03569049,-0.18208864,-0.23838507
27.60000000,2,body3,0.96077593,-1.66411213,-9.27326860,-0.10655415,0.18455720,-0.54063736
27.60000000,3,body4,-1.00067437,0.37128989,-8.28312825,0.17553866,-0.06013535,-0.23838514
27.65000000,0,body1,-0.28106236,0.48681478,-9.04912557,-0.06454997,0.11180386,-0.16184969
27.65000000,1,body2,0.17706155,1.04316316,-8.29507361,-0.03350019,-0.18157154,-0.23943272
27.65000000,2,body3,0.95540653,-1.65481205,-9.30028983,-0.10822044,0.18744331,-0.54020965
27.65000000,3,body4,-0.99193599,0.36824202,-8.29507377,0.17399569,-0.06177365,-0.23943279
27.70000000,0,body1,-0.28423802,0.49231518,-9.05713666,-0.06246941,0.10820023,-0.15861002
27.70000000,1,body2,0.17544072,1.03409792,-8.30707108,-0.03133772,-0.18103483,-0.24046341
27.70000000,2,body3,0.94995405,-1.64536807,-9.32728934,-0.10987715,0.19031281,-0.53976810
27.70000000,3,body4,-0.98327485,0.36511309,-8.30707125,0.17244965,-0.06337806,-0.24046348
27.75000000,0,body1,-0.28730863,0.49763364,-9.06498821,-0.06034846,0.10452664,-0.15546865
27.75000000,1,body2,0.17392730,1.02505999,-8.31911966,-0.02920362,-0.18047935,-0.24147663
27.75000000,2,body3,0.94441898,-1.63578106,-9.35426641,-0.11152361,0.19316456,-0.53931234
27.75000000,3,body4,-0.97469107,0.36190478,-8.31911983,0.17090154,-0.06494849,-0.24147670
27.80000000,0,body1,-0.29027223,0.50276675,-9.07268521,-0.05818939,0.10078701,-0.15242825
27.80000000,1,body2,0.17251987,1.01605028,-8.33121845,-0.02709841,-0.17990594,-0.24247190
27.80000000,2,body3,0.93880187,-1.62605193,-9.38122033,-0.11315917,0.19599744,-0.53884201
27.80000000,3,body4,-0.96618472,0.35861880,-8.33121862,0.16935234,-0.06648496,-0.24247197
27.85000000,0,body1,-0.29312697,0.50771131,-9.08023276,-0.05599450,0.09698537,-0.14949130
27.85000000,1,body2,0.17121697,1.00706967,-8.34336654,-0.02502249,-0.17931548,-0.24344878
27.85000000,2,body3,0.93310326,-1.61618165,-9.40815036,-0.11478321,0.19881036,-0.53835673
27.85000000,3,body4,-0.95775583,0.35525685,-8.34336672,0.16780303,-0.06798752,-0.24344884
27.90000000,0,body1,-0.29587112,0.51246432,-9.08763610,-0.05376615,0.09312574,-0.14666012
27.90000000,1,body2,0.17001713,0.99811900,-8.35556301,-0.02297626,-0.17870884,-0.24440685
27.90000000,2,body3,0.92732375,-1.60617124,-9.43505575,-0.11639514,0.20160230,-0.53785618
27.90000000,3,body4,-0.94940440,0.35182061,-8.35556320,0.16625454,-0.06945628,-0.24440692
27.95000000,0,body1,-0.29850307,0.51702298,-9.09490057,-0.05150668,0.08921223,-0.14393684
27.95000000,1,body2,0.16891885,0.98919904,-8.36780690,-0.02096000,-0.17808691,-0.24534576
27.95000000,2,body3,0.92146396,-1.59602179,-9.46193572,-0.11799439,0.20437228,-0.53733999
27.95000000,3,body4,-0.94113035,0.34831178,-8.36780710,0.16470781,-0.07089144,-0.24534583
28.00000000,0,body1,-0.30102131,0.52138471,-9.10203162,-0.04921849,0.08524896,-0.14132343
28.00000000,1,body2,0.16792062,0.98031055,-8.38009726,-0.01897398,-0.17745059,-0.24626518
28.00000000,2,body3,0.91552453,-1.58573440,-9.48878948,-0.11958043,0.20711939,-0.53680785
28.00000000,3,body4,-0.93293358,0.34473202,-8.38009746,0.16316373,-0.07229323,-0.24626525
28.05000000,0,body1,-0.30342448,0.52554712,-9.10903478,-0.04690395,0.08124007,-0.13882169
28.05000000,1,body2,0.16702094,0.97145421,-8.39243309,-0.01701837,-0.17680080,-0.24716483
28.05000000,2,body3,0.90950615,-1.57531024,-9.51561623,-0.12115276,0.20984274,-0.53625943
28.05000000,3,body4,-0.92481392,0.34108301,-8.39243329,0.16162318,-0.07366194,-0.24716490
28.10000000,0,body1,-0.30571131,0.52950803,-9.11591567,-0.04456548,0.07718971,-0.13643320
28.10000000,1,body2,0.16621827,0.96263068,-8.40481340,-0.01509332,-0.17613845,-0.24804446
28.10000000,2,body3,0.90340950,-1.56475053,-9.54241515,-0.12271091,0.21254154,-0.53569441
28.10000000,3,body4,-0.91677119,0.33736637,-8.40481361,0.16008704,-0.07499791,-0.24804453
28.15000000,0,body1,-0.30788067,0.53326547,-9.12268001,-0.04220546,0.07310204,-0.13415939
28.15000000,1,body2,0.16551109,0.95384056,-8.41723720,-0.01319890,-0.17546445,-0.24890388
28.15000000,2,body3,0.89723530,-1.55405651,-9.56918539,-0.12425444,0.21521500,-0.53511248
28.15000000,3,body4,-0.90880513,0.33358375,-8.41723741,0.15855613,-0.07630152,-0.24890394
28.20000000,0,body1,-0.30993154,0.53681768,-9.12933354,-0.03982628,0.06898118,-0.13200151
28.20000000,1,body2,0.16489787,0.94508441,-8.42970345,-0.01133514,-0.17477975,-0.24974291
28.20000000,2,body3,0.89098431,-1.54322946,-9.59592611,-0.12578293,0.21786242,-0.53451335
28.20000000,3,body4,-0.90091548,0.32973675,-8.42970367,0.15703128,-0.07757322,-0.24974298
28.25000000,0,body1,-0.31186302,0.54016310,-9.13588211,-0.03743033,0.06483128,-0.12996062
28.25000000,1,body2,0.16437707,0.93636275,-8.44221115,-0.00950204,-0.17408526,-0.25056145
28.25000000,2,body3,0.88465727,-1.53227071,-9.62263643,-0.12729601,0.22048315,-0.53389672
28.25000000,3,body4,-0.89310189,0.32582695,-8.44221137,0.15551328,-0.07881349,-0.25056152
28.30000000,0,body1,-0.31367433,0.54330039,-9.14233157,-0.03501997,0.06065641,-0.12803758
28.30000000,1,body2,0.16394715,0.92767603,-8.45475925,-0.00769952,-0.17338191,-0.25135942
28.30000000,2,body3,0.87825497,-1.52118160,-9.64931548,-0.12879332,0.22307658,-0.53326231
28.30000000,3,body4,-0.88536402,0.32185592,-8.45475948,0.15400290,-0.08002284,-0.25135948
28.35000000,0,body1,-0.31536481,0.54622840,-9.14868784,-0.03259754,0.05646064,-0.12623310
28.35000000,1,body2,0.16360661,0.91902469,-8.46734674,-0.00592750,-0.17267062,-0.25213677
28.35000000,2,body3,0.87177821,-1.50996352,-9.67596236,-0.13027456,0.22564215,-0.53260984
28.35000000,3,body4,-0.87770146,0.31782518,-8.46734697,0.15250090,-0.08120181,-0.25213684
28.40000000,0,body1,-0.31693392,0.54894617,-9.15495686,-0.03016537,0.05224800,-0.12454769
28.40000000,1,body2,0.16335390,0.91040908,-8.47997258,-0.00418581,-0.17195232,-0.25289352
28.40000000,2,body3,0.86522779,-1.49861786,-9.70257616,-0.13173942,0.22817936,-0.53193905
28.40000000,3,body4,-0.87011378,0.31373623,-8.47997282,0.15100799,-0.08235100,-0.25289359
28.45000000,0,body1,-0.31838122,0.55145298,-9.16114460,-0.02772574,0.04802243,-0.12298169
28.45000000,1,body2,0.16318752,0.90182956,-8.49263575,-0.00247430,-0.17122792,-0.25362971
28.45000000,2,body3,0.85860454,-1.48714606,-9.72915596,-0.13318764,0.23068775,-0.53124967
28.45000000,3,body4,-0.86260050,0.30959056,-8.49263599,0.14952488,-0.08347101,-0.25362977
28.50000000,0,body1,-0.31970641,0.55374827,-9.16725703,-0.02528091,0.04378787,-0.12153528
28.50000000,1,body2,0.16310597,0.89328638,-8.50533521,-0.00079275,-0.17049833,-0.25434542
28.50000000,2,body3,0.85190931,-1.47554957,-9.75570081,-0.13461898,0.23316691,-0.53054145
28.50000000,3,body4,-0.85516112,0.30538961,-8.50533546,0.14805226,-0.08456247,-0.25434548
28.55000000,0,body1,-0.32090927,0.55583168,-9.17330012,-0.02283310,0.03954815,-0.12020845
28.55000000,1,body2,0.16310775,0.88477979,-8.51806995,0.00085907,-0.16976445,-0.25504078
28.55000000,2,body3,0.84514293,-1.46382986,-9.78220978,-0.13603323,0.23561646,-0.52981415
28.55000000,3,body4,-0.84779509,0.30113478,-8.51807020,0.14659078,-0.08562605,-0.25504084
28.60000000,0,body1,-0.32198970,0.55770306,-9.17927986,-0.02038450,0.03530704,-0.11900103
28.60000000,1,body2,0.16319138,0.87630999,-8.53083895,0.00248143,-0.16902715,-0.25571594
28.60000000,2,body3,0.83830628,-1.45198842,-9.80868191,-0.13743019,0.23803608,-0.52906754
28.60000000,3,body4,-0.84050185,0.29682745,-8.53083921,0.14514108,-0.08666241,-0.25571600
28.65000000,0,body1,-0.32294774,0.55936242,-9.18520221,-0.01793724,0.03106826,-0.11791267
28.65000000,1,body2,0.16335540,0.86787712,-8.54364121,0.00407462,-0.16828732,-0.25637111
28.65000000,2,body3,0.83140021,-1.44002675,-9.83511621,-0.13880971,0.24042547,-0.52830139
28.65000000,3,body4,-0.83328078,0.29246898,-8.54364147,0.14370378,-0.08767223,-0.25637117
28.70000000,0,body1,-0.32378349,0.56080998,-9.19107311,-0.01549341,0.02683542,-0.11694290
28.70000000,1,body2,0.16359836,0.85948129,-8.55647573,0.00563895,-0.16754582,-0.25700651
28.70000000,2,body3,0.82442560,-1.42794638,-9.86151172,-0.14017162,0.24278437,-0.52751548
28.70000000,3,body4,-0.82613125,0.28806066,-8.55647600,0.14227945,-0.08865622,-0.25700657
28.75000000,0,body1,-0.32449717,0.56204612,-9.19689847,-0.01305505,0.02261206,-0.11609105
28.75000000,1,body2,0.16391882,0.85112255,-8.56934154,0.00717474,-0.16680348,-0.25762241
28.75000000,2,body3,0.81738334,-1.41574883,-9.88786743,-0.14151581,0.24511257,-0.52670960
28.75000000,3,body4,-0.81905261,0.28360377,-8.56934180,0.14086867,-0.08961508,-0.25762247
28.80000000,0,body1,-0.32508911,0.56307140,-9.20268416,-0.01062415,0.01840162,-0.11535632
28.80000000,1,body2,0.16431536,0.84280094,-8.58223765,0.00868232,-0.16606112,-0.25821911
28.80000000,2,body3,0.81027432,-1.40343564,-9.91418234,-0.14284215,0.24740986,-0.52588356
28.80000000,3,body4,-0.81204415,0.27909956,-8.58223792,0.13947197,-0.09054951,-0.25821917
28.85000000,0,body1,-0.32555974,0.56388656,-9.20843603,-0.00820264,0.01420745,-0.11473777
28.85000000,1,body2,0.16478659,0.83451643,-8.59516313,0.01016207,-0.16531955,-0.25879695
28.85000000,2,body3,0.80309943,-1.39100836,-9.94045544,-0.14415056,0.24967609,-0.52503717
28.85000000,3,body4,-0.80510517,0.27454922,-8.59516341,0.13808988,-0.09146022,-0.25879700
28.90000000,0,body1,-0.32590957,0.56449247,-9.21415986,-0.00579241,0.01003280,-0.11423431
28.90000000,1,body2,0.16533111,0.82626896,-8.60811704,0.01161434,-0.16457956,-0.25935627
28.90000000,2,body3,0.79585957,-1.37846855,-9.96668571,-0.14544095,0.25191112,-0.52417025
28.90000000,3,body4,-0.79823491,0.26995392,-8.60811732,0.13672289,-0.09234792,-0.25935632
28.95000000,0,body1,-0.32613920,0.56489021,-9.21986136,-0.00339526,0.00588082,-0.11384472
28.95000000,1,body2,0.16594757,0.81805843,-8.62109846,0.01303950,-0.16384189,-0.25989747
28.95000000,2,body3,0.78855564,-1.36581777,-9.99287212,-0.14671327,0.25411483,-0.52328264
28.95000000,3,body4,-0.79143262,0.26531480,-8.62109874,0.13537146,-0.09321331,-0.25989752
29.00000000,0,body1,-0.32624934,0.56508099,-9.22554621,-0.00101296,0.00175455,-0.11356763
29.00000000,1,body2,0.16663462,0.80988472,-8.63410649,0.01443794,-0.16310728,-0.26042097
29.00000000,2,body3,0.78118855,-1.35305758,-10.01901363,-0.14796744,0.25628713,-0.52237419
29.00000000,3,body4,-0.78469750,0.26063295,-8.63410677,0.13403605,-0.09405709,-0.26042102
29.05000000,0,body1,-0.32624077,0.56506615,-9.23121998,0.00135281,-0.00234308,-0.11340158
29.05000000,1,body2,0.16739092,0.80174764,-8.64714027,0.01581004,-0.16237643,-0.26092720
29.05000000,2,body3,0.77375920,-1.34018957,-10.04510919,-0.14920344,0.25842794,-0.52144475
29.05000000,3,body4,-0.77802874,0.25590943,-8.64714055,0.13271707,-0.09487993,-0.26092725
29.10000000,0,body1,-0.32611436,0.56484720,-9.23688819,0.00370041,-0.00640925,-0.11334497
29.10000000,1,body2,0.16821519,0.79364700,-8.66019893,0.01715618,-0.16165003,-0.26141663
29.10000000,2,body3,0.76626851,-1.32721531,-10.07115776,-0.15042123,0.26053722,-0.52049421
29.10000000,3,body4,-0.77142551,0.25114529,-8.66019922,0.13141491,-0.09568252,-0.26141668
29.15000000,0,body1,-0.32587106,0.56442579,-9.24255627,0.00602829,-0.01044125,-0.11339608
29.15000000,1,body2,0.16910612,0.78558255,-8.67328166,0.01847676,-0.16092873,-0.26188974
29.15000000,2,body3,0.75871739,-1.31413638,-10.09715826,-0.15162079,0.26261491,-0.51952244
29.15000000,3,body4,-0.76488696,0.24634151,-8.67328195,0.13012996,-0.09646552,-0.26188978
29.20000000,0,body1,-0.32551189,0.56380369,-9.24822956,0.00833495,-0.01443650,-0.11355313
29.20000000,1,body2,0.17006244,0.77755403,-8.68638764,0.01977215,-0.16021314,-0.26234703
29.20000000,2,body3,0.75110674,-1.30095435,-10.12310964,-0.15280210,0.26466100,-0.51852934
29.20000000,3,body4,-0.75841223,0.24149905,-8.68638794,0.12886254,-0.09722957,-0.26234707
29.25000000,0,body1,-0.32503794,0.56298279,-9.25391332,0.01061897,-0.01839254,-0.11381418
29.25000000,1,body2,0.17108292,0.76956114,-8.69951610,0.02104275,-0.15950385,-0.26278901
29.25000000,2,body3,0.74343748,-1.28767080,-10.14901084,-0.15396515,0.26667545,-0.51751485
29.25000000,3,body4,-0.75200041,0.23661886,-8.69951640,0.12761298,-0.09797529,-0.26278905
29.30000000,0,body1,-0.32445039,0.56196513,-9.25961268,0.01287900,-0.02230702,-0.11417724
29.30000000,1,body2,0.17216631,0.76160353,-8.71266630,0.02228893,-0.15880143,-0.26321623
29.30000000,2,body3,0.73571053,-1.27428733,-10.17486077,-0.15510993,0.26865828,-0.51647888
29.30000000,3,body4,-0.74565063,0.23170182,-8.71266659,0.12638157,-0.09870330,-0.26321627
29.35000000,0,body1,-0.32375046,0.56075282,-9.26533270,0.01511374,-0.02617771,-0.11464022
29.35000000,1,body2,0.17331141,0.75368087,-8.72583749,0.02351107,-0.15810640,-0.26362923
29.35000000,2,body3,0.72792680,-1.26080550,-10.20065837,-0.15623646,0.27060948,-0.51542140
29.35000000,3,body4,-0.73936195,0.22674881,-8.72583779,0.12516858,-0.09941419,-0.26362926
29.40000000,0,body1,-0.32293946,0.55934812,-9.27107833,0.01732200,-0.03000253,-0.11520097
29.40000000,1,body2,0.17451702,0.74579276,-8.73902899,0.02470955,-0.15741925,-0.26402856
29.40000000,2,body3,0.72008720,-1.24722690,-10.22640255,-0.15734473,0.27252907,-0.51434237
29.40000000,3,body4,-0.73313346,0.22176067,-8.73902929,0.12397425,-0.10010851,-0.26402859
29.45000000,0,body1,-0.32201872,0.55775337,-9.27685439,0.01950264,-0.03377950,-0.11585723
29.45000000,1,body2,0.17578197,0.73793881,-8.75224013,0.02588471,-0.15674043,-0.26441479
29.45000000,2,body3,0.71219263,-1.23355312,-10.25209224,-0.15843476,0.27441705,-0.51324178
29.45000000,3,body4,-0.72696421,0.21673822,-8.75224043,0.12279880,-0.10078683,-0.26441482
29.50000000,0,body1,-0.32098967,0.55597100,-9.28266561,0.02165458,-0.03750677,-0.11660672
29.50000000,1,body2,0.17710511,0.73011858,-8.76547026,0.02703694,-0.15607038,-0.26478849
29.50000000,2,body3,0.70424403,-1.21978572,-10.27772637,-0.15950656,0.27627346,-0.51211964
29.50000000,3,body4,-0.72085326,0.21168225,-8.76547057,0.12164240,-0.10144966,-0.26478852
29.55000000,0,body1,-0.31985376,0.55400355,-9.28851658,0.02377684,-0.04118263,-0.11744707
29.55000000,1,body2,0.17848529,0.72233162,-8.77871878,0.02816657,-0.15540948,-0.26515023
29.55000000,2,body3,0.69624229,-1.20592629,-10.30330385,-0.16056014,0.27809832,-0.51097598
29.55000000,3,body4,-0.71479965,0.20659351,-8.77871908,0.12050522,-0.10209749,-0.26515026
29.60000000,0,body1,-0.31861250,0.55185362,-9.29441179,0.02586850,-0.04480550,-0.11837587
29.60000000,1,body2,0.17992139,0.71457747,-8.79198509,0.02927394,-0.15475808,-0.26550060
29.60000000,2,body3,0.68818832,-1.19197641,-10.32882361,-0.16159553,0.27989167,-0.50981084
29.60000000,3,body4,-0.70880241,0.20147274,-8.79198540,0.11938741,-0.10273080,-0.26550062
29.65000000,0,body1,-0.31726743,0.54952391,-9.30035560,0.02792872,-0.04837390,-0.11939068
29.65000000,1,body2,0.18141232,0.70685565,-8.80526866,0.03035940,-0.15411651,-0.26584017
29.65000000,2,body3,0.68008304,-1.17793765,-10.35428458,-0.16261274,0.28165354,-0.50862430
29.65000000,3,body4,-0.70286058,0.19632066,-8.80526897,0.11828905,-0.10335004,-0.26584019
29.70000000,0,body1,-0.31582016,0.54701716,-9.30635225,0.02995672,-0.05188650,-0.12048901
29.70000000,1,body2,0.18295697,0.69916565,-8.81856894,0.03142326,-0.15348503,-0.26616951
29.70000000,2,body3,0.67192735,-1.16381158,-10.37968568,-0.16361180,0.28338396,-0.50741646
29.70000000,3,body4,-0.69697318,0.19113796,-8.81856925,0.11721025,-0.10395564,-0.26616952
29.75000000,0,body1,-0.31427231,0.54433621,-9.31240585,0.03195181,-0.05534209,-0.12166835
29.75000000,1,body2,0.18455429,0.69150697,-8.83188545,0.03246585,-0.15286391,-0.26648919
29.75000000,2,body3,0.66372217,-1.14959977,-10.40502587,-0.16459273,0.28508298,-0.50618743
29.75000000,3,body4,-0.69113923,0.18592532,-8.83188576,0.11615105,-0.10454798,-0.26648920
29.80000000,0,body1,-0.31262554,0.54148392,-9.31852039,0.03391336,-0.05873960,-0.12292614
29.80000000,1,body2,0.18620321,0.68387909,-8.84521771,0.03348746,-0.15225336,-0.26679978
29.80000000,2,body3,0.65546839,-1.13530380,-10.43030408,-0.16555556,0.28675064,-0.50493737
29.80000000,3,body4,-0.68535775,0.18068338,-8.84521802,0.11511148,-0.10512744,-0.26679979
29.85000000,0,body1,-0.31088154,0.53846323,-9.32469973,0.03584082,-0.06207806,-0.12425986
29.85000000,1,body2,0.18790269,0.67628146,-8.85856528,0.03448841,-0.15165354,-0.26710182
29.85000000,2,body3,0.64716692,-1.12092523,-10.45551926,-0.16650030,0.28838698,-0.50366642
29.85000000,3,body4,-0.67962775,0.17541278,-8.85856560,0.11409155,-0.10569437,-0.26710183
29.90000000,0,body1,-0.30904203,0.53527711,-9.33094760,0.03773371,-0.06535664,-0.12566692
29.90000000,1,body2,0.18965171,0.66871355,-8.87192775,0.03546898,-0.15106460,-0.26739587
29.90000000,2,body3,0.63881866,-1.10646562,-10.48067038,-0.16742699,0.28999206,-0.50237480
29.90000000,3,body4,-0.67394826,0.17011414,-8.87192807,0.11309123,-0.10624910,-0.26739587
29.95000000,0,body1,-0.30710875,0.53192858,-9.33726760,0.03959161,-0.06857462,-0.12714478
29.95000000,1,body2,0.19144925,0.66117482,-8.88530474,0.03642944,-0.15048665,-0.26768244
29.95000000,2,body3,0.63042452,-1.09192654,-10.50575640,-0.16833566,0.29156591,-0.50106273
29.95000000,3,body4,-0.66831830,0.16478807,-8.88530506,0.11211047,-0.10679191,-0.26768244
30.00000000,0,body1,-0.30508346,0.52842067,-9.34366322,0.04141419,-0.07173142,-0.12869087
30.00000000,1,body2,0.19329432,0.65366470,-8.89869588,0.03737009,-0.14991977,-0.26796206
30.00000000,2,body3,0.62198540,-1.07730955,-10.53077631,-0.16922633,0.29310860,-0.49973044
30.00000000,3,body4,-0.66273689,0.15943515,-8.89869620,0.11114921,-0.10732309,-0.26796206
30.05000000,0,body1,-0.30296793,0.52475646,-9.35013778,0.04320117,-0.07482656,-0.13030266
30.05000000,1,body2,0.19518594,0.64618266,-8.91210084,0.03829118,-0.14936398,-0.26823523
30.05000000,2,body3,0.61350219,-1.06261620,-10.55572911,-0.17009903,0.29462017,-0.49837823
30.05000000,3,body4,-0.65720306,0.15405595,-8.91210116,0.11020734,-0.10784288,-0.26823522
30.10000000,0,body1,-0.30076394,0.52093905,-9.35669453,0.04495234,-0.07785967,-0.13197761
30.10000000,1,body2,0.19712312,0.63872812,-8.92551931,0.03919297,-0.14881931,-0.26850241
30.10000000,2,body3,0.60497580,-1.04784804,-10.58061381,-0.17095381,0.29610069,-0.49700639
30.10000000,3,body4,-0.65171584,0.14865104,-8.92551962,0.10928474,-0.10835151,-0.26850240
30.15000000,0,body1,-0.29847329,0.51697153,-9.36333656,0.04666756,-0.08083052,-0.13371323
30.15000000,1,body2,0.19910492,0.63130054,-8.93895099,0.04007572,-0.14828572,-0.26876408
30.15000000,2,body3,0.59640712,-1.03300664,-10.60542943,-0.17179069,0.29755021,-0.49561525
30.15000000,3,body4,-0.64627426,0.14322098,-8.93895130,0.10838126,-0.10884920,-0.26876406
30.20000000,0,body1,-0.29609779,0.51285704,-9.37006683,0.04834675,-0.08373896,-0.13550704
30.20000000,1,body2,0.20113038,0.62389937,-8.95239563,0.04093967,-0.14776316,-0.26902066
30.20000000,2,body3,0.58779704,-1.01809354,-10.63017502,-0.17260971,0.29896880,-0.49420518
30.20000000,3,body4,-0.64087739,0.13776630,-8.95239594,0.10749673,-0.10933612,-0.26902064
30.25000000,0,body1,-0.29363922,0.50859868,-9.37688819,0.04998990,-0.08658497,-0.13735663
30.25000000,1,body2,0.20319857,0.61652405,-8.96585298,0.04178507,-0.14725156,-0.26927257
30.25000000,2,body3,0.57914645,-1.00311027,-10.65484964,-0.17341092,0.30035654,-0.49277656
30.25000000,3,body4,-0.63552428,0.13228754,-8.96585329,0.10663097,-0.10981245,-0.26927255
30.30000000,0,body1,-0.29109940,0.50419958,-9.38380338,0.05159704,-0.08936862,-0.13925959
30.30000000,1,body2,0.20530858,0.60917403,-8.97932282,0.04261216,-0.14675079,-0.26952021
30.30000000,2,body3,0.57045624,-0.98805839,-10.67945237,-0.17419435,0.30171348,-0.49132982
30.30000000,3,body4,-0.63021398,0.12678523,-8.97932312,0.10578374,-0.11027835,-0.26952018
30.35000000,0,body1,-0.28848011,0.49966285,-9.39081500,0.05316828,-0.09209009,-0.14121358
30.35000000,1,body2,0.20745949,0.60184879,-8.99280493,0.04342118,-0.14626071,-0.26976392
30.35000000,2,body3,0.56172731,-0.97293943,-10.70398232,-0.17496006,0.30303973,-0.48986541
30.35000000,3,body4,-0.62494560,0.12125988,-8.99280524,0.10495481,-0.11073393,-0.26976388
30.40000000,0,body1,-0.28578316,0.49499160,-9.39792555,0.05470377,-0.09474963,-0.14321632
30.40000000,1,body2,0.20965040,0.59454779,-9.00629915,0.04421235,-0.14578117,-0.27000404
30.40000000,2,body3,0.55296054,-0.95775493,-10.72843863,-0.17570809,0.30433536,-0.48838380
30.40000000,3,body4,-0.61971820,0.11571200,-9.00629945,0.10414393,-0.11117934,-0.27000400
30.45000000,0,body1,-0.28301033,0.49018891,-9.40513741,0.05620371,-0.09734762,-0.14526558
30.45000000,1,body2,0.21188043,0.58727050,-9.01980528,0.04498591,-0.14531197,-0.27024088
30.45000000,2,body3,0.54415680,-0.94250640,-10.75282043,-0.17643851,0.30560048,-0.48688549
30.45000000,3,body4,-0.61453091,0.11014211,-9.01980559,0.10335081,-0.11161466,-0.27024084
30.50000000,0,body1,-0.28016338,0.48525786,-9.41245285,0.05766838,-0.09988450,-0.14735919
30.50000000,1,body2,0.21414870,0.58001643,-9.03332319,0.04574210,-0.14485290,-0.27047471
30.50000000,2,body3,0.53531699,-0.92719538,-10.77712691,-0.17715137,0.30683518,-0.48537103
30.50000000,3,body4,-0.60938283,0.10455070,-9.03332349,0.10257514,-0.11204000,-0.27047466
30.55000000,0,body1,-0.27724407,0.48020147,-9.41987403,0.05909807,-0.10236080,-0.14949504
30.55000000,1,body2,0.21645435,0.57278505,-9.04685271,0.04648114,-0.14440373,-0.27070578
30.55000000,2,body3,0.52644196,-0.91182339,-10.80135727,-0.17784673,0.30803959,-0.48384097
30.55000000,3,body4,-0.60427310,0.09893828,-9.04685301,0.10181662,-0.11245543,-0.27070573
30.60000000,0,body1,-0.27425415,0.47502278,-9.42740302,0.06049314,-0.10477712,-0.15167113
30.60000000,1,body2,0.21879653,0.56557589,-9.06039372,0.04720327,-0.14396419,-0.27093430
30.60000000,2,body3,0.51753261,-0.89639192,-10.82551075,-0.17852468,0.30921384,-0.48229590
30.60000000,3,body4,-0.59920088,0.09330532,-9.06039402,0.10107490,-0.11286105,-0.27093424
30.65000000,0,body1,-0.27119533,0.46972475,-9.43504178,0.06185398,-0.10713416,-0.15388548
30.65000000,1,body2,0.22117440,0.55838848,-9.07394610,0.04790874,-0.14353402,-0.27116044
30.65000000,2,body3,0.50858979,-0.88090250,-10.84958662,-0.17918529,0.31035805,-0.48073645
30.65000000,3,body4,-0.59416534,0.08765233,-9.07394639,0.10034963,-0.11325691,-0.27116037
30.70000000,0,body1,-0.26806932,0.46431034,-9.44279217,0.06318102,-0.10943266,-0.15613622
30.70000000,1,body2,0.22358713,0.55122234,-9.08750973,0.04859778,-0.14311292,-0.27138436
30.70000000,2,body3,0.49961437,-0.86535661,-10.87358417,-0.17982865,0.31147238,-0.47916324
30.70000000,3,body4,-0.58916565,0.08197979,-9.08751002,0.09964042,-0.11364309,-0.27138429
30.75000000,0,body1,-0.26487778,0.45878245,-9.45065598,0.06447473,-0.11167343,-0.15842158
30.75000000,1,body2,0.22603391,0.54407704,-9.10108450,0.04927065,-0.14270059,-0.27160617
30.75000000,2,body3,0.49060722,-0.84975575,-10.89750273,-0.18045485,0.31255699,-0.47757696
30.75000000,3,body4,-0.58420103,0.07628818,-9.10108478,0.09894690,-0.11401964,-0.27160609
30.80000000,0,body1,-0.26162239,0.45314394,-9.45863488,0.06573561,-0.11385735,-0.16073983
30.80000000,1,body2,0.22851393,0.53695215,-9.11467031,0.04992759,-0.14229671,-0.27182595
30.80000000,2,body3,0.48156918,-0.83410140,-10.92134166,-0.18106399,0.31361206,-0.47597828
30.80000000,3,body4,-0.57927070,0.07057799,-9.11467059,0.09826866,-0.11438663,-0.27182586
30.85000000,0,body1,-0.25830476,0.44739764,-9.46673048,0.06696420,-0.11598533,-0.16308935
30.85000000,1,body2,0.23102641,0.52984724,-9.12826706,0.05056888,-0.14190095,-0.27204375
30.85000000,2,body3,0.47250110,-0.81839503,-10.94510036,-0.18165619,0.31463778,-0.47436792
30.85000000,3,body4,-0.57437392,0.06484968,-9.12826734,0.09760527,-0.11474412,-0.27204365
30.90000000,0,body1,-0.25492650,0.44154632,-9.47494431,0.06816106,-0.11805835,-0.16546862
30.90000000,1,body2,0.23357056,0.52276192,-9.14187465,0.05119479,-0.14151297,-0.27225958
30.90000000,2,body3,0.46340384,-0.80263811,-10.96877827,-0.18223157,0.31563436,-0.47274662
30.90000000,3,body4,-0.56950994,0.05910373,-9.14187492,0.09695631,-0.11509218,-0.27225948
30.95000000,0,body1,-0.25148918,0.43559271,-9.48327782,0.06932677,-0.12007741,-0.16787620
30.95000000,1,body2,0.23614563,0.51569582,-9.15549299,0.05180560,-0.14113241,-0.27247344
30.95000000,2,body3,0.45427823,-0.78683208,-10.99237485,-0.18279025,0.31660202,-0.47111513
30.95000000,3,body4,-0.56467805,0.05334061,-9.15549325,0.09632132,-0.11543088,-0.27247333
31.00000000,0,body1,-0.24799433,0.42953946,-9.49173238,0.07046192,-0.12204356,-0.17031072
31.00000000,1,body2,0.23875088,0.50864857,-9.16912196,0.05240161,-0.14075891,-0.27268526
31.00000000,2,body3,0.44512510,-0.77097838,-11.01588962,-0.18333237,0.31754101,-0.46947423
31.00000000,3,body4,-0.55987758,0.04756079,-9.16912222,0.09569986,-0.11576029,-0.27268515
31.05000000,0,body1,-0.24444348,0.42338921,-9.50030932,0.07156716,-0.12395788,-0.17277095
31.05000000,1,body2,0.24138555,0.50161982,-9.18276148,0.05298313,-0.14039212,-0.27289498
31.05000000,2,body3,0.43594527,-0.75507845,-11.03932213,-0.18385809,0.31845159,-0.46782469
31.05000000,3,body4,-0.55510785,0.04176474,-9.18276173,0.09509145,-0.11608050,-0.27289486
31.10000000,0,body1,-0.24083810,0.41714452,-9.50900988,0.07264309,-0.12582145,-0.17525570
31.10000000,1,body2,0.24404895,0.49460925,-9.19641143,0.05355048,-0.14003166,-0.27310247
31.10000000,2,body3,0.42673957,-0.73913369,-11.06267196,-0.18436757,0.31933403,-0.46616733
31.10000000,3,body4,-0.55036822,0.03595289,-9.19641167,0.09449560,-0.11639160,-0.27310235
31.15000000,0,body1,-0.23717965,0.41080790,-9.51783528,0.07369038,-0.12763541,-0.17776391
31.15000000,1,body2,0.24674037,0.48761656,-9.21007169,0.05410400,-0.13967717,-0.27330761
31.15000000,2,body3,0.41750879,-0.72314550,-11.08593875,-0.18486097,0.32018863,-0.46450296
31.15000000,3,body4,-0.54565808,0.03012572,-9.21007193,0.09391185,-0.11669372,-0.27330747
31.20000000,0,body1,-0.23346953,0.40438179,-9.52678665,0.07470967,-0.12940087,-0.18029460
31.20000000,1,body2,0.24945913,0.48064145,-9.22374215,0.05464404,-0.13932828,-0.27351022
31.20000000,2,body3,0.40825374,-0.70711528,-11.10912215,-0.18533849,0.32101571,-0.46283240
31.20000000,3,body4,-0.54097684,0.02428367,-9.22374238,0.09333967,-0.11698696,-0.27351008
31.25000000,0,body1,-0.22970914,0.39786860,-9.53586510,0.07570161,-0.13111897,-0.18284689
31.25000000,1,body2,0.25220456,0.47368365,-9.23742267,0.05517099,-0.13898461,-0.27371011
31.25000000,2,body3,0.39897521,-0.69104438,-11.13222190,-0.18580030,0.32181560,-0.46115649
31.25000000,3,body4,-0.53632393,0.01842717,-9.23742289,0.09277857,-0.11727147,-0.27370996
31.30000000,0,body1,-0.22589982,0.39127066,-9.54507168,0.07666687,-0.13279084,-0.18541995
31.30000000,1,body2,0.25497601,0.46674291,-9.25111311,0.05568522,-0.13864580,-0.27390705
31.30000000,2,body3,0.38967397,-0.67493416,-11.15523773,-0.18624663,0.32258866,-0.45947608
31.30000000,3,body4,-0.53169880,0.01255666,-9.25111332,0.09222803,-0.11754741,-0.27390689
31.35000000,0,body1,-0.22204289,0.38459027,-9.55440743,0.07760609,-0.13441762,-0.18801310
31.35000000,1,body2,0.25777287,0.45981899,-9.26481332,0.05618715,-0.13831148,-0.27410081
31.35000000,2,body3,0.38035081,-0.65878596,-11.17816944,-0.18667768,0.32333526,-0.45779199
31.35000000,3,body4,-0.52710095,0.00667257,-9.26481352,0.09168754,-0.11781494,-0.27410064
31.40000000,0,body1,-0.21813963,0.37782963,-9.56387332,0.07851992,-0.13600042,-0.19062570
31.40000000,1,body2,0.26059453,0.45291169,-9.27852313,0.05667722,-0.13798130,-0.27429112
31.40000000,2,body3,0.37100646,-0.64260107,-11.20101688,-0.18709368,0.32405580,-0.45610509
31.40000000,3,body4,-0.52252989,0.00077530,-9.27852333,0.09115655,-0.11807426,-0.27429094
31.45000000,0,body1,-0.21419131,0.37099094,-9.57347031,0.07940900,-0.13754035,-0.19325721
31.45000000,1,body2,0.26344040,0.44602080,-9.29224237,0.05715588,-0.13765490,-0.27447769
31.45000000,2,body3,0.36164169,-0.62638080,-11.22377992,-0.18749487,0.32475068,-0.45441620
31.45000000,3,body4,-0.51798515,-0.00513472,-9.29224256,0.09063455,-0.11832558,-0.27447750
31.50000000,0,body1,-0.21019913,0.36407630,-9.58319935,0.08027395,-0.13903849,-0.19590716
31.50000000,1,body2,0.26630994,0.43914615,-9.30597083,0.05762360,-0.13733193,-0.27466022
31.50000000,2,body3,0.35225722,-0.61012642,-11.24645848,-0.18788150,0.32542035,-0.45272618
31.50000000,3,body4,-0.51346629,-0.01105713,-9.30597101,0.09012099,-0.11856915,-0.27466002
31.55000000,0,body1,-0.20616430,0.35708777,-9.59306133,0.08111539,-0.14049591,-0.19857517
31.55000000,1,body2,0.26920259,0.43228756,-9.31970832,0.05808088,-0.13701205,-0.27483838
31.55000000,2,body3,0.34285378,-0.59383917,-11.26905253,-0.18825384,0.32606526,-0.45103586
31.55000000,3,body4,-0.50897291,-0.01699152,-9.31970849,0.08961532,-0.11880523,-0.27483818
31.60000000,0,body1,-0.20208798,0.35002737,-9.60305716,0.08193391,-0.14191362,-0.20126092
31.60000000,1,body2,0.27211786,0.42544490,-9.33345459,0.05852824,-0.13669493,-0.27501185
31.60000000,2,body3,0.33343208,-0.57752029,-11.29156208,-0.18861215,0.32668586,-0.44934605
31.60000000,3,body4,-0.50450463,-0.02293753,-9.33345475,0.08911701,-0.11903409,-0.27501164
31.65000000,0,body1,-0.19797128,0.34289705,-9.61318771,0.08273009,-0.14329264,-0.20396417
31.65000000,1,body2,0.27505526,0.41861803,-9.34720942,0.05896623,-0.13638025,-0.27518028
31.65000000,2,body3,0.32399281,-0.56117098,-11.31398716,-0.18895670,0.32728266,-0.44765758
31.65000000,3,body4,-0.50006110,-0.02889481,-9.34720957,0.08862549,-0.11925606,-0.27518005
31.70000000,0,body1,-0.19381533,0.33569873,-9.62345387,0.08350446,-0.14463390,-0.20668474
31.70000000,1,body2,0.27801433,0.41180684,-9.36097253,0.05939541,-0.13606769,-0.27534331
31.70000000,2,body3,0.31453664,-0.54479241,-11.33632787,-0.18928780,0.32785614,-0.44597124
31.70000000,3,body4,-0.49564198,-0.03486303,-9.36097267,0.08814021,-0.11947147,-0.27534308
31.75000000,0,body1,-0.18962119,0.32843428,-9.63385647,0.08425758,-0.14593833,-0.20942250
31.75000000,1,body2,0.28099466,0.40501124,-9.37474365,0.05981639,-0.13575695,-0.27550059
31.75000000,2,body3,0.30506425,-0.52838574,-11.35858433,-0.18960574,0.32840683,-0.44428782
31.75000000,3,body4,-0.49124698,-0.04084186,-9.37474378,0.08766062,-0.11968068,-0.27550035
31.80000000,0,body1,-0.18538992,0.32110550,-9.64439640,0.08498992,-0.14720679,-0.21217739
31.80000000,1,body2,0.28399585,0.39823113,-9.38852249,0.06022978,-0.13544775,-0.27565174
31.80000000,2,body3,0.29557629,-0.51195210,-11.38075671,-0.18991082,0.32893525,-0.44260807
31.80000000,3,body4,-0.48687583,-0.04683100,-9.38852260,0.08718614,-0.11988408,-0.27565149
31.85000000,0,body1,-0.18112254,0.31371418,-9.65507450,0.08570198,-0.14844010,-0.21494938
31.85000000,1,body2,0.28701752,0.39146644,-9.40230872,0.06063622,-0.13513979,-0.27579642
31.85000000,2,body3,0.28607338,-0.49549258,-11.40284521,-0.19020337,0.32944195,-0.44093273
31.85000000,3,body4,-0.48252829,-0.05283018,-9.40230882,0.08671622,-0.12008209,-0.27579616
31.90000000,0,body1,-0.17682005,0.30626206,-9.66589162,0.08639418,-0.14963903,-0.21773850
31.90000000,1,body2,0.29005936,0.38471713,-9.41610201,0.06103638,-0.13483280,-0.27593424
31.90000000,2,body3,0.27655616,-0.47900825,-11.42485007,-0.19048369,0.32992749,-0.43926253
31.90000000,3,body4,-0.47820414,-0.05883913,-9.41610210,0.08625027,-0.12027515,-0.27593397
31.95000000,0,body1,-0.17248344,0.29875084,-9.67684864,0.08706694,-0.15080429,-0.22054481
31.95000000,1,body2,0.29312107,0.37798315,-9.42990202,0.06143096,-0.13452653,-0.27606486
31.95000000,2,body3,0.26702522,-0.46250017,-11.44677156,-0.19075213,0.33039243,-0.43759816
31.95000000,3,body4,-0.47390320,-0.06485762,-9.42990210,0.08578774,-0.12046373,-0.27606458
32.00000000,0,body1,-0.16811368,0.29118218,-9.68794639,0.08772064,-0.15193653,-0.22336839
32.00000000,1,body2,0.29620238,0.37126448,-9.44370837,0.06182068,-0.13422072,-0.27618791
32.00000000,2,body3,0.25748114,-0.44596934,-11.46861000,-0.19100899,0.33083734,-0.43594027
32.00000000,3,body4,-0.46962532,-0.07088544,-9.44370843,0.08532805,-0.12064833,-0.27618762
32.05000000,0,body1,-0.16371169,0.28355773,-9.69918576,0.08835563,-0.15303637,-0.22620936
32.05000000,1,body2,0.29930307,0.36456108,-9.45752068,0.06220626,-0.13391513,-0.27630307
32.05000000,2,body3,0.24792451,-0.42941676,-11.49036571,-0.19125463,0.33126281,-0.43428949
32.05000000,3,body4,-0.46537036,-0.07692240,-9.45752073,0.08487061,-0.12082946,-0.27630276
32.10000000,0,body1,-0.15927842,0.27587908,-9.71056762,0.08897222,-0.15410432,-0.22906786
32.10000000,1,body2,0.30242295,0.35787297,-9.47133854,0.06258848,-0.13360954,-0.27640998
32.10000000,2,body3,0.23835587,-0.41284337,-11.51203907,-0.19148938,0.33166941,-0.43264642
32.10000000,3,body4,-0.46113823,-0.08296834,-9.47133857,0.08441484,-0.12100768,-0.27640967
32.15000000,0,body1,-0.15481477,0.26814782,-9.72209284,0.08957068,-0.15514089,-0.23194402
32.15000000,1,body2,0.30556187,0.35120013,-9.48516154,0.06296813,-0.13330371,-0.27650835
32.15000000,2,body3,0.22877575,-0.39625012,-11.53363049,-0.19171358,0.33205773,-0.43101162
32.15000000,3,body4,-0.45692885,-0.08902313,-9.48516155,0.08396016,-0.12118355,-0.27650802
32.20000000,0,body1,-0.15032165,0.26036551,-9.73376232,0.09015126,-0.15614647,-0.23483798
32.20000000,1,body2,0.30871973,0.34454261,-9.49898923,0.06334601,-0.13299744,-0.27659786
32.20000000,2,body3,0.21918469,-0.37963789,-11.55514038,-0.19192757,0.33242837,-0.42938562
32.20000000,3,body4,-0.45274220,-0.09508667,-9.49898923,0.08350598,-0.12135767,-0.27659753
32.25000000,0,body1,-0.14579994,0.25253368,-9.74557694,0.09071416,-0.15712145,-0.23774991
32.25000000,1,body2,0.31189645,0.33790040,-9.51282117,0.06372295,-0.13269052,-0.27667824
32.25000000,2,body3,0.20958317,-0.36300756,-11.57656921,-0.19213169,0.33278192,-0.42776890
32.25000000,3,body4,-0.44857825,-0.10115888,-9.51282115,0.08305171,-0.12153065,-0.27667790
32.30000000,0,body1,-0.14125053,0.24465387,-9.75753761,0.09125956,-0.15806610,-0.24067993
32.30000000,1,body2,0.31509202,0.33127357,-9.52665690,0.06409979,-0.13238275,-0.27674924
32.30000000,2,body3,0.19997168,-0.34635997,-11.59791743,-0.19232627,0.33311894,-0.42616191
32.30000000,3,body4,-0.44443704,-0.10723972,-9.52665686,0.08259675,-0.12170312,-0.27674889
32.35000000,0,body1,-0.13667427,0.23672757,-9.76964524,0.09178759,-0.15898069,-0.24362817
32.35000000,1,body2,0.31830645,0.32466215,-9.54049593,0.06447741,-0.13207393,-0.27681062
32.35000000,2,body3,0.19035070,-0.32969593,-11.61918557,-0.19251165,0.33344004,-0.42456504
32.35000000,3,body4,-0.44031860,-0.11332919,-9.54049588,0.08214049,-0.12187574,-0.27681026
32.40000000,0,body1,-0.13207205,0.22875630,-9.78190074,0.09229838,-0.15986540,-0.24659472
32.40000000,1,body2,0.32153979,0.31806620,-9.55433779,0.06485669,-0.13176388,-0.27686218
32.40000000,2,body3,0.18072067,-0.31301622,-11.64037411,-0.19268817,0.33374578,-0.42297866
32.40000000,3,body4,-0.43622302,-0.11942731,-9.55433772,0.08168234,-0.12204918,-0.27686180
32.45000000,0,body1,-0.12744472,0.22074153,-9.79430502,0.09279199,-0.16072035,-0.24957967
32.45000000,1,body2,0.32479216,0.31148579,-9.56818198,0.06523852,-0.13145241,-0.27690373
32.45000000,2,body3,0.17108203,-0.29632159,-11.66148361,-0.19285615,0.33403673,-0.42140308
32.45000000,3,body4,-0.43215040,-0.12553414,-9.56818189,0.08122169,-0.12222412,-0.27690335
32.50000000,0,body1,-0.12279314,0.21268476,-9.80685901,0.09326846,-0.16154563,-0.25258304
32.50000000,1,body2,0.32806370,0.30492099,-9.58202800,0.06562381,-0.13113933,-0.27693515
32.50000000,2,body3,0.16143520,-0.27961278,-11.68251461,-0.19301591,0.33431344,-0.41983857
32.50000000,3,body4,-0.42810090,-0.13164977,-9.58202789,0.08075791,-0.12240127,-0.27693475
32.55000000,0,body1,-0.11811816,0.20458746,-9.81956363,0.09372783,-0.16234127,-0.25560485
32.55000000,1,body2,0.33135461,0.29837189,-9.59587533,0.06601350,-0.13082448,-0.27695631
32.55000000,2,body3,0.15178058,-0.26289047,-11.70346766,-0.19316776,0.33457645,-0.41828536
32.55000000,3,body4,-0.42407467,-0.13777432,-9.59587520,0.08029039,-0.12258132,-0.27695590
32.60000000,0,body1,-0.11342064,0.19645112,-9.83241980,0.09417007,-0.16310725,-0.25864504
32.60000000,1,body2,0.33466513,0.29183858,-9.60972346,0.06640851,-0.13050765,-0.27696715
32.60000000,2,body3,0.14211855,-0.24615535,-11.72434333,-0.19331200,0.33482630,-0.41674361
32.60000000,3,body4,-0.42007193,-0.14390796,-9.60972331,0.07981851,-0.12276500,-0.27696673
32.65000000,0,body1,-0.10870144,0.18827723,-9.84542844,0.09459516,-0.16384353,-0.26170352
32.65000000,1,body2,0.33799556,0.28532116,-9.62357187,0.06680978,-0.13018868,-0.27696761
32.65000000,2,body3,0.13244950,-0.22940805,-11.74514221,-0.19344894,0.33506349,-0.41521344
32.65000000,3,body4,-0.41609290,-0.15005089,-9.62357170,0.07934163,-0.12295302,-0.27696718
32.70000000,0,body1,-0.10396141,0.18006727,-9.85859046,0.09500305,-0.16455000,-0.26478014
32.70000000,1,body2,0.34134623,0.27881975,-9.63742004,0.06721826,-0.12986736,-0.27695771
32.70000000,2,body3,0.12277378,-0.21264920,-11.76586487,-0.19357886,0.33528852,-0.41369495
32.70000000,3,body4,-0.41213786,-0.15620335,-9.63741986,0.07885912,-0.12314613,-0.27695727
32.75000000,0,body1,-0.09920142,0.17182273,-9.87190675,0.09539365,-0.16522655,-0.26787470
32.75000000,1,body2,0.34471752,0.27233447,-9.65126747,0.06763491,-0.12954352,-0.27693748
32.75000000,2,body3,0.11309174,-0.19587939,-11.78651190,-0.19370203,0.33550185,-0.41218815
32.75000000,3,body4,-0.40820709,-0.16236560,-9.65126726,0.07837034,-0.12334504,-0.27693702
32.80000000,0,body1,-0.09442234,0.16354511,-9.88537822,0.09576689,-0.16587301,-0.27098692
32.80000000,1,body2,0.34810987,0.26586545,-9.66511362,0.06806067,-0.12921695,-0.27690700
32.80000000,2,body3,0.10340369,-0.17909920,-11.80708388,-0.19381871,0.33570395,-0.41069301
32.80000000,3,body4,-0.40430094,-0.16853796,-9.66511339,0.07787464,-0.12355047,-0.27690653
32.85000000,0,body1,-0.08962503,0.15523593,-9.89900573,0.09612265,-0.16648921,-0.27411645
32.85000000,1,body2,0.35152376,0.25941283,-9.67895800,0.06849649,-0.12888745,-0.27686639
32.85000000,2,body3,0.09370998,-0.16230917,-11.82758140,-0.19392915,0.33589524,-0.40920947
32.85000000,3,body4,-0.40041975,-0.17472077,-9.67895774,0.07737137,-0.12376316,-0.27686591
32.90000000,0,body1,-0.08481037,0.14689670,-9.91279015,0.09646083,-0.16707496,-0.27726290
32.90000000,1,body2,0.35495970,0.25297676,-9.69280009,0.06894332,-0.12855480,-0.27681582
32.90000000,2,body3,0.08401089,-0.14550984,-11.84800502,-0.19403358,0.33607612,-0.40773739
32.90000000,3,body4,-0.39656394,-0.18091442,-9.69279981,0.07685988,-0.12398381,-0.27681534
32.95000000,0,body1,-0.07997924,0.13852895,-9.92673230,0.09678131,-0.16763004,-0.28042579
32.95000000,1,body2,0.35841829,0.24655741,-9.70663942,0.06940210,-0.12821879,-0.27675550
32.95000000,2,body3,0.07430672,-0.12870172,-11.86835532,-0.19413221,0.33624696,-0.40627660
32.95000000,3,body4,-0.39273391,-0.18711930,-9.70663911,0.07633949,-0.12421313,-0.27675501
33.00000000,0,body1,-0.07513253,0.13013421,-9.94083299,0.09708397,-0.16815425,-0.28360455
33.00000000,1,body2,0.36190013,0.24015494,-9.72047548,0.06987377,-0.12787918,-0.27668569
33.00000000,2,body3,0.06459777,-0.11188531,-11.88863286,-0.19422526,0.33640813,-0.40482685
33.00000000,3,body4,-0.38893014,-0.19333589,-9.72047516,0.07580955,-0.12445180,-0.27668518
33.05000000,0,body1,-0.07027114,0.12171404,-9.95509301,0.09736867,-0.16864738,-0.28679857
33.05000000,1,body2,0.36540589,0.23376956,-9.73430783,0.07035923,-0.12753572,-0.27660668
33.05000000,2,body3,0.05488429,-0.09506106,-11.90883819,-0.19431290,0.33655993,-0.40338788
33.05000000,3,body4,-0.38515313,-0.19956465,-9.73430748,0.07526937,-0.12470050,-0.27660616
33.10000000,0,body1,-0.06539597,0.11326999,-9.96951309,0.09763532,-0.16910922,-0.29000714
33.10000000,1,body2,0.36893629,0.22740144,-9.74813600,0.07085940,-0.12718815,-0.27651882
33.10000000,2,body3,0.04516657,-0.07822946,-11.92897182,-0.19439530,0.33670265,-0.40195933
33.10000000,3,body4,-0.38140339,-0.20580612,-9.74813563,0.07471827,-0.12495988,-0.27651829
33.15000000,0,body1,-0.06050791,0.10480364,-9.98409395,0.09788379,-0.16953957,-0.29322947
33.15000000,1,body2,0.37249209,0.22105082,-9.76195957,0.07137517,-0.12683619,-0.27642250
33.15000000,2,body3,0.03544485,-0.06139094,-11.94903429,-0.19447261,0.33683656,-0.40054081
33.15000000,3,body4,-0.37768149,-0.21206083,-9.76195917,0.07415559,-0.12523057,-0.27642195
33.20000000,0,body1,-0.05560789,0.09631656,-9.99883625,0.09811398,-0.16993828,-0.29646473
33.20000000,1,body2,0.37607408,0.21471790,-9.77577812,0.07190739,-0.12647955,-0.27631815
33.20000000,2,body3,0.02571940,-0.04454594,-11.96902607,-0.19454496,0.33696188,-0.39913188
33.20000000,3,body4,-0.37398803,-0.21832938,-9.77577769,0.07358061,-0.12551318,-0.27631760
33.25000000,0,body1,-0.05069682,0.08781034,-10.01374062,0.09832582,-0.17030519,-0.29971198
33.25000000,1,body2,0.37968312,0.20840295,-9.78959126,0.07245692,-0.12611791,-0.27620627
33.25000000,2,body3,0.01599045,-0.02769489,-11.98894763,-0.19461246,0.33707880,-0.39773203
33.25000000,3,body4,-0.37032364,-0.22461236,-9.78959081,0.07299266,-0.12580827,-0.27620571
33.30000000,0,body1,-0.04577562,0.07928658,-10.02880763,0.09851923,-0.17064018,-0.30297023
33.30000000,1,body2,0.38332008,0.20210620,-9.80339862,0.07302458,-0.12575096,-0.27608738
33.30000000,2,body3,0.00625824,-0.01083820,-12.00879941,-0.19467520,0.33718747,-0.39634070
33.30000000,3,body4,-0.36668899,-0.23091042,-9.80339815,0.07239104,-0.12611640,-0.27608680
33.35000000,0,body1,-0.04084520,0.07074686,-10.04403781,0.09869418,-0.17094320,-0.30623841
33.35000000,1,body2,0.38698589,0.19582795,-9.81719989,0.07361114,-0.12537832,-0.27596205
33.35000000,2,body3,-0.00347699,0.00602373,-12.02858183,-0.19473325,0.33728801,-0.39495728
33.35000000,3,body4,-0.36308478,-0.23722423,-9.81719938,0.07177505,-0.12643807,-0.27596147
33.40000000,0,body1,-0.03590651,0.06219279,-10.05943162,0.09885064,-0.17121420,-0.30951539
33.40000000,1,body2,0.39068152,0.18956848,-9.83099473,0.07421738,-0.12499964,-0.27583091
33.40000000,2,body3,-0.01321500,0.02289048,-12.04829526,-0.19478665,0.33738051,-0.39358107
33.40000000,3,body4,-0.35951174,-0.24355447,-9.83099420,0.07114398,-0.12677376,-0.27583032
33.45000000,0,body1,-0.03096045,0.05362597,-10.07498948,0.09898864,-0.17145321,-0.31280000
33.45000000,1,body2,0.39440797,0.18332810,-9.84478289,0.07484402,-0.12461450,-0.27569463
33.45000000,2,body3,-0.02295557,0.03976165,-12.06794004,-0.19483543,0.33746501,-0.39221135
33.45000000,3,body4,-0.35597064,-0.24990185,-9.84478233,0.07049712,-0.12712388,-0.27569402
33.50000000,0,body1,-0.02600795,0.04504800,-10.09071173,0.09910821,-0.17166032,-0.31609099
33.50000000,1,body2,0.39816627,0.17710714,-9.85856412,0.07549174,-0.12422250,-0.27555390
33.50000000,2,body3,-0.03269846,0.05663685,-12.08751649,-0.19487960,0.33754150,-0.39084731
33.50000000,3,body4,-0.35246230,-0.25626710,-9.85856353,0.06983378,-0.12748883,-0.27555329
33.55000000,0,body1,-0.02104993,0.03646047,-10.10659866,0.09920944,-0.17183565,-0.31938707
33.55000000,1,body2,0.40195750,0.17090597,-9.87233822,0.07616120,-0.12382318,-0.27540950
33.55000000,2,body3,-0.04244344,0.07351567,-12.10702486,-0.19491912,0.33760997,-0.38948810
33.55000000,3,body4,-0.34898755,-0.26265099,-9.87233760,0.06915323,-0.12786894,-0.27540887
33.60000000,0,body1,-0.01608731,0.02786496,-10.12265050,0.09929245,-0.17197943,-0.32268691
33.60000000,1,body2,0.40578276,0.16472496,-9.88610502,0.07685299,-0.12341608,-0.27526221
33.60000000,2,body3,-0.05219028,0.09039772,-12.12646536,-0.19495396,0.33767031,-0.38813277
33.60000000,3,body4,-0.34554727,-0.26905426,-9.88610437,0.06845477,-0.12826451,-0.27526157
33.65000000,0,body1,-0.01112099,0.01926305,-10.13886739,0.09935741,-0.17209194,-0.32598913
33.65000000,1,body2,0.40964318,0.15856450,-9.89986440,0.07756769,-0.12300068,-0.27511287
33.65000000,2,body3,-0.06193875,0.10728257,-12.14583818,-0.19498404,0.33772242,-0.38678034
33.65000000,3,body4,-0.34214238,-0.27547770,-9.89986372,0.06773767,-0.12867576,-0.27511223
33.70000000,0,body1,-0.00615187,0.01065628,-10.15524943,0.09940452,-0.17217353,-0.32929235
33.70000000,1,body2,0.41353992,0.15242504,-9.91361628,0.07830580,-0.12257646,-0.27496237
33.70000000,2,body3,-0.07168859,0.12416982,-12.16514343,-0.19500927,0.33776612,-0.38542973
33.70000000,3,body4,-0.33877383,-0.28192210,-9.91361558,0.06700123,-0.12910289,-0.27496172
33.75000000,0,body1,-0.00118083,0.00204620,-10.17179662,0.09943404,-0.17222465,-0.33259515
33.75000000,1,body2,0.41747415,0.14630701,-9.92736063,0.07906780,-0.12214286,-0.27481164
33.75000000,2,body3,-0.08143958,0.14105905,-12.18438117,-0.19502953,0.33780121,-0.38407980
33.75000000,3,body4,-0.33544259,-0.28838826,-9.92735989,0.06624473,-0.12954601,-0.27481098
33.80000000,0,body1,0.00379125,-0.00656568,-10.18850891,0.09944626,-0.17224582,-0.33589611
33.80000000,1,body2,0.42144710,0.14021092,-9.94109745,0.07985411,-0.12169929,-0.27466164
33.80000000,2,body3,-0.09119145,0.15794980,-12.20355140,-0.19504465,0.33782740,-0.38272934
33.80000000,3,body4,-0.33214970,-0.29487697,-9.94109669,0.06546743,-0.13000519,-0.27466097
33.85000000,0,body1,0.00876351,-0.01517789,-10.20538618,0.09944156,-0.17223767,-0.33919380
33.85000000,1,body2,0.42545997,0.13413726,-9.95482682,0.08066508,-0.12124512,-0.27451337
33.85000000,2,body3,-0.10094395,0.17484164,-12.22265407,-0.19505446,0.33784440,-0.38137704
33.85000000,3,body4,-0.32889621,-0.30138905,-9.95482602,0.06466862,-0.13048043,-0.27451269
33.90000000,0,body1,0.01373513,-0.02378897,-10.22242821,0.09942032,-0.17220089,-0.34248680
33.90000000,1,body2,0.42951402,0.12808660,-9.96854883,0.08150103,-0.12077970,-0.27436788
33.90000000,2,body3,-0.11069679,0.19173409,-12.24168905,-0.19505875,0.33785184,-0.38002152
33.90000000,3,body4,-0.32568321,-0.30792529,-9.96854801,0.06384758,-0.13097168,-0.27436719
33.95000000,0,body1,0.01870528,-0.03239751,-10.23963476,0.09938302,-0.17213627,-0.34577372
33.95000000,1,body2,0.43361050,0.12205949,-9.98226367,0.08236222,-0.12030232,-0.27422626
33.95000000,2,body3,-0.12044971,0.20862666,-12.26065614,-0.19505727,0.33784928,-0.37866132
33.95000000,3,body4,-0.32251183,-0.31448649,-9.98226281,0.06300356,-0.13147881,-0.27422556
34.00000000,0,body1,0.02367317,-0.04100215,-10.25700546,0.09933017,-0.17204472,-0.34905319
34.00000000,1,body2,0.43775066,0.11605658,-9.99597154,0.08324884,-0.11981226,-0.27408963
34.00000000,2,body3,-0.13020241,0.22551885,-12.27955508,-0.19504975,0.33783625,-0.37729486
34.00000000,3,body4,-0.31938325,-0.32107343,-9.99597065,0.06213584,-0.13200162,-0.27408892
34.05000000,0,body1,0.02863805,-0.04960155,-10.27453993,0.09926233,-0.17192721,-0.35232388
34.05000000,1,body2,0.44193580,0.11007849,-10.00967273,0.08416104,-0.11930873,-0.27395914
34.05000000,2,body3,-0.13995457,0.24241011,-12.29838550,-0.19503587,0.33781221,-0.37592048
34.05000000,3,body4,-0.31629866,-0.32768691,-10.00967181,0.06124368,-0.13253986,-0.27395843
34.10000000,0,body1,0.03359916,-0.05819446,-10.29223768,0.09918012,-0.17178482,-0.35558453
34.10000000,1,body2,0.44616719,0.10412594,-10.02336757,0.08509891,-0.11879094,-0.27383601
34.10000000,2,body3,-0.14970587,0.25929989,-12.31714696,-0.19501527,0.33777655,-0.37453643
34.10000000,3,body4,-0.31325930,-0.33432767,-10.02336662,0.06032632,-0.13309319,-0.27383530
34.15000000,0,body1,0.03855583,-0.06677964,-10.31009819,0.09908422,-0.17161872,-0.35883392
34.15000000,1,body2,0.45044612,0.09819965,-10.03705647,0.08606247,-0.11825801,-0.27372148
34.15000000,2,body3,-0.15945596,0.27618757,-12.33583895,-0.19498758,0.33772858,-0.37314081
34.15000000,3,body4,-0.31026646,-0.34099648,-10.03705549,0.05938301,-0.13366120,-0.27372075
34.20000000,0,body1,0.04350737,-0.07535595,-10.32812087,0.09897536,-0.17143017,-0.36207092
34.20000000,1,body2,0.45477386,0.09230041,-10.05073988,0.08705169,-0.11770905,-0.27361681
34.20000000,2,body3,-0.16920449,0.29307254,-12.35446082,-0.19495235,0.33766756,-0.37173166
34.20000000,3,body4,-0.30732145,-0.34769403,-10.05073886,0.05841299,-0.13424342,-0.27361608
34.25000000,0,body1,0.04845316,-0.08392231,-10.34630506,0.09885432,-0.17122051,-0.36529449
34.25000000,1,body2,0.45915171,0.08642903,-10.06441833,0.08806649,-0.11714310,-0.27352333
34.25000000,2,body3,-0.17895105,0.30995411,-12.37301185,-0.19490910,0.33759265,-0.37030684
34.25000000,3,body4,-0.30442562,-0.35442105,-10.06441728,0.05741546,-0.13483929,-0.27352259
34.30000000,0,body1,0.05339261,-0.09247768,-10.36465008,0.09872191,-0.17099117,-0.36850369
34.30000000,1,body2,0.46358093,0.08058640,-10.07809242,0.08910671,-0.11655916,-0.27344239
34.30000000,2,body3,-0.18869524,0.32683156,-12.39149121,-0.19485730,0.33750295,-0.36886413
34.30000000,3,body4,-0.30158037,-0.36117818,-10.07809134,0.05638964,-0.13544819,-0.27344164
34.35000000,0,body1,0.05832518,-0.10102112,-10.38315518,0.09857902,-0.17074367,-0.37169770
34.35000000,1,body2,0.46806280,0.07477343,-10.09176280,0.09017217,-0.11595617,-0.27337539
34.35000000,2,body3,-0.19843661,0.34370415,-12.40989793,-0.19479638,0.33739743,-0.36740113
34.35000000,3,body4,-0.29878714,-0.36796608,-10.09176169,0.05533471,-0.13606942,-0.27337464
34.40000000,0,body1,0.06325036,-0.10955177,-10.40181958,0.09842655,-0.17047959,-0.37487582
34.40000000,1,body2,0.47259856,0.06899112,-10.10543021,0.09126260,-0.11533302,-0.27332377
34.40000000,2,body3,-0.20817470,0.36057104,-12.42823094,-0.19472570,0.33727501,-0.36591531
34.40000000,3,body4,-0.29604740,-0.37478532,-10.10542906,0.05424982,-0.13670219,-0.27332301
34.45000000,0,body1,0.06816769,-0.11806883,-10.42064249,0.09826547,-0.17020058,-0.37803748
34.45000000,1,body2,0.47718947,0.06324049,-10.11909545,0.09237770,-0.11468852,-0.27328901
34.45000000,2,body3,-0.21790899,0.37743136,-12.44648903,-0.19464455,0.33713446,-0.36440401
34.45000000,3,body4,-0.29336267,-0.38163648,-10.11909427,0.05313412,-0.13734565,-0.27328825
34.50000000,0,body1,0.07307678,-0.12657161,-10.43962305,0.09809676,-0.16990836,-0.38118228
34.50000000,1,body2,0.48183673,0.05752264,-10.13275941,0.09351710,-0.11402143,-0.27327264
34.50000000,2,body3,-0.22763895,0.39428417,-12.46467087,-0.19455218,0.33697447,-0.36286435
34.50000000,3,body4,-0.29073452,-0.38852005,-10.13275820,0.05198671,-0.13799886,-0.27327187
34.55000000,0,body1,0.07797726,-0.13505948,-10.45876043,0.09792143,-0.16960468,-0.38430997
34.55000000,1,body2,0.48654157,0.05183874,-10.14642304,0.09468039,-0.11333044,-0.27327624
34.55000000,2,body3,-0.23736399,0.41112847,-12.48277494,-0.19444775,0.33679360,-0.36129331
34.55000000,3,body4,-0.28816455,-0.39543651,-10.14642180,0.05080665,-0.13866081,-0.27327546
34.60000000,0,body1,0.08286883,-0.14353191,-10.47805376,0.09774054,-0.16929136,-0.38742049
34.60000000,1,body2,0.49130516,0.04619002,-10.16008739,0.09586711,-0.11261417,-0.27330142
34.60000000,2,body3,-0.24708349,0.42796316,-12.50079962,-0.19433035,0.33659026,-0.35968769
34.60000000,3,body4,-0.28565442,-0.40238626,-10.16008611,0.04959297,-0.13933041,-0.27330065
34.65000000,0,body1,0.08775123,-0.15198848,-10.49750219,0.09755514,-0.16897024,-0.39051395
34.65000000,1,body2,0.49612866,0.04057777,-10.17375357,0.09707675,-0.11187113,-0.27334988
34.65000000,2,body3,-0.25679677,0.44478710,-12.51874308,-0.19419899,0.33636274,-0.35804404
34.65000000,3,body4,-0.28320583,-0.40936966,-10.17375226,0.04834466,-0.14000649,-0.27334910
34.70000000,0,body1,0.09262428,-0.16042884,-10.51710488,0.09736631,-0.16864317,-0.39359067
34.70000000,1,body2,0.50101320,0.03500338,-10.18742279,0.09830878,-0.11109979,-0.27342335
34.70000000,2,body3,-0.26650311,0.46159902,-12.53660333,-0.19405259,0.33610916,-0.35635875
34.70000000,3,body4,-0.28082055,-0.41638700,-10.18742144,0.04706065,-0.14068779,-0.27342256
34.75000000,0,body1,0.09748783,-0.16885273,-10.53686099,0.09717512,-0.16831201,-0.39665119
34.75000000,1,body2,0.50595990,0.02946829,-10.20109634,0.09956260,-0.11029850,-0.27352363
34.75000000,2,body3,-0.27620173,0.47839756,-12.55437820,-0.19388996,0.33582749,-0.35462794
34.75000000,3,body4,-0.27850038,-0.42343851,-10.20109497,0.04573980,-0.14137299,-0.27352284
34.80000000,0,body1,0.10234177,-0.17726000,-10.55676974,0.09698263,-0.16797862,-0.39969624
34.80000000,1,body2,0.51096981,0.02397406,-10.21477562,0.10083759,-0.10946551,-0.27365258
34.80000000,2,body3,-0.28589179,0.49518127,-12.57206530,-0.19370983,0.33551549,-0.35284751
34.80000000,3,body4,-0.27624721,-0.43052435,-10.21477421,0.04438092,-0.14206067,-0.27365179
34.85000000,0,body1,0.10718609,-0.18565059,-10.57683037,0.09678992,-0.16764482,-0.40272683
34.85000000,1,body2,0.51604399,0.01852230,-10.22846210,0.10213309,-0.10859899,-0.27381214
34.85000000,2,body3,-0.29557238,0.51194858,-12.58966205,-0.19351079,0.33517075,-0.35101310
34.85000000,3,body4,-0.27406295,-0.43764460,-10.22846066,0.04298273,-0.14274935,-0.27381135
34.90000000,0,body1,0.11202078,-0.19402451,-10.59704220,0.09659799,-0.16731240,-0.40574416
34.90000000,1,body2,0.52118345,0.01311475,-10.24215737,0.10344842,-0.10769698,-0.27400434
34.90000000,2,body3,-0.30524251,0.52869777,-12.60716563,-0.19329133,0.33479063,-0.34912004
34.90000000,3,body4,-0.27194962,-0.44479928,-10.24215590,0.04154390,-0.14343746,-0.27400354
34.95000000,0,body1,0.11684591,-0.20238188,-10.61740459,0.09640785,-0.16698306,-0.40874972
34.95000000,1,body2,0.52638915,0.00775322,-10.25586311,0.10478286,-0.10675740,-0.27423127
34.95000000,2,body3,-0.31490112,0.54542702,-12.62457299,-0.19304978,0.33437227,-0.34716341
34.95000000,3,body4,-0.26990927,-0.45198831,-10.25586160,0.04006298,-0.14412334,-0.27423046
35.00000000,0,body1,0.12166161,-0.21072289,-10.63791700,0.09622044,-0.16665844,-0.41174523
35.00000000,1,body2,0.53166203,0.00243967,-10.26958111,0.10613569,-0.10577806,-0.27449512
35.00000000,2,body3,-0.32454706,0.56213432,-12.64188083,-0.19278435,0.33391253,-0.34513796
35.00000000,3,body4,-0.26794405,-0.45921155,-10.26957956,0.03853843,-0.14480526,-0.27449431
35.05000000,0,body1,0.12646802,-0.21904783,-10.65857898,0.09603661,-0.16634005,-0.41473270
35.05000000,1,body2,0.53700300,-0.00282388,-10.28331327,0.10750615,-0.10475663,-0.27479819
35.05000000,2,body3,-0.33417910,0.57881754,-12.65908555,-0.19249308,0.33340804,-0.34303808
35.05000000,3,body4,-0.26605618,-0.46646874,-10.28331169,0.03696861,-0.14548140,-0.27479738
35.10000000,0,body1,0.13126534,-0.22735702,-10.67939018,0.09585717,-0.16602925,-0.41771440
35.10000000,1,body2,0.54241292,-0.00803526,-10.29706161,0.10889346,-0.10369064,-0.27514287
35.10000000,2,body3,-0.34379588,0.59547434,-12.67618329,-0.19217384,0.33285511,-0.34085786
35.10000000,3,body4,-0.26424798,-0.47375956,-10.29706000,0.03535178,-0.14614985,-0.27514206
35.15000000,0,body1,0.13605382,-0.23565090,-10.70035037,0.09568281,-0.16572724,-0.42069287
35.15000000,1,body2,0.54789261,-0.01319216,-10.31082828,0.11029685,-0.10257747,-0.27553170
35.15000000,2,body3,-0.35339595,0.61210219,-12.69316989,-0.19182432,0.33224972,-0.33859098
35.15000000,3,body4,-0.26252183,-0.48108357,-10.31082664,0.03368605,-0.14680865,-0.27553089
35.20000000,0,body1,0.14083372,-0.24392991,-10.72145946,0.09551408,-0.16543500,-0.42367094
35.20000000,1,body2,0.55344286,-0.01829217,-10.32461555,0.11171553,-0.10141435,-0.27596730
35.20000000,2,body3,-0.36297773,0.62869838,-12.71004084,-0.19144201,0.33158753,-0.33623075
35.20000000,3,body4,-0.26088023,-0.48844024,-10.32461388,0.03196942,-0.14745570,-0.27596649
35.25000000,0,body1,0.14560533,-0.25219457,-10.74271751,0.09535143,-0.16515328,-0.42665170
35.25000000,1,body2,0.55906440,-0.02333272,-10.33842583,0.11314869,-0.10019835,-0.27645245
35.25000000,2,body3,-0.37253952,0.64525994,-12.72679129,-0.19102418,0.33086384,-0.33377005
35.25000000,3,body4,-0.25932577,-0.49582891,-10.33842413,0.03019975,-0.14808886,-0.27645164
35.30000000,0,body1,0.15036897,-0.26044542,-10.76412473,0.09519510,-0.16488251,-0.42963854
35.30000000,1,body2,0.56475795,-0.02831108,-10.35226166,0.11459554,-0.09892638,-0.27699008
35.30000000,2,body3,-0.38207948,0.66178367,-12.74341604,-0.19056788,0.33007351,-0.33120138
35.30000000,3,body4,-0.25786118,-0.50324886,-10.35225993,0.02837477,-0.14870588,-0.27698927
35.35000000,0,body1,0.15512495,-0.26868301,-10.78568152,0.09504516,-0.16462281,-0.43263509
35.35000000,1,body2,0.57052416,-0.03322438,-10.36612576,0.11605526,-0.09759518,-0.27758326
35.35000000,2,body3,-0.39159559,0.67826611,-12.75990950,-0.19006992,0.32921102,-0.32851676
35.35000000,3,body4,-0.25648927,-0.51069920,-10.36612399,0.02649205,-0.14930445,-0.27758244
35.40000000,0,body1,0.15987359,-0.27690788,-10.80738847,0.09490145,-0.16437388,-0.43564526
35.40000000,1,body2,0.57636367,-0.03806956,-10.38002096,0.11752706,-0.09620132,-0.27823520
35.40000000,2,body3,-0.40108568,0.69470349,-12.77626565,-0.18952684,0.32827038,-0.32570778
35.40000000,3,body4,-0.25521299,-0.51817896,-10.38001916,0.02454903,-0.14988213,-0.27823439
35.45000000,0,body1,0.16461519,-0.28512056,-10.82924634,0.09476353,-0.16413500,-0.43867321
35.45000000,1,body2,0.58227705,-0.04284341,-10.39395030,0.11901012,-0.09474120,-0.27894930
35.45000000,2,body3,-0.41054742,0.71109176,-12.79247806,-0.18893491,0.32724513,-0.32276560
35.45000000,3,body4,-0.25403542,-0.52568702,-10.39394847,0.02254300,-0.15043644,-0.27894849
35.50000000,0,body1,0.16935002,-0.29332153,-10.85125615,0.09463069,-0.16390492,-0.44172329
35.50000000,1,body2,0.58826485,-0.04754252,-10.40791698,0.12050363,-0.09321107,-0.27972912
35.50000000,2,body3,-0.41997826,0.72742650,-12.80853983,-0.18829012,0.32612831,-0.31968092
35.50000000,3,body4,-0.25295979,-0.53322217,-10.40791511,0.02047111,-0.15096480,-0.27972831
35.55000000,0,body1,0.17407832,-0.30151117,-10.87341912,0.09450186,-0.16368178,-0.44480008
35.55000000,1,body2,0.59432757,-0.05216329,-10.42192436,0.12200679,-0.09160703,-0.28057838
35.55000000,2,body3,-0.42937544,0.74370296,-12.82444361,-0.18758814,0.32491245,-0.31644400
35.55000000,3,body4,-0.25198947,-0.54078303,-10.42192247,0.01833039,-0.15146455,-0.28057757
35.60000000,0,body1,0.17880025,-0.30968978,-10.89573669,0.09437560,-0.16346310,-0.44790831
35.60000000,1,body2,0.60046567,-0.05670193,-10.43597603,0.12351876,-0.08992504,-0.28150097
35.60000000,2,body3,-0.43873600,0.75991598,-12.84018153,-0.18682436,0.32358954,-0.31304472
35.60000000,3,body4,-0.25112796,-0.54836811,-10.43597410,0.01611775,-0.15193296,-0.28150015
35.65000000,0,body1,0.18351590,-0.31785750,-10.91821055,0.09425003,-0.16324561,-0.45105279
35.65000000,1,body2,0.60667957,-0.06115443,-10.45007574,0.12503873,-0.08816098,-0.28250092
35.65000000,2,body3,-0.44805673,0.77606001,-12.85574520,-0.18599383,0.32215102,-0.30947259
35.65000000,3,body4,-0.25037895,-0.55597576,-10.45007378,0.01383004,-0.15236726,-0.28250010
35.70000000,0,body1,0.18822523,-0.32601429,-10.94084265,0.09412279,-0.16302522,-0.45423841
35.70000000,1,body2,0.61296965,-0.06551660,-10.46422747,0.12656585,-0.08631063,-0.28358240
35.70000000,2,body3,-0.45733414,0.79212903,-12.87112572,-0.18509132,0.32058783,-0.30571682
35.70000000,3,body4,-0.24974627,-0.56360422,-10.46422548,0.01146403,-0.15276461,-0.28358158
35.75000000,0,body1,0.19292810,-0.33415989,-10.96363516,0.09399098,-0.16279692,-0.45747001
35.75000000,1,body2,0.61933625,-0.06978400,-10.47843540,0.12809925,-0.08436977,-0.28474969
35.75000000,2,body3,-0.46656452,0.80811658,-12.88631364,-0.18411128,0.31889035,-0.30176642
35.75000000,3,body4,-0.24923392,-0.57125156,-10.47843338,0.00901650,-0.15312214,-0.28474888
35.80000000,0,body1,0.19762419,-0.34229375,-10.98659050,0.09385110,-0.16255464,-0.46075234
35.80000000,1,body2,0.62577966,-0.07395200,-10.49270393,0.12963804,-0.08233422,-0.28600715
35.80000000,2,body3,-0.47574384,0.82401568,-12.90129894,-0.18304789,0.31704850,-0.29761034
35.80000000,3,body4,-0.24884604,-0.57891572,-10.49270188,0.00648426,-0.15343699,-0.28600634
35.85000000,0,body1,0.20231301,-0.35041500,-11.00971132,0.09369901,-0.16229122,-0.46408990
35.85000000,1,body2,0.63230012,-0.07801578,-10.50703768,0.13118128,-0.08019989,-0.28735916
35.85000000,2,body3,-0.48486778,0.83981887,-12.91607106,-0.18189509,0.31505179,-0.29323755
35.85000000,3,body4,-0.24858697,-0.58659450,-10.50703560,0.00386426,-0.15370631,-0.28735834
35.90000000,0,body1,0.20699381,-0.35852238,-11.03300048,0.09352986,-0.16199826,-0.46748681
35.90000000,1,body2,0.63889784,-0.08197029,-10.52144148,0.13272797,-0.07796294,-0.28881003
35.90000000,2,body3,-0.49393171,0.85551813,-12.93061890,-0.18064661,0.31288936,-0.28863734
35.90000000,3,body4,-0.24846114,-0.59428555,-10.52143938,0.00115365,-0.15392732,-0.28880922
35.95000000,0,body1,0.21166562,-0.36661418,-11.05646105,0.09333808,-0.16166608,-0.47094673
35.95000000,1,body2,0.64557295,-0.08581031,-10.53592039,0.13427708,-0.07561984,-0.29036398
35.95000000,2,body3,-0.50293069,0.87110489,-12.94493083,-0.17929608,0.31055017,-0.28379949
35.95000000,3,body4,-0.24847316,-0.60198639,-10.53591825,-0.00165009,-0.15409732,-0.29036317
36.00000000,0,body1,0.21632713,-0.37468815,-11.08009625,0.09311726,-0.16128361,-0.47447257
36.00000000,1,body2,0.65232556,-0.08953046,-10.55047965,0.13582745,-0.07316750,-0.29202497
36.00000000,2,body3,-0.51185946,0.88657004,-12.95899473,-0.17783707,0.30802309,-0.27871460
36.00000000,3,body4,-0.24862775,-0.60969439,-10.55047749,-0.00454906,-0.15421382,-0.29202415
36.05000000,0,body1,0.22097674,-0.38274149,-11.10390944,0.09286022,-0.16083841,-0.47806639
36.05000000,1,body2,0.65915569,-0.09312521,-10.56512472,0.13737787,-0.07060350,-0.29379659
36.05000000,2,body3,-0.52071243,0.90190391,-12.97279804,-0.17626327,0.30529718,-0.27337444
36.05000000,3,body4,-0.24892970,-0.61740684,-10.56512253,-0.00754476,-0.15427451,-0.29379578
36.10000000,0,body1,0.22561242,-0.39077072,-11.12790404,0.09255895,-0.16031661,-0.48172913
36.10000000,1,body2,0.66606332,-0.09658893,-10.57986119,0.13892699,-0.06792617,-0.29568195
36.10000000,2,body3,-0.52948372,0.91709630,-12.98632781,-0.17456856,0.30236186,-0.26777234
36.10000000,3,body4,-0.24938386,-0.62512088,-10.57985898,-0.01063796,-0.15427742,-0.29568114
36.15000000,0,body1,0.23023175,-0.39877163,-11.15208349,0.09220467,-0.15970298,-0.48546038
36.15000000,1,body2,0.67304834,-0.09991594,-10.59469484,0.14047335,-0.06513488,-0.29768346
36.15000000,2,body3,-0.53816713,0.93213648,-12.99957083,-0.17274728,0.29920729,-0.26190370
36.15000000,3,body4,-0.24999513,-0.63283359,-10.59469259,-0.01382847,-0.15422096,-0.29768265
36.20000000,0,body1,0.23483184,-0.40673921,-11.17645119,0.09178784,-0.15898102,-0.48925818
36.20000000,1,body2,0.68011057,-0.10310054,-10.60963149,0.14201537,-0.06223018,-0.29980266
36.20000000,2,body3,-0.54675620,0.94701326,-13.01251370,-0.17079433,0.29582469,-0.25576641
36.20000000,3,body4,-0.25076833,-0.64054197,-10.60962922,-0.01711502,-0.15410403,-0.29980184
36.25000000,0,body1,0.23940932,-0.41466763,-11.20101036,0.09129831,-0.15813314,-0.49311871
36.25000000,1,body2,0.68724976,-0.10613711,-10.62467706,0.14355130,-0.05921407,-0.30203999
36.25000000,2,body3,-0.55524424,0.96171505,-13.02514301,-0.16870551,0.29220673,-0.24936148
36.25000000,3,body4,-0.25170820,-0.64824298,-10.62467476,-0.02049501,-0.15392613,-0.30203918
36.30000000,0,body1,0.24396029,-0.42255012,-11.22576401,0.09072546,-0.15714094,-0.49703615
36.30000000,1,body2,0.69446556,-0.10902017,-10.63983743,0.14507928,-0.05609017,-0.30439463
36.30000000,2,body3,-0.56362438,0.97622995,-13.03744546,-0.16647770,0.28834804,-0.24269348
36.30000000,3,body4,-0.25281933,-0.65593357,-10.63983510,-0.02396438,-0.15368744,-0.30439382
36.35000000,0,body1,0.24848030,-0.43037900,-11.25071479,0.09005836,-0.15598551,-0.50100245
36.35000000,1,body2,0.70175752,-0.11174444,-10.65511843,0.14659728,-0.05286391,-0.30686425
36.35000000,2,body3,-0.57188961,0.99054583,-13.04940811,-0.16410914,0.28424557,-0.23577110
36.35000000,3,body4,-0.25410605,-0.66361073,-10.65511607,-0.02751739,-0.15338894,-0.30686343
36.40000000,0,body1,0.25296437,-0.43814564,-11.27586489,0.08928609,-0.15464790,-0.50500723
36.40000000,1,body2,0.70912508,-0.11430499,-10.67052569,0.14810317,-0.04954273,-0.30944481
36.40000000,2,body3,-0.58003288,1.00465047,-13.06101855,-0.16159972,0.27989913,-0.22860758
36.40000000,3,body4,-0.25557236,-0.67127150,-10.67052331,-0.03114657,-0.15303249,-0.30944399
36.45000000,0,body1,0.25740697,-0.44584045,-11.30121594,0.08839798,-0.15310967,-0.50903772
36.45000000,1,body2,0.71656759,-0.11669730,-10.68606465,0.14959471,-0.04613609,-0.31213047
36.45000000,2,body3,-0.58804720,1.01853176,-13.07226515,-0.15895121,0.27531175,-0.22122102
36.45000000,3,body4,-0.25722184,-0.67891306,-10.68606223,-0.03484257,-0.15262087,-0.31212965
36.50000000,0,body1,0.26180207,-0.45345297,-11.32676884,0.08738401,-0.15135342,-0.51307882
36.50000000,1,body2,0.72408427,-0.11891738,-10.70174035,0.15106957,-0.04265555,-0.31491345
36.50000000,2,body3,-0.59592569,1.03217778,-13.08313732,-0.15616742,0.27049008,-0.21363451
36.50000000,3,body4,-0.25905756,-0.68653273,-10.70173791,-0.03859423,-0.15215787,-0.31491263
36.55000000,0,body1,0.26614313,-0.46097190,-11.35252371,0.08623512,-0.14936351,-0.51711330
36.55000000,1,body2,0.73167422,-0.12096186,-10.71755744,0.15252543,-0.03911465,-0.31778401
36.55000000,2,body3,-0.60366172,1.04557707,-13.09362574,-0.15325440,0.26544457,-0.20587615
36.55000000,3,body4,-0.26108199,-0.69412806,-10.71755497,-0.04238867,-0.15164822,-0.31778319
36.60000000,0,body1,0.27042320,-0.46838520,-11.37847975,0.08494366,-0.14712663,-0.52112206
36.60000000,1,body2,0.73933644,-0.12282811,-10.73352000,0.15395995,-0.03552874,-0.32073056
36.60000000,2,body3,-0.61124904,1.05871878,-13.10372261,-0.15022045,0.26018961,-0.19797868
36.60000000,3,body4,-0.26329692,-0.70169687,-10.73351751,-0.04621141,-0.15109760,-0.32072973
36.65000000,0,body1,0.27463502,-0.47568027,-11.40463515,0.08350364,-0.14463247,-0.52508456
36.65000000,1,body2,0.74706982,-0.12451428,-10.74963152,0.15537090,-0.03191471,-0.32373977
36.65000000,2,body3,-0.61868186,1.07159288,-13.11342190,-0.14707608,0.25474339,-0.18997900
36.65000000,3,body4,-0.26570336,-0.70923725,-10.74962900,-0.05004672,-0.15051249,-0.32373894
36.70000000,0,body1,0.27877103,-0.48284405,-11.43098707,0.08191114,-0.14187419,-0.52897934
36.70000000,1,body2,0.75487310,-0.12601943,-10.76589477,0.15675614,-0.02829054,-0.32679692
36.70000000,2,body3,-0.62595495,1.08419033,-13.12271948,-0.14383385,0.24912766,-0.18191733
36.70000000,3,body4,-0.26830154,-0.71674766,-10.76589222,-0.05387796,-0.14990007,-0.32679608
36.75000000,0,body1,0.28282356,-0.48986323,-11.45753159,0.08016445,-0.13884884,-0.53278464
36.75000000,1,body2,0.76274496,-0.12734350,-10.78231174,0.15811376,-0.02467490,-0.32988617
36.75000000,2,body3,-0.63306378,1.09650327,-13.13161331,-0.14050807,0.24336724,-0.17383619
36.75000000,3,body4,-0.27109083,-0.72422692,-10.78230916,-0.05768800,-0.14926798,-0.32988533
36.80000000,0,body1,0.28678491,-0.49672449,-11.48426369,0.07826420,-0.13555754,-0.53647903
36.80000000,1,body2,0.77068398,-0.12848739,-10.79888363,0.15944205,-0.02108654,-0.33299105
36.80000000,2,body3,-0.64000456,1.10852514,-13.14010350,-0.13711450,0.23748938,-0.16577922
36.80000000,3,body4,-0.27406972,-0.73167426,-10.79888103,-0.06145975,-0.14862413,-0.33299021
36.85000000,0,body1,0.29064747,-0.50341464,-11.51117731,0.07621344,-0.13200552,-0.54004209
36.85000000,1,body2,0.77868865,-0.12945293,-10.81561081,0.16073958,-0.01754381,-0.33609494
36.85000000,2,body3,-0.64677431,1.12025077,-13.14819236,-0.13366980,0.23152296,-0.15778992
36.85000000,3,body4,-0.27723591,-0.73908927,-10.81560818,-0.06517660,-0.14797646,-0.33609409
36.90000000,0,body1,0.29440383,-0.50992085,-11.53826539,0.07401742,-0.12820193,-0.54345493
36.90000000,1,body2,0.78675740,-0.13024284,-10.83249282,0.16200522,-0.01406409,-0.33918151
36.90000000,2,body3,-0.65337090,1.13167649,-13.15588432,-0.13019110,0.22549768,-0.14991036
36.90000000,3,body4,-0.28058623,-0.74647196,-10.83249016,-0.06882293,-0.14733268,-0.33918066
36.95000000,0,body1,0.29804691,-0.51623085,-11.56552001,0.07168350,-0.12415947,-0.54670079
36.95000000,1,body2,0.79488862,-0.13086068,-10.84952840,0.16323815,-0.01066336,-0.34223523
36.95000000,2,body3,-0.65979306,1.14280009,-13.16318588,-0.12669550,0.21944309,-0.14218001
36.95000000,3,body4,-0.28411681,-0.75382272,-10.84952572,-0.07238451,-0.14670006,-0.34223437
37.00000000,0,body1,0.30157003,-0.52233308,-11.59293245,0.06922074,-0.11989386,-0.54976536
37.00000000,1,body2,0.80308065,-0.13131075,-10.86671554,0.16443785,-0.00735576,-0.34524173
37.00000000,2,body3,-0.66604037,1.15362084,-13.17010541,-0.12319952,0.21338786,-0.13463473
37.00000000,3,body4,-0.28782308,-0.76114226,-10.86671283,-0.07584882,-0.14608524,-0.34524087
37.05000000,0,body1,0.30496701,-0.52821682,-11.62049333,0.06663962,-0.11542324,-0.55263704
37.05000000,1,body2,0.81133184,-0.13159803,-10.88405155,0.16560410,-0.00415336,-0.34818818
37.05000000,2,body3,-0.67211319,1.16413936,-13.17665297,-0.11971874,0.20735896,-0.12730599
37.05000000,3,body4,-0.29169991,-0.76843163,-10.88404882,-0.07920529,-0.14549404,-0.34818731
37.10000000,0,body1,0.30823221,-0.53387231,-11.64819279,0.06395160,-0.11076747,-0.55530706
37.10000000,1,body2,0.81964050,-0.13172803,-10.90153315,0.16673694,-0.00106600,-0.35106349
37.10000000,2,body3,-0.67801266,1.17435763,-13.18284006,-0.11626742,0.20138109,-0.12022037
37.10000000,3,body4,-0.29574169,-0.77569214,-10.90153039,-0.08244544,-0.14493143,-0.35106261
37.15000000,0,body1,0.31136059,-0.53929083,-11.67602058,0.06116873,-0.10594742,-0.55776942
37.15000000,1,body2,0.82800497,-0.13170670,-10.91915654,0.16783664,0.00189881,-0.35385844
37.15000000,2,body3,-0.68374056,1.18427874,-13.18867942,-0.11285826,0.19547623,-0.11339928
37.15000000,3,body4,-0.29994243,-0.78292531,-10.91915375,-0.08556288,-0.14440140,-0.35385756
37.20000000,0,body1,0.31434771,-0.54446467,-11.70396621,0.05830331,-0.10098438,-0.56002076
37.20000000,1,body2,0.83642361,-0.13154030,-10.93691752,0.16890369,0.00473575,-0.35656577
37.20000000,2,body3,-0.68929929,1.19390683,-13.19418467,-0.10950222,0.18966338,-0.10685897
37.20000000,3,body4,-0.30429588,-0.79013287,-10.93691470,-0.08855326,-0.14390702,-0.35656488
37.25000000,0,body1,0.31718975,-0.54938723,-11.73201912,0.05536751,-0.09589943,-0.56206010
37.25000000,1,body2,0.84489480,-0.13123533,-10.95481155,0.16993870,0.00744163,-0.35918005
37.25000000,2,body3,-0.69469174,1.20324692,-13.19937018,-0.10620848,0.18395844,-0.10061073
37.25000000,3,body4,-0.30879562,-0.79731664,-10.95480871,-0.09141411,-0.14345044,-0.35917917
37.30000000,0,body1,0.31988349,-0.55405293,-11.76016871,0.05237311,-0.09071300,-0.56388858
37.30000000,1,body2,0.85341695,-0.13079837,-10.97283389,0.17094244,0.01001514,-0.36169767
37.30000000,2,body3,-0.69992122,1.21230473,-13.20425073,-0.10298444,0.17837424,-0.09466127
37.30000000,3,body4,-0.31343515,-0.80447856,-10.97283102,-0.09414469,-0.14303295,-0.36169677
37.35000000,0,body1,0.32242627,-0.55845717,-11.78840451,0.04933132,-0.08544448,-0.56550910
37.35000000,1,body2,0.86198853,-0.13023604,-10.99097965,0.17191576,0.01245663,-0.36411658
37.35000000,2,body3,-0.70499137,1.22108657,-13.20884133,-0.09983583,0.17292066,-0.08901319
37.35000000,3,body4,-0.31820796,-0.81162059,-10.99097676,-0.09674573,-0.14265513,-0.36411568
37.40000000,0,body1,0.32481600,-0.56259631,-11.81671622,0.04625257,-0.08011194,-0.56692599
37.40000000,1,body2,0.87060803,-0.12955491,-11.00924388,0.17285956,0.01476785,-0.36643619
37.40000000,2,body3,-0.70990605,1.22959915,-13.21315706,-0.09676679,0.16760491,-0.08366554
37.40000000,3,body4,-0.32310762,-0.81874472,-11.00924095,-0.09921921,-0.14231688,-0.36643529
37.45000000,0,body1,0.32705107,-0.56646757,-11.84509380,0.04314645,-0.07473200,-0.56814469
37.45000000,1,body2,0.87927400,-0.12876141,-11.02762161,0.17377478,0.01695173,-0.36865709
37.45000000,2,body3,-0.71466934,1.23784948,-13.21721283,-0.09378007,0.16243174,-0.07861438
37.45000000,3,body4,-0.32812783,-0.82585292,-11.02761866,-0.10156810,-0.14201756,-0.36865618
37.50000000,0,body1,0.32913034,-0.57006897,-11.87352749,0.04002163,-0.06931967,-0.56917147
37.50000000,1,body2,0.88798504,-0.12786182,-11.04610795,0.17466240,0.01901205,-0.37078090
37.50000000,2,body3,-0.71928538,1.24584479,-13.22102333,-0.09087719,0.15740380,-0.07385337
37.50000000,3,body4,-0.33326244,-0.83294710,-11.04610497,-0.10379619,-0.14175611,-0.37077999
37.55000000,0,body1,0.33105306,-0.57339922,-11.90200787,0.03688589,-0.06388841,-0.57001310
37.55000000,1,body2,0.89673979,-0.12686221,-11.06469810,0.17552336,0.02095330,-0.37281005
37.55000000,2,body3,-0.72375838,1.25359235,-13.22460287,-0.08805864,0.15252192,-0.06937427
37.55000000,3,body4,-0.33850553,-0.84002913,-11.06469510,-0.10590783,-0.14153111,-0.37280914
37.60000000,0,body1,0.33281886,-0.57645769,-11.93052584,0.03374608,-0.05845012,-0.57067672
37.60000000,1,body2,0.90553694,-0.12576842,-11.08338741,0.17635863,0.02278043,-0.37474758
37.60000000,2,body3,-0.72809256,1.26109945,-13.22796530,-0.08532405,0.14778544,-0.06516740
37.60000000,3,body4,-0.34385139,-0.84710079,-11.08338438,-0.10790780,-0.14134091,-0.37474666
37.65000000,0,body1,0.33442770,-0.57924429,-11.95907269,0.03060823,-0.05301522,-0.57116954
37.65000000,1,body2,0.91437523,-0.12458601,-11.10217137,0.17716911,0.02449870,-0.37659701
37.65000000,2,body3,-0.73229208,1.26837333,-13.23112397,-0.08267231,0.14319248,-0.06122213
37.65000000,3,body4,-0.34929456,-0.85416376,-11.10216832,-0.10980110,-0.14118368,-0.37659609
37.70000000,0,body1,0.33587980,-0.58175942,-11.98764007,0.02747756,-0.04759275,-0.57149879
37.70000000,1,body2,0.92325345,-0.12332030,-11.12104568,0.17795573,0.02611355,-0.37836219
37.70000000,2,body3,-0.73636106,1.27542109,-13.23409168,-0.08010180,0.13874022,-0.05752714
37.70000000,3,body4,-0.35482984,-0.86121966,-11.12104260,-0.11159290,-0.14105750,-0.37836127
37.75000000,0,body1,0.33717565,-0.58400391,-12.01621996,0.02435857,-0.04219052,-0.57167153
37.75000000,1,body2,0.93217042,-0.12197632,-11.14000623,0.17871936,0.02763043,-0.38004717
37.75000000,2,body3,-0.74030350,1.28224969,-13.23688066,-0.07761047,0.13442509,-0.05407081
37.75000000,3,body4,-0.36045227,-0.86826999,-11.14000313,-0.11328837,-0.14096038,-0.38004626
37.80000000,0,body1,0.33831592,-0.58597892,-12.04480472,0.02125510,-0.03681516,-0.57169460
37.80000000,1,body2,0.94112501,-0.12055883,-11.15904911,0.17946083,0.02905479,-0.38165613
37.80000000,2,body3,-0.74412331,1.28886587,-13.23950254,-0.07519596,0.13024302,-0.05084137
37.80000000,3,body4,-0.36615718,-0.87531615,-11.15904598,-0.11489262,-0.14089034,-0.38165521
37.85000000,0,body1,0.33930147,-0.58768597,-12.07338704,0.01817041,-0.03147234,-0.57157454
37.85000000,1,body2,0.95011614,-0.11907232,-11.17817063,0.18018095,0.03039193,-0.38319324
37.85000000,2,body3,-0.74782425,1.29527618,-13.24196838,-0.07285570,0.12618955,-0.04782717
37.85000000,3,body4,-0.37194013,-0.88235944,-11.17816747,-0.11641067,-0.14084543,-0.38319232
37.90000000,0,body1,0.34013332,-0.58912678,-12.10195990,0.01510726,-0.02616682,-0.57131755
37.90000000,1,body2,0.95914275,-0.11752103,-11.19736729,0.18088051,0.03164700,-0.38466269
37.90000000,2,body3,-0.75140999,1.30148693,-13.24428866,-0.07058698,0.12226001,-0.04501677
37.90000000,3,body4,-0.37779692,-0.88940107,-11.19736411,-0.11784737,-0.14082373,-0.38466177
37.95000000,0,body1,0.34081259,-0.59030334,-12.13051661,0.01206794,-0.02090258,-0.57092949
37.95000000,1,body2,0.96820385,-0.11590894,-11.21663582,0.18156023,0.03282496,-0.38606856
37.95000000,2,body3,-0.75488402,1.30750421,-13.24647327,-0.06838706,0.11844962,-0.04239905
37.95000000,3,body4,-0.38372362,-0.89644216,-11.21663261,-0.11920737,-0.14082342,-0.38606764
38.00000000,0,body1,0.34134054,-0.59121778,-12.15905075,0.00905438,-0.01568294,-0.57041583
38.00000000,1,body2,0.97729845,-0.11423978,-11.23597313,0.18222084,0.03393052,-0.38741483
38.00000000,2,body3,-0.75824971,1.31333385,-13.24853160,-0.06625315,0.11475357,-0.03996334
38.00000000,3,body4,-0.38971649,-0.90348373,-11.23596990,-0.12049511,-0.14084275,-0.38741391
38.05000000,0,body1,0.34171849,-0.59187242,-12.18755618,0.00606815,-0.01051066,-0.56978168
38.05000000,1,body2,0.98642562,-0.11251705,-11.25537635,0.18286301,0.03496817,-0.38870535
38.05000000,2,body3,-0.76151030,1.31898144,-13.25047247,-0.06418251,0.11116709,-0.03769939
38.05000000,3,body4,-0.39577203,-0.91052672,-11.25537309,-0.12171482,-0.14088007,-0.38870443
38.10000000,0,body1,0.34194783,-0.59226968,-12.21602699,0.00311057,-0.00538799,-0.56903177
38.10000000,1,body2,0.99558444,-0.11074405,-11.27484277,0.18348738,0.03594214,-0.38994379
38.10000000,2,body3,-0.76466889,1.32445235,-13.25230423,-0.06217243,0.10768553,-0.03559745
38.10000000,3,body4,-0.40188693,-0.91757200,-11.27483950,-0.12287049,-0.14093382,-0.38994287
38.15000000,0,body1,0.34203004,-0.59241208,-12.24445750,0.00018270,-0.00031679,-0.56817050
38.15000000,1,body2,1.00477406,-0.10892386,-11.29436990,0.18409458,0.03685642,-0.39113370
38.15000000,2,body3,-0.76772843,1.32975172,-13.25403476,-0.06022032,0.10430435,-0.03364828
38.15000000,3,body4,-0.40805810,-0.92462034,-11.29436659,-0.12396587,-0.14100253,-0.39113278
38.20000000,0,body1,0.34196661,-0.59230224,-12.27284225,-0.00271458,0.00470143,-0.56720192
38.20000000,1,body2,1.01399362,-0.10705937,-11.31395537,0.18468519,0.03771476,-0.39227841
38.20000000,2,body3,-0.77069176,1.33488444,-13.25567146,-0.05832365,0.10101921,-0.03184315
38.20000000,3,body4,-0.41428261,-0.93167247,-11.31395204,-0.12500452,-0.14108485,-0.39227749
38.25000000,0,body1,0.34175910,-0.59194284,-12.30117597,-0.00558056,0.00966545,-0.56612977
38.25000000,1,body2,1.02324230,-0.10515329,-11.33359701,0.18525977,0.03852068,-0.39338111
38.25000000,2,body3,-0.77356160,1.33985521,-13.25722134,-0.05648002,0.09782594,-0.03017381
38.25000000,3,body4,-0.42055770,-0.93872903,-11.33359367,-0.12598975,-0.14117950,-0.39338020
38.30000000,0,body1,0.34140909,-0.59133661,-12.32945356,-0.00841467,0.01457426,-0.56495750
38.30000000,1,body2,1.03251933,-0.10320816,-11.35329281,0.18581885,0.03927745,-0.39444483
38.30000000,2,body3,-0.77634053,1.34466854,-13.25869098,-0.05468714,0.09472056,-0.02863251
38.30000000,3,body4,-0.42688078,-0.94579060,-11.35328944,-0.12692467,-0.14128530,-0.39444391
38.35000000,0,body1,0.34091818,-0.59048634,-12.35767010,-0.01121645,0.01942707,-0.56368828
38.35000000,1,body2,1.04182393,-0.10122635,-11.37304087,0.18636294,0.03998814,-0.39547241
38.35000000,2,body3,-0.77903104,1.34932872,-13.26008660,-0.05294283,0.09169931,-0.02721195
38.35000000,3,body4,-0.43324941,-0.95285771,-11.37303748,-0.12781219,-0.14140116,-0.39547149
38.40000000,0,body1,0.34028799,-0.58939485,-12.38582082,-0.01398551,0.02422322,-0.56232504
38.40000000,1,body2,1.05115537,-0.09921010,-11.39283947,0.18689252,0.04065563,-0.39646654
38.40000000,2,body3,-0.78163551,1.35383986,-13.26141407,-0.05124503,0.08875864,-0.02590530
38.40000000,3,body4,-0.43966129,-0.95993085,-11.39283605,-0.12865504,-0.14152605,-0.39646563
38.45000000,0,body1,0.33952017,-0.58806498,-12.41390109,-0.01672157,0.02896219,-0.56087046
38.45000000,1,body2,1.06051294,-0.09716150,-11.41268699,0.18740805,0.04128259,-0.39742978
38.45000000,2,body3,-0.78415621,1.35820591,-13.26267892,-0.04959182,0.08589517,-0.02470612
38.45000000,3,body4,-0.44611425,-0.96701045,-11.41268355,-0.12945576,-0.14165904,-0.39742887
38.50000000,0,body1,0.33861639,-0.58649959,-12.44190639,-0.01942435,0.03364354,-0.55932703
38.50000000,1,body2,1.06989594,-0.09508251,-11.43258195,0.18790994,0.04187152,-0.39836451
38.50000000,2,body3,-0.78659533,1.36243066,-13.26388637,-0.04798135,0.08310576,-0.02360837
38.50000000,3,body4,-0.45260624,-0.97409687,-11.43257849,-0.13021673,-0.14179923,-0.39836361
38.55000000,0,body1,0.33757830,-0.58470159,-12.46983234,-0.02209366,0.03826691,-0.55769702
38.55000000,1,body2,1.07930370,-0.09297498,-11.45252298,0.18839861,0.04242475,-0.39927300
38.55000000,2,body3,-0.78895495,1.36651772,-13.26504135,-0.04641194,0.08038743,-0.02260638
38.55000000,3,body4,-0.45913533,-0.98119047,-11.45251950,-0.13094018,-0.14194583,-0.39927210
38.60000000,0,body1,0.33640758,-0.58267387,-12.49767468,-0.02472931,0.04283199,-0.55598257
38.60000000,1,body2,1.08873558,-0.09084063,-11.47250882,0.18887444,0.04294445,-0.40015738
38.60000000,2,body3,-0.79123710,1.37047058,-13.26614852,-0.04488195,0.07773741,-0.02169485
38.60000000,3,body4,-0.46569970,-0.98829154,-11.47250532,-0.13162817,-0.14209806,-0.40015648
38.65000000,0,body1,0.33510593,-0.58041936,-12.52542923,-0.02733115,0.04733850,-0.55418563
38.65000000,1,body2,1.09819093,-0.08868109,-11.49253832,0.18933779,0.04343268,-0.40101966
38.65000000,2,body3,-0.79344370,1.37429260,-13.26721226,-0.04338990,0.07515309,-0.02086875
38.65000000,3,body4,-0.47229762,-0.99540034,-11.49253480,-0.13228266,-0.14225522,-0.40101877
38.70000000,0,body1,0.33367503,-0.57794100,-12.55309190,-0.02989904,0.05178620,-0.55230801
38.70000000,1,body2,1.10766914,-0.08649789,-11.51261042,0.18978899,0.04389132,-0.40186174
38.70000000,2,body3,-0.79557662,1.37798699,-13.26823674,-0.04193438,0.07263203,-0.02012340
38.70000000,3,body4,-0.47892747,-1.00251712,-11.51260689,-0.13290545,-0.14241666,-0.40186085
38.75000000,0,body1,0.33211659,-0.57524173,-12.58065871,-0.03243283,0.05617484,-0.55035143
38.75000000,1,body2,1.11716962,-0.08429246,-11.53272416,0.19022835,0.04432215,-0.40268541
38.75000000,2,body3,-0.79763765,1.38155686,-13.26922587,-0.04051406,0.07017195,-0.01945435
38.75000000,3,body4,-0.48558771,-1.00964206,-11.53272061,-0.13349824,-0.14258174,-0.40268452
38.80000000,0,body1,0.33043232,-0.57232451,-12.60812575,-0.03493239,0.06050421,-0.54831745
38.80000000,1,body2,1.12669177,-0.08206615,-11.55287866,0.19065616,0.04472686,-0.40349236
38.80000000,2,body3,-0.79962852,1.38500521,-13.27018338,-0.03912771,0.06777071,-0.01885744
38.80000000,3,body4,-0.49227686,-1.01677534,-11.55287509,-0.13406263,-0.14274989,-0.40349147
38.85000000,0,body1,0.32862393,-0.56919230,-12.63548919,-0.03739760,0.06477406,-0.54620757
38.85000000,1,body2,1.13623504,-0.07982022,-11.57307312,0.19107269,0.04510699,-0.40428419
38.85000000,2,body3,-0.80155090,1.38833492,-13.27111275,-0.03777417,0.06542631,-0.01832872
38.85000000,3,body4,-0.49899356,-1.02391708,-11.57306953,-0.13460011,-0.14292056,-0.40428331
38.90000000,0,body1,0.32669314,-0.56584810,-12.66274527,-0.03982830,0.06898415,-0.54402319
38.90000000,1,body2,1.14579885,-0.07755587,-11.59330683,0.19147819,0.04546402,-0.40506241
38.90000000,2,body3,-0.80340640,1.39154880,-13.27201732,-0.03645238,0.06313689,-0.01786447
38.90000000,3,body4,-0.50573649,-1.03106741,-11.59330322,-0.13511206,-0.14309322,-0.40506153
38.95000000,0,body1,0.32464167,-0.56229489,-12.68989029,-0.04222435,0.07313423,-0.54176563
38.95000000,1,body2,1.15538266,-0.07527422,-11.61357913,0.19187289,0.04579934,-0.40582845
38.95000000,2,body3,-0.80519658,1.39464954,-13.27290022,-0.03516132,0.06090069,-0.01746116
38.95000000,3,body4,-0.51250440,-1.03822642,-11.61357550,-0.13559979,-0.14326738,-0.40582757
39.00000000,0,body1,0.32247128,-0.55853568,-12.71692063,-0.04458560,0.07722403,-0.53943616
39.00000000,1,body2,1.16498595,-0.07297632,-11.63388946,0.19225697,0.04611424,-0.40658367
39.00000000,2,body3,-0.80692295,1.39763977,-13.27376440,-0.03390003,0.05871607,-0.01711546
39.00000000,3,body4,-0.51929612,-1.04539416,-11.63388582,-0.13606455,-0.14344256,-0.40658280
39.05000000,0,body1,0.32018370,-0.55457349,-12.74383273,-0.04691188,0.08125325,-0.53703596
39.05000000,1,body2,1.17460818,-0.07066316,-11.65423731,0.19263064,0.04640995,-0.40732935
39.05000000,2,body3,-0.80858699,1.40052202,-13.27461267,-0.03266764,0.05658149,-0.01682418
39.05000000,3,body4,-0.52611053,-1.05257068,-11.65423365,-0.13650748,-0.14361831,-0.40732849
39.10000000,0,body1,0.31778068,-0.55041137,-12.77062307,-0.04920301,0.08522159,-0.53456621
39.10000000,1,body2,1.18424883,-0.06833566,-11.67462223,0.19299405,0.04668764,-0.40806672
39.10000000,2,body3,-0.81019011,1.40329877,-13.27544767,-0.03146331,0.05449551,-0.01658432
39.10000000,3,body4,-0.53294657,-1.05975598,-11.67461856,-0.13692967,-0.14379419,-0.40806586
39.15000000,0,body1,0.31526399,-0.54605235,-12.79728821,-0.05145879,0.08912871,-0.53202801
39.15000000,1,body2,1.19390740,-0.06599472,-11.69504384,0.19334734,0.04694840,-0.40879692
39.15000000,2,body3,-0.81173371,1.40597240,-13.27627191,-0.03028625,0.05245677,-0.01639301
39.15000000,3,body4,-0.53980321,-1.06695008,-11.69504015,-0.13733214,-0.14396978,-0.40879607
39.20000000,0,body1,0.31263539,-0.54149952,-12.82382475,-0.05367902,0.09297426,-0.52942244
39.20000000,1,body2,1.20358338,-0.06364113,-11.71550180,0.19369064,0.04719327,-0.40952107
39.20000000,2,body3,-0.81321911,1.40854525,-13.27708774,-0.02913572,0.05046399,-0.01624749
39.20000000,3,body4,-0.54667951,-1.07415294,-11.71549809,-0.13771586,-0.14414465,-0.40952022
39.25000000,0,body1,0.30989668,-0.53675596,-12.85022935,-0.05586349,0.09675786,-0.52675056
39.25000000,1,body2,1.21327629,-0.06127568,-11.73599583,0.19402406,0.04742325,-0.41024020
39.25000000,2,body3,-0.81464764,1.41101958,-13.27789738,-0.02801104,0.04851596,-0.01614516
39.25000000,3,body4,-0.55357454,-1.08136452,-11.73599211,-0.13808174,-0.14431841,-0.41023936
39.30000000,0,body1,0.30704964,-0.53182477,-12.87649872,-0.05801196,0.10047911,-0.52401340
39.30000000,1,body2,1.22298561,-0.05889908,-11.75652572,0.19434767,0.04763928,-0.41095532
39.30000000,2,body3,-0.81602057,1.41339761,-13.27870293,-0.02691153,0.04661155,-0.01608351
39.30000000,3,body4,-0.56048744,-1.08858475,-11.75652199,-0.13843063,-0.14449065,-0.41095448
39.35000000,0,body1,0.30409609,-0.52670909,-12.90262962,-0.06012418,0.10413759,-0.52121197
39.35000000,1,body2,1.23271088,-0.05651201,-11.77709128,0.19466154,0.04784225,-0.41166736
39.35000000,2,body3,-0.81733914,1.41568149,-13.27950637,-0.02583658,0.04474967,-0.01606013
39.35000000,3,body4,-0.56741738,-1.09581354,-11.77708754,-0.13876335,-0.14466099,-0.41166653
39.40000000,0,body1,0.30103783,-0.52141207,-12.92861886,-0.06219990,0.10773284,-0.51834729
39.40000000,1,body2,1.24245159,-0.05411510,-11.79769239,0.19496572,0.04803303,-0.41237723
39.40000000,2,body3,-0.81860456,1.41787331,-13.28030954,-0.02478560,0.04292930,-0.01607272
39.40000000,3,body4,-0.57436357,-1.10305080,-11.79768863,-0.13908066,-0.14482903,-0.41237640
39.45000000,0,body1,0.29787671,-0.51593687,-12.95446331,-0.06423886,0.11126441,-0.51542034
39.45000000,1,body2,1.25220727,-0.05170894,-11.81832896,0.19526025,0.04821244,-0.41308580
39.45000000,2,body3,-0.81981802,1.41997513,-13.28111420,-0.02375801,0.04114946,-0.01611906
39.45000000,3,body4,-0.58132525,-1.11029639,-11.81832519,-0.13938330,-0.14499439,-0.41308497
39.50000000,0,body1,0.29461457,-0.51028670,-12.98015987,-0.06624077,0.11473181,-0.51243212
39.50000000,1,body2,1.26197744,-0.04929408,-11.83900093,0.19554512,0.04838126,-0.41379387
39.50000000,2,body3,-0.82098068,1.42198895,-13.28192198,-0.02275329,0.03940923,-0.01619703
39.50000000,3,body4,-0.58830171,-1.11755018,-11.83899715,-0.13967195,-0.14515669,-0.41379305
39.55000000,0,body1,0.29125326,-0.50446477,-13.00570552,-0.06820533,0.11813454,-0.50938364
39.55000000,1,body2,1.27176161,-0.04687102,-11.85970832,0.19582034,0.04854027,-0.41450222
39.55000000,2,body3,-0.82209366,1.42391673,-13.28273440,-0.02177092,0.03770770,-0.01630455
39.55000000,3,body4,-0.59529226,-1.12481199,-11.85970453,-0.13994726,-0.14531553,-0.41450141
39.60000000,0,body1,0.28779466,-0.49847433,-13.03109725,-0.07013226,0.12147207,-0.50627588
39.60000000,1,body2,1.28155930,-0.04444025,-11.88045114,0.19608587,0.04869018,-0.41521161
39.60000000,2,body3,-0.82315807,1.42576039,-13.28355289,-0.02081040,0.03604402,-0.01643964
39.60000000,3,body4,-0.60229627,-1.13208166,-11.88044734,-0.14020986,-0.14547053,-0.41521080
39.65000000,0,body1,0.28424066,-0.49231866,-13.05633213,-0.07202124,0.12474386,-0.50310987
39.65000000,1,body2,1.29137002,-0.04200219,-11.90122948,0.19634169,0.04883171,-0.41592274
39.65000000,2,body3,-0.82417500,1.42752179,-13.28437879,-0.01987126,0.03441737,-0.01660039
39.65000000,3,body4,-0.60931310,-1.13935897,-11.90122567,-0.14046034,-0.14562131,-0.41592193
39.70000000,0,body1,0.28059317,-0.48600105,-13.08140728,-0.07387194,0.12794938,-0.49988660
39.70000000,1,body2,1.30119329,-0.03955725,-11.92204343,0.19658773,0.04896553,-0.41663628
39.70000000,2,body3,-0.82514549,1.42920276,-13.28521333,-0.01895304,0.03282695,-0.01678494
39.70000000,3,body4,-0.61634216,-1.14664370,-11.92203961,-0.14069925,-0.14576748,-0.41663548
39.75000000,0,body1,0.27685411,-0.47952483,-13.10631986,-0.07568406,0.13108805,-0.49660713
39.75000000,1,body2,1.31102861,-0.03710580,-11.94289313,0.19682392,0.04909230,-0.41735288
39.75000000,2,body3,-0.82607058,1.43080511,-13.28605765,-0.01805529,0.03127199,-0.01699147
39.75000000,3,body4,-0.62338288,-1.15393562,-11.94288930,-0.14092714,-0.14590864,-0.41735208
39.80000000,0,body1,0.27302542,-0.47289337,-13.13106707,-0.07745725,0.13415930,-0.49327247
39.80000000,1,body2,1.32087550,-0.03464817,-11.96377874,0.19705017,0.04921268,-0.41807315
39.80000000,2,body3,-0.82695129,1.43233058,-13.28691281,-0.01717758,0.02975174,-0.01721826
39.80000000,3,body4,-0.63043474,-1.16123446,-11.96377491,-0.14114452,-0.14604439,-0.41807236
39.85000000,0,body1,0.26910904,-0.46611004,-13.15564620,-0.07919118,0.13716255,-0.48988371
39.85000000,1,body2,1.33073345,-0.03218467,-11.98470048,0.19726637,0.04932726,-0.41879766
39.85000000,2,body3,-0.82778861,1.43378088,-13.28777978,-0.01631948,0.02826546,-0.01746361
39.85000000,3,body4,-0.63749722,-1.16853995,-11.98469663,-0.14135186,-0.14617433,-0.41879688
39.90000000,0,body1,0.26510696,-0.45917826,-13.18005456,-0.08088551,0.14009721,-0.48644191
39.90000000,1,body2,1.34060195,-0.02971558,-12.00565856,0.19747241,0.04943667,-0.41952698
39.90000000,2,body3,-0.82858350,1.43515771,-13.28865945,-0.01548059,0.02681245,-0.01772586
39.90000000,3,body4,-0.64456982,-1.17585179,-12.00565471,-0.14154964,-0.14629806,-0.41952620
39.95000000,0,body1,0.26102116,-0.45210147,-13.20428953,-0.08253989,0.14296268,-0.48294818
39.95000000,1,body2,1.35048050,-0.02724113,-12.02665323,0.19766815,0.04954150,-0.42026163
39.95000000,2,body3,-0.82933692,1.43646270,-13.28955263,-0.01466050,0.02539198,-0.01800344
39.95000000,3,body4,-0.65165208,-1.18316964,-12.02664938,-0.14173829,-0.14641516,-0.42026085
40.00000000,0,body1,0.25685364,-0.44488315,-13.22834853,-0.08415398,0.14575837,-0.47940362
40.00000000,1,body2,1.36036858,-0.02476154,-12.04768479,0.19785344,0.04964231,-0.42100210
40.00000000,2,body3,-0.83004980,1.43769747,-13.29046003,-0.01385879,0.02400339,-0.01829477
40.00000000,3,body4,-0.65874355,-1.19049317,-12.04768092,-0.14191824,-0.14652522,-0.42100132
40.05000000,0,body1,0.25260643,-0.43752680,-13.25222906,-0.08572743,0.14848366,-0.47580937
40.05000000,1,body2,1.37026565,-0.02227700,-12.06875352,0.19802812,0.04973967,-0.42174886
40.05000000,2,body3,-0.83072305,1.43886359,-13.29138231,-0.01307509,0.02264597,-0.01859836
40.05000000,3,body4,-0.66584381,-1.19782203,-12.06874965,-0.14208990,-0.14662781,-0.42174809
40.10000000,0,body1,0.24828158,-0.43003597,-13.27592866,-0.08725990,0.15113796,-0.47216661
40.10000000,1,body2,1.38017119,-0.01978767,-12.08985975,0.19819200,0.04983412,-0.42250237
40.10000000,2,body3,-0.83135755,1.43996261,-13.29232004,-0.01230900,0.02131904,-0.01891272
40.10000000,3,body4,-0.67295246,-1.20515581,-12.08985588,-0.14225366,-0.14672250,-0.42250160
40.15000000,0,body1,0.24388113,-0.42241420,-13.29944493,-0.08875103,0.15372067,-0.46847651
40.15000000,1,body2,1.39008465,-0.01729368,-12.11100384,0.19834490,0.04992622,-0.42326303
40.15000000,2,body3,-0.83195418,1.44099602,-13.29327374,-0.01156013,0.02002195,-0.01923644
40.15000000,3,body4,-0.68006910,-1.21249413,-12.11099996,-0.14240987,-0.14680887,-0.42326227
40.20000000,0,body1,0.23940717,-0.41466510,-13.32277554,-0.09020048,0.15623119,-0.46474027
40.20000000,1,body2,1.40000548,-0.01479513,-12.13218615,0.19848662,0.05001649,-0.42403125
40.20000000,2,body3,-0.83251379,1.44196532,-13.29424382,-0.01082810,0.01875401,-0.01956813
40.20000000,3,body4,-0.68719338,-1.21983655,-12.13218226,-0.14255891,-0.14688646,-0.42403049
40.25000000,0,body1,0.23486179,-0.40679230,-13.34591821,-0.09160790,0.15866893,-0.46095914
40.25000000,1,body2,1.40993310,-0.01229210,-12.15340706,0.19861693,0.05010544,-0.42480738
40.25000000,2,body3,-0.83303722,1.44287193,-13.29523066,-0.01011251,0.01751456,-0.01990642
40.25000000,3,body4,-0.69432493,-1.22718261,-12.15340317,-0.14270110,-0.14695483,-0.42480663
40.30000000,0,body1,0.23024709,-0.39879943,-13.36887073,-0.09297297,0.16103329,-0.45713437
40.30000000,1,body2,1.41986696,-0.00978465,-12.17466699,0.19873560,0.05019358,-0.42559178
40.30000000,2,body3,-0.83352526,1.44371727,-13.29623455,-0.00941298,0.01630293,-0.02024999
40.30000000,3,body4,-0.70146343,-1.23453186,-12.17466310,-0.14283678,-0.14701353,-0.42559104
40.35000000,0,body1,0.22556520,-0.39069020,-13.39163094,-0.09429534,0.16332370,-0.45326723
40.35000000,1,body2,1.42980645,-0.00727280,-12.19596635,0.19884240,0.05028142,-0.42638477
40.35000000,2,body3,-0.83397873,1.44450270,-13.29725572,-0.00872913,0.01511846,-0.02059758
40.35000000,3,body4,-0.70860856,-1.24188379,-12.19596246,-0.14296625,-0.14706210,-0.42638403
40.40000000,0,body1,0.22081827,-0.38246831,-13.41419677,-0.09557469,0.16553959,-0.44935904
40.40000000,1,body2,1.43975098,-0.00475655,-12.21730558,0.19893707,0.05036944,-0.42718664
40.40000000,2,body3,-0.83439838,1.44522958,-13.29829435,-0.00806056,0.01396046,-0.02094793
40.40000000,3,body4,-0.71576001,-1.24923788,-12.21730168,-0.14308982,-0.14710007,-0.42718590
40.45000000,0,body1,0.21600846,-0.37413749,-13.43656619,-0.09681068,0.16768040,-0.44541112
40.45000000,1,body2,1.44969993,-0.00223589,-12.23868513,0.19901935,0.05045813,-0.42799767
40.45000000,2,body3,-0.83478498,1.44589921,-13.29935054,-0.00740690,0.01282827,-0.02129984
40.45000000,3,body4,-0.72291750,-1.25659360,-12.23868123,-0.14320777,-0.14712698,-0.42799693
40.50000000,0,body1,0.21113793,-0.36570153,-13.45873724,-0.09800302,0.16974559,-0.44142483
40.50000000,1,body2,1.45965268,0.00028923,-12.26010547,0.19908896,0.05054795,-0.42881810
40.50000000,2,body3,-0.83513927,1.44651285,-13.30042434,-0.00676774,0.01172120,-0.02165212
40.50000000,3,body4,-0.73008075,-1.26395038,-12.26010157,-0.14332038,-0.14714234,-0.42881737
40.55000000,0,body1,0.20620889,-0.35716420,-13.48070805,-0.09915139,0.17173462,-0.43740154
40.55000000,1,body2,1.46960859,0.00281888,-12.28156706,0.19914561,0.05063939,-0.42964816
40.55000000,2,body3,-0.83546195,1.44707176,-13.30151574,-0.00614270,0.01063858,-0.02200363
40.55000000,3,body4,-0.73724951,-1.27130763,-12.28156317,-0.14342790,-0.14714568,-0.42964744
40.60000000,0,body1,0.20122353,-0.34852934,-13.50247680,-0.10025550,0.17364699,-0.43334265
40.60000000,1,body2,1.47956700,0.00535315,-12.30307041,0.19918901,0.05073290,-0.43048806
40.60000000,2,body3,-0.83575372,1.44757713,-13.30262468,-0.00553137,0.00957972,-0.02235328
40.60000000,3,body4,-0.74442352,-1.27866473,-12.30306651,-0.14353058,-0.14713651,-0.43048734
40.65000000,0,body1,0.19618408,-0.33980079,-13.52404175,-0.10131505,0.17548218,-0.42924959
40.65000000,1,body2,1.48952724,0.00789216,-12.32461600,0.19921886,0.05082892,-0.43133798
40.65000000,2,body3,-0.83601526,1.44803014,-13.30375102,-0.00493336,0.00854392,-0.02269998
40.65000000,3,body4,-0.75160254,-1.28602105,-12.32461210,-0.14362867,-0.14711433,-0.43133725
40.70000000,0,body1,0.19109277,-0.33098242,-13.54540121,-0.10232976,0.17723972,-0.42512380
40.70000000,1,body2,1.49948863,0.01043604,-12.34620434,0.19923483,0.05092791,-0.43219806
40.70000000,2,body3,-0.83624723,1.44843192,-13.30489461,-0.00434826,0.00753049,-0.02304270
40.70000000,3,body4,-0.75878637,-1.29337593,-12.34620045,-0.14372239,-0.14707867,-0.43219734
40.75000000,0,body1,0.18595185,-0.32207812,-13.56655361,-0.10329938,0.17891915,-0.42096675
40.75000000,1,body2,1.50945047,0.01298495,-12.36783594,0.19923661,0.05103030,-0.43306845
40.75000000,2,body3,-0.83645025,1.44878358,-13.30605521,-0.00377567,0.00653872,-0.02338043
40.75000000,3,body4,-0.76597477,-1.30072868,-12.36783205,-0.14381195,-0.14702900,-0.43306774
40.80000000,0,body1,0.18076359,-0.31309181,-13.58749739,-0.10422365,0.18052003,-0.41677993
40.80000000,1,body2,1.51941203,0.01553908,-12.38951132,0.19922385,0.05113651,-0.43394927
40.80000000,2,body3,-0.83662496,1.44908617,-13.30723255,-0.00321517,0.00556790,-0.02371221
40.80000000,3,body4,-0.77316755,-1.30807858,-12.38950743,-0.14389757,-0.14696485,-0.43394855
40.85000000,0,body1,0.17553025,-0.30402743,-13.60823113,-0.10510233,0.18204195,-0.41256484
40.85000000,1,body2,1.52937259,0.01809862,-12.41123101,0.19919624,0.05124698,-0.43484059
40.85000000,2,body3,-0.83677193,1.44934073,-13.30842631,-0.00266635,0.00461731,-0.02403711
40.85000000,3,body4,-0.78036452,-1.31542490,-12.41122712,-0.14397944,-0.14688569,-0.43483988
40.90000000,0,body1,0.17025412,-0.29488894,-13.62875343,-0.10593519,0.18348450,-0.40832301
40.90000000,1,body2,1.53933138,0.02066380,-12.43299552,0.19915340,0.05136211,-0.43574249
40.90000000,2,body3,-0.83689174,1.44954825,-13.30963613,-0.00212880,0.00368623,-0.02435423
40.90000000,3,body4,-0.78756549,-1.32276688,-12.43299163,-0.14405773,-0.14679101,-0.43574178
40.95000000,0,body1,0.16493750,-0.28568031,-13.64906301,-0.10672201,0.18484732,-0.40405599
40.95000000,1,body2,1.54928765,0.02323487,-12.45480539,0.19909499,0.05148231,-0.43665500
40.95000000,2,body3,-0.83698495,1.44970969,-13.31086159,-0.00160208,0.00277392,-0.02466271
40.95000000,3,body4,-0.79477029,-1.33010373,-12.45480151,-0.14413263,-0.14668032,-0.43665430
41.00000000,0,body1,0.15958269,-0.27640554,-13.66915864,-0.10746261,0.18613007,-0.39976533
41.00000000,1,body2,1.55924059,0.02581207,-12.47666116,0.19902064,0.05160798,-0.43757816
41.00000000,2,body3,-0.83705208,1.44982596,-13.31210225,-0.00108578,0.00187965,-0.02496172
41.00000000,3,body4,-0.80197876,-1.33743463,-12.47665728,-0.14420430,-0.14655310,-0.43757746
41.05000000,0,body1,0.15419201,-0.26706864,-13.68903917,-0.10815679,0.18733242,-0.39545260
41.05000000,1,body2,1.56918942,0.02839571,-12.49856335,0.19893000,0.05173950,-0.43851196
41.05000000,2,body3,-0.83709366,1.44989796,-13.31335760,-0.00057947,0.00100268,-0.02525048
41.05000000,3,body4,-0.80919073,-1.34475875,-12.49855947,-0.14427288,-0.14640882,-0.43851126
41.10000000,0,body1,0.14876779,-0.25767364,-13.70870356,-0.10880438,0.18845409,-0.39111941
41.10000000,1,body2,1.57913329,0.03098607,-12.52051249,0.19882267,0.05187726,-0.43945638
41.10000000,2,body3,-0.83711015,1.44992653,-13.31462711,-0.00008271,0.00014225,-0.02552823
41.10000000,3,body4,-0.81640606,-1.35207521,-12.52050862,-0.14433852,-0.14624699,-0.43945568
41.15000000,0,body1,0.14331235,-0.24822458,-13.72815080,-0.10940524,0.18949481,-0.38676734
41.15000000,1,body2,1.58907138,0.03358349,-12.54250912,0.19869828,0.05202162,-0.44041138
41.15000000,2,body3,-0.83710204,1.44991247,-13.31591022,0.00040494,-0.00070239,-0.02579427
41.15000000,3,body4,-0.82362459,-1.35938314,-12.54250525,-0.14440136,-0.14606708,-0.44041068
41.20000000,0,body1,0.13782804,-0.23872552,-13.74738000,-0.10995924,0.19045435,-0.38239802
41.20000000,1,body2,1.59900281,0.03618830,-12.56455377,0.19855645,0.05217295,-0.44137689
41.20000000,2,body3,-0.83706977,1.44985656,-13.31720633,0.00088390,-0.00153199,-0.02604791
41.20000000,3,body4,-0.83084620,-1.36668160,-12.56454990,-0.14446150,-0.14586857,-0.44137619
41.25000000,0,body1,0.13231721,-0.22918051,-13.76639034,-0.11046624,0.19133251,-0.37801307
41.25000000,1,body2,1.60892670,0.03880085,-12.58664695,0.19839678,0.05233159,-0.44235282
41.25000000,2,body3,-0.83701376,1.44975953,-13.31851480,0.00135463,-0.00234732,-0.02628853
41.25000000,3,body4,-0.83807076,-1.37396967,-12.58664309,-0.14451906,-0.14565097,-0.44235212
41.30000000,0,body1,0.12678220,-0.21959362,-13.78518108,-0.11092616,0.19212911,-0.37361412
41.30000000,1,body2,1.61884216,0.04142153,-12.60878918,0.19821887,0.05249789,-0.44333906
41.30000000,2,body3,-0.83693441,1.44962207,-13.31983496,0.00181756,-0.00314916,-0.02651552
41.30000000,3,body4,-0.84529813,-1.38124636,-12.60878533,-0.14457413,-0.14541374,-0.44333836
41.35000000,0,body1,0.12122538,-0.20996896,-13.80375155,-0.11133891,0.19284402,-0.36920281
41.35000000,1,body2,1.62874826,0.04405072,-12.63098098,0.19802233,0.05267217,-0.44433549
41.35000000,2,body3,-0.83683209,1.44944484,-13.32116611,0.00227314,-0.00393826,-0.02672832
41.35000000,3,body4,-0.85252819,-1.38851070,-12.63097713,-0.14462681,-0.14515638,-0.44433479
41.40000000,0,body1,0.11564910,-0.20031059,-13.82210118,-0.11170442,0.19347711,-0.36478078
41.40000000,1,body2,1.63864406,0.04668883,-12.65322286,0.19780676,0.05285476,-0.44534194
41.40000000,2,body3,-0.83670718,1.44922846,-13.32250754,0.00272182,-0.00471539,-0.02692642
41.40000000,3,body4,-0.85976083,-1.39576165,-12.65321901,-0.14467715,-0.14487838,-0.44534125
41.45000000,0,body1,0.11005573,-0.19062261,-13.84022947,-0.11202266,0.19402831,-0.36034969
41.45000000,1,body2,1.64852859,0.04933628,-12.67551530,0.19757174,0.05304597,-0.44635826
41.45000000,2,body3,-0.83655999,1.44897351,-13.32385850,0.00316403,-0.00548135,-0.02710934
41.45000000,3,body4,-0.86699593,-1.40299817,-12.67551146,-0.14472523,-0.14457923,-0.44635756
41.50000000,0,body1,0.10444762,-0.18090912,-13.85813602,-0.11229359,0.19449758,-0.35591118
41.50000000,1,body2,1.65840088,0.05199352,-12.69785880,0.19731686,0.05324608,-0.44738424
41.50000000,2,body3,-0.83639084,1.44868052,-13.32521822,0.00360024,-0.00623689,-0.02727663
41.50000000,3,body4,-0.87423337,-1.41021920,-12.69785497,-0.14477110,-0.14425844,-0.44738354
41.55000000,0,body1,0.09882716,-0.17117422,-13.87582050,-0.11251721,0.19488489,-0.35146691
41.55000000,1,body2,1.66825991,0.05466099,-12.72025384,0.19704171,0.05345537,-0.44841967
41.55000000,2,body3,-0.83620003,1.44834999,-13.32658590,0.00403088,-0.00698279,-0.02742791
41.55000000,3,body4,-0.88147306,-1.41742364,-12.72025001,-0.14481479,-0.14391549,-0.44841897
41.60000000,0,body1,0.09319669,-0.16142200,-13.89328265,-0.11269352,0.19519028,-0.34701853
41.60000000,1,body2,1.67810468,0.05733916,-12.74270088,0.19674587,0.05367413,-0.44946431
41.60000000,2,body3,-0.83598781,1.44798240,-13.32796073,0.00445640,-0.00771983,-0.02756280
41.60000000,3,body4,-0.88871488,-1.42461037,-12.74269706,-0.14485632,-0.14354990,-0.44946362
41.65000000,0,body1,0.08755859,-0.15165655,-13.91052231,-0.11282256,0.19541378,-0.34256769
41.65000000,1,body2,1.68793413,0.06002851,-12.76520038,0.19642893,0.05390260,-0.45051792
41.65000000,2,body3,-0.83575444,1.44757816,-13.32934190,0.00487726,-0.00844878,-0.02768101
41.65000000,3,body4,-0.89595872,-1.43177824,-12.76519657,-0.14489572,-0.14316118,-0.45051723
41.70000000,0,body1,0.08191522,-0.14188198,-13.92753940,-0.11290437,0.19555549,-0.33811603
41.70000000,1,body2,1.69774719,0.06272953,-12.78775278,0.19609045,0.05414102,-0.45158022
41.70000000,2,body3,-0.83550013,1.44713766,-13.33072855,0.00529388,-0.00917040,-0.02778225
41.70000000,3,body4,-0.90320447,-1.43892608,-12.78774897,-0.14493296,-0.14274883,-0.45157952
41.75000000,0,body1,0.07626894,-0.13210237,-13.94433392,-0.11293903,0.19561552,-0.33366519
41.75000000,1,body2,1.70754278,0.06544272,-12.81035850,0.19573002,0.05438962,-0.45265091
41.75000000,2,body3,-0.83522509,1.44666124,-13.33211984,0.00570672,-0.00988547,-0.02786629
41.75000000,3,body4,-0.91045203,-1.44605271,-12.81035470,-0.14496804,-0.14231238,-0.45265021
41.80000000,0,body1,0.07062210,-0.12232179,-13.96090596,-0.11292662,0.19559403,-0.32921680
41.80000000,1,body2,1.71731980,0.06816861,-12.83301796,0.19534721,0.05464860,-0.45372968
41.80000000,2,body3,-0.83492949,1.44614922,-13.33351489,0.00611621,-0.01059474,-0.02793294
41.80000000,3,body4,-0.91770130,-1.45315690,-12.83301417,-0.14500093,-0.14185135,-0.45372898
41.85000000,0,body1,0.06497706,-0.11254432,-13.97725567,-0.11286725,0.19549120,-0.32477249
41.85000000,1,body2,1.72707710,0.07090770,-12.85573155,0.19494159,0.05491817,-0.45481620
41.85000000,2,body3,-0.83461349,1.44560187,-13.33491284,0.00652279,-0.01129896,-0.02798205
41.85000000,3,body4,-0.92495215,-1.46023742,-12.85572777,-0.14503159,-0.14136528,-0.45481550
41.90000000,0,body1,0.05933616,-0.10277402,-13.99338330,-0.11276104,0.19530724,-0.32033386
41.90000000,1,body2,1.73681355,0.07366055,-12.87849966,0.19451274,0.05519850,-0.45591013
41.90000000,2,body3,-0.83427723,1.44501941,-13.33631280,0.00692688,-0.01199889,-0.02801351
41.90000000,3,body4,-0.93220448,-1.46729300,-12.87849589,-0.14505994,-0.14085371,-0.45590943
41.95000000,0,body1,0.05370174,-0.09301494,-14.00928918,-0.11260814,0.19504241,-0.31590252
41.95000000,1,body2,1.74652796,0.07642768,-12.90132264,0.19406022,0.05548975,-0.45701109
41.95000000,2,body3,-0.83392082,1.44440205,-13.33771390,0.00732893,-0.01269526,-0.02802727
41.95000000,3,body4,-0.93945816,-1.47432235,-12.90131887,-0.14508591,-0.14031618,-0.45701039
42.00000000,0,body1,0.04807612,-0.08327112,-14.02497370,-0.11240872,0.19469700,-0.31148004
42.00000000,1,body2,1.75621915,0.07920965,-12.92420084,0.19358360,0.05579206,-0.45811870
42.00000000,2,body3,-0.83354435,1.44374994,-13.33911523,0.00772933,-0.01338880,-0.02802329
42.00000000,3,body4,-0.94671309,-1.48132417,-12.92419708,-0.14510941,-0.13975225,-0.45811800
42.05000000,0,body1,0.04246164,-0.07354658,-14.04043736,-0.11216295,0.19427132,-0.30706799
42.05000000,1,body2,1.76588589,0.08200702,-12.94713457,0.19308244,0.05610556,-0.45923256
42.05000000,2,body3,-0.83314788,1.44306322,-13.34051593,0.00812853,-0.01408023,-0.02800159
42.05000000,3,body4,-0.95396912,-1.48829712,-12.94713082,-0.14513034,-0.13916148,-0.45923186
42.10000000,0,body1,0.03686059,-0.06384532,-14.05568070,-0.11187104,0.19376571,-0.30266792
42.10000000,1,body2,1.77552695,0.08482034,-12.97012415,0.19255632,0.05643034,-0.46035225
42.10000000,2,body3,-0.83273149,1.44234196,-13.34191510,0.00852691,-0.01477025,-0.02796224
42.10000000,3,body4,-0.96122614,-1.49523985,-12.97012040,-0.14514855,-0.13854344,-0.46035155
42.15000000,0,body1,0.03127530,-0.05417134,-14.07070437,-0.11153320,0.19318056,-0.29828136
42.15000000,1,body2,1.78514107,0.08765018,-12.99316984,0.19200478,0.05676650,-0.46147734
42.15000000,2,body3,-0.83229518,1.44158621,-13.34331186,0.00892488,-0.01545957,-0.02790534
42.15000000,3,body4,-0.96848399,-1.50215099,-12.99316611,-0.14516391,-0.13789770,-0.46147664
42.20000000,0,body1,0.02570804,-0.04452859,-14.08550909,-0.11114968,0.19251628,-0.29390982
42.20000000,1,body2,1.79472698,0.09049712,-13.01627192,0.19142740,0.05711410,-0.46260738
42.20000000,2,body3,-0.83183898,1.44079601,-13.34470534,0.00932283,-0.01614886,-0.02783103
42.20000000,3,body4,-0.97574254,-1.50902914,-13.01626819,-0.14517625,-0.13722387,-0.46260668
42.25000000,0,body1,0.02016109,-0.03492102,-14.10009563,-0.11072072,0.19177331,-0.28955478
42.25000000,1,body2,1.80428335,0.09336173,-13.03943061,0.19082374,0.05747318,-0.46374191
42.25000000,2,body3,-0.83136288,1.43997133,-13.34609468,0.00972116,-0.01683879,-0.02773950
42.25000000,3,body4,-0.98300162,-1.51587289,-13.03942689,-0.14518539,-0.13652153,-0.46374120
42.30000000,0,body1,0.01463672,-0.02535256,-14.11446487,-0.11024661,0.19095213,-0.28521769
42.30000000,1,body2,1.81380888,0.09624458,-13.06264613,0.19019334,0.05784375,-0.46488045
42.30000000,2,body3,-0.83086684,1.43911212,-13.34747901,0.01012023,-0.01753001,-0.02763097
42.30000000,3,body4,-0.99026108,-1.52268081,-13.06264242,-0.14519113,-0.13579030,-0.46487974
42.35000000,0,body1,0.00913717,-0.01582710,-14.12861772,-0.10972763,0.19005323,-0.28089999
42.35000000,1,body2,1.82330221,0.09914624,-13.08591867,0.18953578,0.05822582,-0.46602250
42.35000000,2,body3,-0.83035082,1.43821830,-13.34885749,0.01052041,-0.01822315,-0.02750571
42.35000000,3,body4,-0.99752073,-1.52945143,-13.08591497,-0.14519323,-0.13502978,-0.46602179
42.40000000,0,body1,0.00366470,-0.00634852,-14.14255521,-0.10916408,0.18907714,-0.27660309
42.40000000,1,body2,1.83276198,0.10206729,-13.10924839,0.18885058,0.05861937,-0.46716757
42.40000000,2,body3,-0.82981476,1.43728977,-13.35022931,0.01092205,-0.01891883,-0.02736403
42.40000000,3,body4,-1.00478040,-1.53618328,-13.10924470,-0.14519146,-0.13423960,-0.46716685
42.45000000,0,body1,-0.00177850,0.00307934,-14.15627840,-0.10855629,0.18802442,-0.27232836
42.45000000,1,body2,1.84218678,0.10500831,-13.13263543,0.18813731,0.05902433,-0.46831513
42.45000000,2,body3,-0.82925857,1.43632638,-13.35159363,0.01132551,-0.01961764,-0.02720627
42.45000000,3,body4,-1.01203987,-1.54287488,-13.13263174,-0.14518554,-0.13341940,-0.46831442
42.50000000,0,body1,-0.00719020,0.01245265,-14.16978844,-0.10790460,0.18689566,-0.26807713
42.50000000,1,body2,1.85157521,0.10796986,-13.15607989,0.18739552,0.05944065,-0.46946467
42.50000000,2,body3,-0.82868215,1.43532795,-13.35294967,0.01173110,-0.02032016,-0.02703282
42.50000000,3,body4,-1.01929894,-1.54952470,-13.15607622,-0.14517518,-0.13256882,-0.46946395
42.55000000,0,body1,-0.01256823,0.02176764,-14.18308653,-0.10720936,0.18569147,-0.26385072
42.55000000,1,body2,1.86092583,0.11095251,-13.17958187,0.18662473,0.05986820,-0.47061563
42.55000000,2,body3,-0.82808540,1.43429430,-13.35429666,0.01213915,-0.02102694,-0.02684410
42.55000000,3,body4,-1.02655737,-1.55613124,-13.17957821,-0.14516006,-0.13168751,-0.47061491
42.60000000,0,body1,-0.01791042,0.03102055,-14.19617395,-0.10647094,0.18441249,-0.25965040
42.60000000,1,body2,1.87023717,0.11395681,-13.20314143,0.18582448,0.06030688,-0.47176747
42.60000000,2,body3,-0.82746818,1.43322519,-13.35563384,0.01254997,-0.02173850,-0.02664058
42.60000000,3,body4,-1.03381492,-1.56269293,-13.20313777,-0.14513985,-0.13077513,-0.47176675
42.65000000,0,body1,-0.02321461,0.04020766,-14.20905203,-0.10568972,0.18305938,-0.25547741
42.65000000,1,body2,1.87950776,0.11698332,-13.22675858,0.18499431,0.06075652,-0.47291963
42.65000000,2,body3,-0.82683034,1.43212037,-13.35696048,0.01296384,-0.02245536,-0.02642275
42.65000000,3,body4,-1.04107132,-1.56920822,-13.22675493,-0.14511417,-0.12983135,-0.47291891
42.70000000,0,body1,-0.02847868,0.04932527,-14.22172216,-0.10486610,0.18163282,-0.25133295
42.70000000,1,body2,1.88873608,0.12003259,-13.25043334,0.18413374,0.06121694,-0.47407155
42.70000000,2,body3,-0.82617173,1.43097956,-13.35827588,0.01338105,-0.02317800,-0.02619115
42.70000000,3,body4,-1.04832629,-1.57567552,-13.25042970,-0.14508262,-0.12885585,-0.47407082
42.75000000,0,body1,-0.03370052,0.05836973,-14.23418582,-0.10400048,0.18013353,-0.24721818
42.75000000,1,body2,1.89792060,0.12310514,-13.27416568,0.18324228,0.06168794,-0.47522264
42.75000000,2,body3,-0.82549217,1.42980247,-13.35957937,0.01380186,-0.02390688,-0.02594636
42.75000000,3,body4,-1.05557954,-1.58209326,-13.27416204,-0.14504478,-0.12784832,-0.47522191
42.80000000,0,body1,-0.03887804,0.06733742,-14.24644449,-0.10309329,0.17856223,-0.24313421
42.80000000,1,body2,1.90705976,0.12620150,-13.29795554,0.18231944,0.06216926,-0.47637233
42.80000000,2,body3,-0.82479147,1.42858877,-13.36087031,0.01422652,-0.02464242,-0.02568898
42.80000000,3,body4,-1.06283072,-1.58845981,-13.29795191,-0.14500020,-0.12680845,-0.47637159
42.85000000,0,body1,-0.04400917,0.07622476,-14.25849977,-0.10214495,0.17691967,-0.23908212
42.85000000,1,body2,1.91615199,0.12932218,-13.32180283,0.18136472,0.06266063,-0.47752001
42.85000000,2,body3,-0.82406944,1.42733811,-13.36214807,0.01465527,-0.02538504,-0.02541965
42.85000000,3,body4,-1.07007949,-1.59477355,-13.32179922,-0.14494839,-0.12573594,-0.47751928
42.90000000,0,body1,-0.04909186,0.08502821,-14.27035325,-0.10115593,0.17520663,-0.23506294
42.90000000,1,body2,1.92519567,0.13246767,-13.34570745,0.18037760,0.06316176,-0.47866510
42.90000000,2,body3,-0.82332586,1.42605014,-13.36341208,0.01508830,-0.02613509,-0.02513906
42.90000000,3,body4,-1.07732549,-1.60103284,-13.34570384,-0.14488881,-0.12463049,-0.47866436
42.95000000,0,body1,-0.05412409,0.09374426,-14.28200663,-0.10012667,0.17342390,-0.23107767
42.95000000,1,body2,1.93418918,0.13563845,-13.36966924,0.17935755,0.06367230,-0.47980700
42.95000000,2,body3,-0.82256052,1.42472448,-13.36466180,0.01552584,-0.02689294,-0.02484791
42.95000000,3,body4,-1.08456829,-1.60723603,-13.36966564,-0.14482093,-0.12349182,-0.47980626
43.00000000,0,body1,-0.05910386,0.10236945,-14.29346160,-0.09905763,0.17157228,-0.22712723
43.00000000,1,body2,1.94313085,0.13883499,-13.39368804,0.17830404,0.06419189,-0.48094509
43.00000000,2,body3,-0.82177319,1.42336072,-13.36589671,0.01596806,-0.02765888,-0.02454695
43.00000000,3,body4,-1.09180749,-1.61338146,-13.39368445,-0.14474415,-0.12231965,-0.48094435
43.05000000,0,body1,-0.06402920,0.11090036,-14.30471995,-0.09794930,0.16965259,-0.22321253
43.05000000,1,body2,1.95201900,0.14205773,-13.41776363,0.17721649,0.06472011,-0.48207877
43.05000000,2,body3,-0.82096363,1.42195846,-13.36711635,0.01641511,-0.02843322,-0.02423694
43.05000000,3,body4,-1.09904261,-1.61946743,-13.41776005,-0.14465784,-0.12111369,-0.48207802
43.10000000,0,body1,-0.06889814,0.11933359,-14.31578346,-0.09680215,0.16766567,-0.21933441
43.10000000,1,body2,1.96085190,0.14530709,-13.44189579,0.17609435,0.06525653,-0.48320742
43.10000000,2,body3,-0.82013159,1.42051726,-13.36832027,0.01686717,-0.02921621,-0.02391870
43.10000000,3,body4,-1.10627316,-1.62549225,-13.44189221,-0.14456132,-0.11987367,-0.48320667
43.15000000,0,body1,-0.07370877,0.12766582,-14.32665401,-0.09561668,0.16561238,-0.21549366
43.15000000,1,body2,1.96962783,0.14858346,-13.46608424,0.17493702,0.06580067,-0.48433044
43.15000000,2,body3,-0.81927682,1.41903669,-13.36950809,0.01732434,-0.03000806,-0.02359305
43.15000000,3,body4,-1.11349861,-1.63145421,-13.46608067,-0.14445389,-0.11859931,-0.48432969
43.20000000,0,body1,-0.07845918,0.13589374,-14.33733347,-0.09439338,0.16349358,-0.21169102
43.20000000,1,body2,1.97834499,0.15188722,-13.49032868,0.17374387,0.06635201,-0.48544720
43.20000000,2,body3,-0.81839906,1.41751630,-13.37067946,0.01778674,-0.03080897,-0.02326085
43.20000000,3,body4,-1.12071841,-1.63735159,-13.49032512,-0.14433479,-0.11729033,-0.48544644
43.25000000,0,body1,-0.08314749,0.14401410,-14.34782376,-0.09313277,0.16131013,-0.20792719
43.25000000,1,body2,1.98700159,0.15521872,-13.51462879,0.17251426,0.06690999,-0.48655708
43.25000000,2,body3,-0.81749805,1.41595564,-13.37183408,0.01825446,-0.03161909,-0.02292301
43.25000000,3,body4,-1.12793194,-1.64318265,-13.51462524,-0.14420321,-0.11594647,-0.48655632
43.30000000,0,body1,-0.08777184,0.15202369,-14.35812684,-0.09183535,0.15906294,-0.20420279
43.30000000,1,body2,1.99559578,0.15857827,-13.53898422,0.17124753,0.06747401,-0.48765947
43.30000000,2,body3,-0.81657352,1.41435424,-13.37297169,0.01872757,-0.03243856,-0.02258042
43.30000000,3,body4,-1.13513856,-1.64894564,-13.53898068,-0.14405830,-0.11456743,-0.48765871
43.35000000,0,body1,-0.09233042,0.15991935,-14.36824470,-0.09050165,0.15675290,-0.20051843
43.35000000,1,body2,2.00412569,0.16196615,-13.56339456,0.16994298,0.06804342,-0.48875376
43.35000000,2,body3,-0.81562520,1.41271163,-13.37409206,0.01920612,-0.03326745,-0.02223404
43.35000000,3,body4,-1.14233759,-1.65463879,-13.56339103,-0.14389915,-0.11315293,-0.48875299
43.40000000,0,body1,-0.09682141,0.16769795,-14.37817936,-0.08913217,0.15438090,-0.19687461
43.40000000,1,body2,2.01258942,0.16538263,-13.58785940,0.16859986,0.06861755,-0.48983932
43.40000000,2,body3,-0.81465282,1.41102734,-13.37519504,0.01969015,-0.03410582,-0.02188483
43.40000000,3,body4,-1.14952828,-1.66026033,-13.58785587,-0.14372480,-0.11170268,-0.48983855
43.45000000,0,body1,-0.10124305,0.17535642,-14.38793285,-0.08772745,0.15194786,-0.19327182
43.45000000,1,body2,2.02098501,0.16882792,-13.61237829,0.16721741,0.06919566,-0.49091554
43.45000000,2,body3,-0.81365609,1.40930089,-13.37628051,0.02017967,-0.03495370,-0.02153378
43.45000000,3,body4,-1.15670985,-1.66580845,-13.61237477,-0.14353423,-0.11021639,-0.49091477
43.50000000,0,body1,-0.10559358,0.18289173,-14.39750723,-0.08628802,0.14945469,-0.18971048
43.50000000,1,body2,2.02931047,0.17230220,-13.63695075,0.16579481,0.06977696,-0.49198182
43.50000000,2,body3,-0.81263475,1.40753181,-13.37734841,0.02067467,-0.03581108,-0.02118190
43.50000000,3,body4,-1.16388147,-1.67128135,-13.63694723,-0.14332635,-0.10869373,-0.49198104
43.55000000,0,body1,-0.10987128,0.19030090,-14.40690459,-0.08481440,0.14690231,-0.18619094
43.55000000,1,body2,2.03756379,0.17580560,-13.66157625,0.16433122,0.07036062,-0.49303754
43.55000000,2,body3,-0.81158853,1.40571963,-13.37839871,0.02117513,-0.03667790,-0.02083022
43.55000000,3,body4,-1.17104223,-1.67667720,-13.66157274,-0.14310001,-0.10713438,-0.49303677
43.60000000,0,body1,-0.11407446,0.19758099,-14.41612703,-0.08330713,0.14429165,-0.18271351
43.60000000,1,body2,2.04574288,0.17933823,-13.68625427,0.16282571,0.07094575,-0.49408211
43.60000000,2,body3,-0.81051715,1.40386387,-13.37943145,0.02168098,-0.03755408,-0.02047980
43.60000000,3,body4,-1.17819120,-1.68199415,-13.68625077,-0.14285400,-0.10553800,-0.49408133
43.65000000,0,body1,-0.11820144,0.20472911,-14.42517665,-0.08176674,0.14162362,-0.17927845
43.65000000,1,body2,2.05384563,0.18290014,-13.71098422,0.16127734,0.07153142,-0.49511493
43.65000000,2,body3,-0.80942034,1.40196407,-13.38044673,0.02219218,-0.03843951,-0.02013170
43.65000000,3,body4,-1.18532734,-1.68723036,-13.71098073,-0.14258702,-0.10390423,-0.49511414
43.70000000,0,body1,-0.12225059,0.21174241,-14.43405558,-0.08019377,0.13889916,-0.17588595
43.70000000,1,body2,2.06186987,0.18649132,-13.73576551,0.15968508,0.07211663,-0.49613539
43.70000000,2,body3,-0.80829784,1.40001977,-13.38144468,0.02270863,-0.03933403,-0.01978702
43.70000000,3,body4,-1.19244958,-1.69238393,-13.73576202,-0.14229769,-0.10223268,-0.49613461
43.75000000,0,body1,-0.12622028,0.21861810,-14.44276596,-0.07858875,0.13611918,-0.17253614
43.75000000,1,body2,2.06981337,0.19011172,-13.76059750,0.15804784,0.07270031,-0.49714293
43.75000000,2,body3,-0.80714939,1.39803052,-13.38242550,0.02323021,-0.04023745,-0.01944686
43.75000000,3,body4,-1.19955676,-1.69745298,-13.76059402,-0.14198455,-0.10052295,-0.49714214
43.80000000,0,body1,-0.13010894,0.22535342,-14.45130991,-0.07695222,0.13328463,-0.16922913
43.80000000,1,body2,2.07767387,0.19376125,-13.78547953,0.15636448,0.07328134,-0.49813694
43.80000000,2,body3,-0.80597473,1.39599588,-13.38338946,0.02375681,-0.04114956,-0.01911235
43.80000000,3,body4,-1.20664766,-1.70243557,-13.78547605,-0.14164605,-0.09877459,-0.49813615
43.85000000,0,body1,-0.13391499,0.23194567,-14.45968958,-0.07528470,0.13039641,-0.16596493
43.85000000,1,body2,2.08544902,0.19743974,-13.81041092,0.15463376,0.07385853,-0.49911686
43.85000000,2,body3,-0.80477363,1.39391542,-13.38433685,0.02428828,-0.04207009,-0.01878460
43.85000000,3,body4,-1.21372097,-1.70732977,-13.81040744,-0.14128056,-0.09698714,-0.49911607
43.90000000,0,body1,-0.13763690,0.23839218,-14.46790712,-0.07358673,0.12745545,-0.16274354
43.90000000,1,body2,2.09313642,0.20114697,-13.83539093,0.15285437,0.07443063,-0.50008213
43.90000000,2,body3,-0.80354583,1.39178874,-13.38526805,0.02482444,-0.04299876,-0.01846477
43.90000000,3,body4,-1.22077529,-1.71213361,-13.83538746,-0.14088631,-0.09516009,-0.50008133
43.95000000,0,body1,-0.14127316,0.24469035,-14.47596465,-0.07185885,0.12446267,-0.15956488
43.95000000,1,body2,2.10073361,0.20488265,-13.86041883,0.15102491,0.07499630,-0.50103217
43.95000000,2,body3,-0.80229111,1.38961542,-13.38618348,0.02536512,-0.04393525,-0.01815402
43.95000000,3,body4,-1.22780914,-1.71684510,-13.86041537,-0.14046146,-0.09329288,-0.50103137
44.00000000,0,body1,-0.14482230,0.25083760,-14.48386432,-0.07010158,0.12141899,-0.15642886
44.00000000,1,body2,2.10823804,0.20864642,-13.88549384,0.14914386,0.07555413,-0.50196644
44.00000000,2,body3,-0.80100924,1.38739509,-13.38708362,0.02591010,-0.04487919,-0.01785350
44.00000000,3,body4,-1.23482094,-1.72146221,-13.88549038,-0.14000403,-0.09138493,-0.50196563
44.05000000,0,body1,-0.14828284,0.25683141,-14.49160824,-0.06831544,0.11832531,-0.15333532
44.05000000,1,body2,2.11564709,0.21243785,-13.91061516,0.14720962,0.07610263,-0.50288438
44.05000000,2,body3,-0.79970003,1.38512738,-13.38796902,0.02645916,-0.04583021,-0.01756438
44.05000000,3,body4,-1.24180901,-1.72598289,-13.91061170,-0.13951192,-0.08943558,-0.50288358
44.10000000,0,body1,-0.15165337,0.26266931,-14.49919855,-0.06650096,0.11518256,-0.15028407
44.10000000,1,body2,2.12295807,0.21625645,-13.93578195,0.14522047,0.07664023,-0.50378547
44.10000000,2,body3,-0.79836326,1.38281196,-13.38884027,0.02701207,-0.04678787,-0.01728784
44.10000000,3,body4,-1.24877157,-1.73040505,-13.93577850,-0.13898291,-0.08744412,-0.50378466
44.15000000,0,body1,-0.15493247,0.26834887,-14.50663735,-0.06465868,0.11199163,-0.14727489
44.15000000,1,body2,2.13016818,0.22010162,-13.96099337,0.14317456,0.07716524,-0.50466916
44.15000000,2,body3,-0.79699876,1.38044849,-13.38969803,0.02756855,-0.04775174,-0.01702505
44.15000000,3,body4,-1.25570670,-1.73472657,-13.96098992,-0.13841462,-0.08540981,-0.50466835
44.20000000,0,body1,-0.15811878,0.27386769,-14.51392674,-0.06278910,0.10875343,-0.14430753
44.20000000,1,body2,2.13727454,0.22397269,-13.98624853,0.14106991,0.07767591,-0.50553493
44.20000000,2,body3,-0.79560635,1.37803669,-13.39054302,0.02812834,-0.04872133,-0.01677718
44.20000000,3,body4,-1.26261238,-1.73894529,-13.98624508,-0.13780454,-0.08333179,-0.50553412
44.25000000,0,body1,-0.16121094,0.27922344,-14.52106880,-0.06089276,0.10546887,-0.14138173
44.25000000,1,body2,2.14427415,0.22786889,-14.01154651,0.13890439,0.07817037,-0.50638228
44.25000000,2,body3,-0.79418588,1.37557627,-13.39137602,0.02869114,-0.04969614,-0.01654539
44.25000000,3,body4,-1.26948646,-1.74305899,-14.01154307,-0.13715000,-0.08120916,-0.50638147
44.30000000,0,body1,-0.16420762,0.28441382,-14.52806560,-0.05897016,0.10213885,-0.13849721
44.30000000,1,body2,2.15116391,0.23178937,-14.03688640,0.13667573,0.07864666,-0.50721067
44.30000000,2,body3,-0.79273719,1.37306699,-13.39219785,0.02925665,-0.05067563,-0.01633086
44.30000000,3,body4,-1.27632664,-1.74706543,-14.03688295,-0.13644814,-0.07904094,-0.50720986
44.35000000,0,body1,-0.16710753,0.28943658,-14.53491920,-0.05702185,0.09876428,-0.13565370
44.35000000,1,body2,2.15794062,0.23573317,-14.06226722,0.13438148,0.07910269,-0.50801962
44.35000000,2,body3,-0.79126017,1.37050864,-13.39300941,0.02982455,-0.05165927,-0.01613472
44.35000000,3,body4,-1.28313048,-1.75096229,-14.06226377,-0.13569594,-0.07682605,-0.50801881
44.40000000,0,body1,-0.16990938,0.29428952,-14.54163165,-0.05504835,0.09534608,-0.13285092
44.40000000,1,body2,2.16460092,0.23969922,-14.08768798,0.13201904,0.07953626,-0.50880862
44.40000000,2,body3,-0.78975471,1.36790101,-13.39381165,0.03039450,-0.05264645,-0.01595812
44.40000000,3,body4,-1.28989539,-1.75474722,-14.08768454,-0.13489019,-0.07456332,-0.50880780
44.45000000,0,body1,-0.17261195,0.29897048,-14.54820497,-0.05305017,0.09188515,-0.13008865
44.45000000,1,body2,2.17114133,0.24368633,-14.11314770,0.12958558,0.07994504,-0.50957717
44.45000000,2,body3,-0.78822070,1.36524394,-13.39460557,0.03096616,-0.05363660,-0.01580214
44.45000000,3,body4,-1.29661860,-1.75841779,-14.11314425,-0.13402748,-0.07225150,-0.50957636
44.50000000,0,body1,-0.17521400,0.30347734,-14.55464119,-0.05102788,0.08838244,-0.12736669
44.50000000,1,body2,2.17755823,0.24769322,-14.13864531,0.12707813,0.08032660,-0.51032479
44.50000000,2,body3,-0.78665807,1.36253731,-13.39539222,0.03153917,-0.05462909,-0.01566789
44.50000000,3,body4,-1.30329717,-1.76197151,-14.13864187,-0.13310419,-0.06988921,-0.51032397
44.55000000,0,body1,-0.17771434,0.30780804,-14.56094231,-0.04898200,0.08483888,-0.12468489
44.55000000,1,body2,2.18384785,0.25171845,-14.16417978,0.12449347,0.08067834,-0.51105098
44.55000000,2,body3,-0.78506676,1.35978100,-13.39617273,0.03211317,-0.05562330,-0.01555641
44.55000000,3,body4,-1.30992799,-1.76540583,-14.16417633,-0.13211647,-0.06747496,-0.51105016
44.60000000,0,body1,-0.18011182,0.31196056,-14.56711034,-0.04691310,0.08125545,-0.12204320
44.60000000,1,body2,2.19000623,0.25576046,-14.18975001,0.12182819,0.08099755,-0.51175526
44.60000000,2,body3,-0.78344674,1.35697496,-13.39694826,0.03268780,-0.05661859,-0.01546870
44.60000000,3,body4,-1.31650773,-1.76871810,-14.18974656,-0.13106026,-0.06500715,-0.51175444
44.65000000,0,body1,-0.18240528,0.31593294,-14.57314730,-0.04482175,0.07763314,-0.11944168
44.65000000,1,body2,2.19602925,0.25981757,-14.21535489,0.11907863,0.08128135,-0.51243713
44.65000000,2,body3,-0.78179798,1.35411914,-13.39772002,0.03326268,-0.05761432,-0.01540572
44.65000000,3,body4,-1.32303285,-1.77190560,-14.21535144,-0.12993125,-0.06248407,-0.51243631
44.70000000,0,body1,-0.18459363,0.31972324,-14.57905518,-0.04270855,0.07397298,-0.11688050
44.70000000,1,body2,2.20191262,0.26388791,-14.24099330,0.11624092,0.08152673,-0.51309610
44.70000000,2,body3,-0.78012047,1.35121353,-13.39848926,0.03383744,-0.05860983,-0.01536837
44.70000000,3,body4,-1.32949961,-1.77496554,-14.24098985,-0.12872490,-0.05990386,-0.51309528
44.75000000,0,body1,-0.18667578,0.32332962,-14.58483603,-0.04057412,0.07027605,-0.11436001
44.75000000,1,body2,2.20765180,0.26796950,-14.26666407,0.11331094,0.08173053,-0.51373167
44.75000000,2,body3,-0.77841424,1.34825817,-13.39925729,0.03441171,-0.05960450,-0.01535747
44.75000000,3,body4,-1.33590401,-1.77789499,-14.26666062,-0.12743640,-0.05726453,-0.51373086
44.80000000,0,body1,-0.18865070,0.32675025,-14.59049187,-0.03841911,0.06654347,-0.11188076
44.80000000,1,body2,2.21324209,0.27206017,-14.29236603,0.11028434,0.08188945,-0.51434334
44.80000000,2,body3,-0.77667932,1.34525311,-13.40002546,0.03498512,-0.06059768,-0.01537376
44.80000000,3,body4,-1.34224184,-1.78069095,-14.29236257,-0.12606072,-0.05456397,-0.51434252
44.85000000,0,body1,-0.19051736,0.32998339,-14.59602480,-0.03624420,0.06277642,-0.10944353
44.85000000,1,body2,2.21867854,0.27615759,-14.31809796,0.10715653,0.08200001,-0.51493058
44.85000000,2,body3,-0.77491575,1.34219844,-13.40079513,0.03555732,-0.06158875,-0.01541789
44.85000000,3,body4,-1.34850859,-1.78335031,-14.31809450,-0.12459255,-0.05179993,-0.51492976
44.90000000,0,body1,-0.19227480,0.33302734,-14.60143694,-0.03405012,0.05897619,-0.10704941
44.90000000,1,body2,2.22395597,0.28025926,-14.34385864,0.10392268,0.08205861,-0.51549286
44.90000000,2,body3,-0.77312361,1.33909428,-13.40156772,0.03612795,-0.06257712,-0.01549039
44.90000000,3,body4,-1.35469950,-1.78586983,-14.34385517,-0.12302637,-0.04897004,-0.51549205
44.95000000,0,body1,-0.19392207,0.33588048,-14.60673048,-0.03183767,0.05514412,-0.10469979
44.95000000,1,body2,2.22906896,0.28436248,-14.36964679,0.10057774,0.08206150,-0.51602963
44.95000000,2,body3,-0.77130299,1.33594078,-13.40234465,0.03669670,-0.06356222,-0.01559165
44.95000000,3,body4,-1.36080954,-1.78824615,-14.36964331,-0.12135640,-0.04607180,-0.51602882
45.00000000,0,body1,-0.19545827,0.33854125,-14.61190769,-0.02960769,0.05128169,-0.10239648
45.00000000,1,body2,2.23401181,0.28846437,-14.39546113,0.09711647,0.08200483,-0.51654032
45.00000000,2,body3,-0.76945398,1.33273812,-13.40312737,0.03726326,-0.06454352,-0.01572194
45.00000000,3,body4,-1.36683335,-1.79047580,-14.39545765,-0.11957667,-0.04310260,-0.51653951
45.05000000,0,body1,-0.19688256,0.34100817,-14.61697094,-0.02736109,0.04739048,-0.10014171
45.05000000,1,body2,2.23877857,0.29256186,-14.42130034,0.09353344,0.08188460,-0.51702432
45.05000000,2,body3,-0.76757670,1.32948650,-13.40391733,0.03782734,-0.06552055,-0.01588132
45.05000000,3,body4,-1.37276531,-1.79255517,-14.42129685,-0.11768103,-0.04005974,-0.51702351
45.10000000,0,body1,-0.19819412,0.34327985,-14.62192272,-0.02509888,0.04347223,-0.09793824
45.10000000,1,body2,2.24336302,0.29665166,-14.44716308,0.08982311,0.08169675,-0.51748100
45.10000000,2,body3,-0.76567128,1.32618614,-13.40471599,0.03838872,-0.06649287,-0.01606968
45.10000000,3,body4,-1.37859946,-1.79448048,-14.44715958,-0.11566317,-0.03694044,-0.51748020
45.15000000,0,body1,-0.19939220,0.34535497,-14.62676568,-0.02282215,0.03952885,-0.09578940
45.15000000,1,body2,2.24775866,0.30073029,-14.47304795,0.08597982,0.08143714,-0.51790970
45.15000000,2,body3,-0.76373787,1.32283730,-13.40552478,0.03894717,-0.06746014,-0.01628670
45.15000000,3,body4,-1.38432953,-1.79624787,-14.47304444,-0.11351670,-0.03374188,-0.51790890
45.20000000,0,body1,-0.20047611,0.34723235,-14.63150264,-0.02053212,0.03556241,-0.09369916
45.20000000,1,body2,2.25195869,0.30479406,-14.49895354,0.08199793,0.08110164,-0.51830971
45.20000000,2,body3,-0.76177662,1.31944022,-13.40634512,0.03950255,-0.06842208,-0.01653179
45.20000000,3,body4,-1.38994892,-1.79785328,-14.49895002,-0.11123519,-0.03046122,-0.51830892
45.25000000,0,body1,-0.20144522,0.34891087,-14.63613665,-0.01823011,0.03157522,-0.09167221
45.25000000,1,body2,2.25595605,0.30883907,-14.52487840,0.07787182,0.08068613,-0.51868028
45.25000000,2,body3,-0.75978767,1.31599518,-13.40717841,0.04005474,-0.06937850,-0.01680413
45.25000000,3,body4,-1.39545073,-1.79929256,-14.52487487,-0.10881228,-0.02709569,-0.51867949
45.30000000,0,body1,-0.20229895,0.35038957,-14.64067100,-0.01591757,0.02756981,-0.08971401
45.30000000,1,body2,2.25974338,0.31286123,-14.55082104,0.07359607,0.08018657,-0.51902060
45.30000000,2,body3,-0.75777119,1.31250247,-13.40802597,0.04060371,-0.07032933,-0.01710258
45.30000000,3,body4,-1.40082773,-1.80056137,-14.55081749,-0.10624176,-0.02364259,-0.51901982
45.35000000,0,body1,-0.20303682,0.35166759,-14.64510930,-0.01359612,0.02354895,-0.08783090
45.35000000,1,body2,2.26331307,0.31685622,-14.57677991,0.06916553,0.07959908,-0.51932982
45.35000000,2,body3,-0.75572735,1.30896235,-13.40888908,0.04114947,-0.07127460,-0.01742569
45.35000000,3,body4,-1.40607239,-1.80165529,-14.57677636,-0.10351770,-0.02009939,-0.51932904
45.40000000,0,body1,-0.20365844,0.35274425,-14.64945546,-0.01126751,0.01951571,-0.08603007
45.40000000,1,body2,2.26665727,0.32081956,-14.60275346,0.06457547,0.07892002,-0.51960703
45.40000000,2,body3,-0.75365629,1.30537510,-13.40976892,0.04169211,-0.07221447,-0.01777168
45.40000000,3,body4,-1.41117689,-1.80256975,-14.60274989,-0.10063459,-0.01646384,-0.51960626
45.45000000,0,body1,-0.20416349,0.35361901,-14.65371381,-0.00893368,0.01547343,-0.08431967
45.45000000,1,body2,2.26976789,0.32474659,-14.62874004,0.05982177,0.07814610,-0.51985125
45.45000000,2,body3,-0.75155818,1.30174099,-13.41066659,0.04223180,-0.07314924,-0.01813841
45.45000000,3,body4,-1.41613315,-1.80330008,-14.62873646,-0.09758749,-0.01273401,-0.51985050
45.50000000,0,body1,-0.20455176,0.35429151,-14.65788909,-0.00659674,0.01142575,-0.08270882
45.50000000,1,body2,2.27263667,0.32863250,-14.65473799,0.05490108,0.07727445,-0.52006147
45.50000000,2,body3,-0.74943315,1.29806026,-13.41158307,0.04276880,-0.07407934,-0.01852340
45.50000000,3,body4,-1.42093287,-1.80384153,-14.65473440,-0.09437227,-0.00890842,-0.52006072
45.55000000,0,body1,-0.20482315,0.35476156,-14.66198652,-0.00425898,0.00737665,-0.08120757
45.55000000,1,body2,2.27525518,0.33247233,-14.68074558,0.04981104,0.07630278,-0.52023658
45.55000000,2,body3,-0.74728133,1.29433313,-13.41251919,0.04330345,-0.07500535,-0.01892379
45.55000000,3,body4,-1.42556756,-1.80418929,-14.68074197,-0.09098575,-0.00498619,-0.52023585
45.60000000,0,body1,-0.20497768,0.35502922,-14.66601185,-0.00192286,0.00333039,-0.07982690
45.60000000,1,body2,2.27761493,0.33626104,-14.70676103,0.04455050,0.07522948,-0.52037546
45.60000000,2,body3,-0.74510283,1.29055978,-13.41347565,0.04383615,-0.07592800,-0.01933635
45.60000000,3,body4,-1.43002860,-1.80433851,-14.70675740,-0.08742597,-0.00096711,-0.52037474
45.65000000,0,body1,-0.20501551,0.35509473,-14.66997142,0.00040899,-0.00070846,-0.07857864
45.65000000,1,body2,2.27970739,0.33999352,-14.73278249,0.03911975,0.07405379,-0.52047692
45.65000000,2,body3,-0.74289774,1.28674037,-13.41445297,0.04436741,-0.07684815,-0.01975754
45.65000000,3,body4,-1.43430730,-1.80428438,-14.73277884,-0.08369240,0.00314817,-0.52047621
45.70000000,0,body1,-0.20493690,0.35495858,-14.67387213,0.00273376,-0.00473506,-0.07747532
45.70000000,1,body2,2.28152410,0.34366466,-14.75880806,0.03352078,0.07277588,-0.52053975
45.70000000,2,body3,-0.74066610,1.28287500,-13.41545148,0.04489781,-0.07776681,-0.02018354
45.70000000,3,body4,-1.43839500,-1.80402210,-14.75880439,-0.07978621,0.00735803,-0.52053905
45.75000000,0,body1,-0.20474230,0.35462151,-14.67772158,0.00504852,-0.00874431,-0.07653004
45.75000000,1,body2,2.28305673,0.34726938,-14.78483578,0.02775747,0.07139706,-0.52056271
45.75000000,2,body3,-0.73840795,1.27896370,-13.41647133,0.04542798,-0.07868507,-0.02061025
45.75000000,3,body4,-1.44228314,-1.80354702,-14.78483210,-0.07571045,0.01165975,-0.52056203
45.80000000,0,body1,-0.20443227,0.35408452,-14.68152799,0.00735023,-0.01273097,-0.07575623
45.80000000,1,body2,2.28429720,0.35080268,-14.81086363,0.02183581,0.06991983,-0.52054456
45.80000000,2,body3,-0.73612328,1.27500648,-13.41751245,0.04595863,-0.07960415,-0.02103343
45.80000000,3,body4,-1.44596335,-1.80285463,-14.81085993,-0.07147029,0.01604939,-0.52054390
45.85000000,0,body1,-0.20400754,0.35334888,-14.68530029,0.00963578,-0.01668963,-0.07516736
45.85000000,1,body2,2.28523781,0.35425974,-14.83688951,0.01576409,0.06834801,-0.52048410
45.85000000,2,body3,-0.73381206,1.27100326,-13.41857455,0.04649048,-0.08052531,-0.02144876
45.85000000,3,body4,-1.44942759,-1.80194068,-14.83688580,-0.06707319,0.02052169,-0.52048346
45.90000000,0,body1,-0.20346901,0.35241612,-14.68904803,0.01190204,-0.02061487,-0.07477666
45.90000000,1,body2,2.28587129,0.35763595,-14.86291130,0.00955297,0.06668681,-0.52038017
45.90000000,2,body3,-0.73147419,1.26695390,-13.41965712,0.04702426,-0.08144982,-0.02185195
45.90000000,3,body4,-1.45266825,-1.80080117,-14.86290756,-0.06252898,0.02507003,-0.52037955
45.95000000,0,body1,-0.20281771,0.35128804,-14.69278146,0.01414590,-0.02450133,-0.07459670
45.95000000,1,body2,2.28619100,0.36092699,-14.88892678,0.00321555,0.06494284,-0.52023170
45.95000000,2,body3,-0.72910958,1.26285821,-13.42075947,0.04756071,-0.08237895,-0.02223885
45.95000000,3,body4,-1.45567828,-1.79943252,-14.88892302,-0.05784994,0.02968635,-0.52023110
46.00000000,0,body1,-0.20205484,0.34996672,-14.69651141,0.01636436,-0.02834378,-0.07463907
46.00000000,1,body2,2.28619100,0.36412894,-14.91493370,-0.00323268,0.06312410,-0.52003772
46.00000000,2,body3,-0.72671805,1.25871592,-13.42188067,0.04810052,-0.08331388,-0.02260560
46.00000000,3,body4,-1.45845128,-1.79783154,-14.91492992,-0.05305074,0.03436126,-0.52003714
46.05000000,0,body1,-0.20118175,0.34845448,-14.70024925,0.01855455,-0.03213728,-0.07491394
46.05000000,1,body2,2.28586618,0.36723826,-14.94092977,-0.00977397,0.06123991,-0.51979742
46.05000000,2,body3,-0.72429945,1.25452671,-13.42301964,0.04864431,-0.08425572,-0.02294874
46.05000000,3,body4,-1.46098167,-1.79599557,-14.94092597,-0.04814833,0.03908403,-0.51979687
46.10000000,0,body1,-0.20019990,0.34675388,-14.70400682,0.02071384,-0.03587725,-0.07542970
46.10000000,1,body2,2.28521238,0.37025196,-14.96691265,-0.01638857,0.05930076,-0.51951016
46.10000000,2,body3,-0.72185354,1.25029022,-13.42417510,0.04919260,-0.08520535,-0.02326535
46.10000000,3,body4,-1.46326475,-1.79392251,-14.96690884,-0.04316168,0.04384280,-0.51950964
46.15000000,0,body1,-0.19911092,0.34486771,-14.70779634,0.02283987,-0.03955961,-0.07619265
46.15000000,1,body2,2.28422646,0.37316757,-14.99287998,-0.02305501,0.05731816,-0.51917551
46.15000000,2,body3,-0.71938009,1.24600604,-13.42534569,0.04974582,-0.08616351,-0.02355316
46.15000000,3,body4,-1.46529682,-1.79161087,-14.99287616,-0.03811146,0.04862474,-0.51917501
46.20000000,0,body1,-0.19791651,0.34279894,-14.71163027,0.02493059,-0.04318081,-0.07720667
46.20000000,1,body2,2.28290639,0.37598321,-15.01882940,-0.02975057,0.05530435,-0.51879325
46.20000000,2,body3,-0.71687885,1.24167373,-13.42652991,0.05030423,-0.08713065,-0.02381064
46.20000000,3,body4,-1.46707524,-1.78905985,-15.01882555,-0.03301966,0.05341630,-0.51879278
46.25000000,0,body1,-0.19661848,0.34055070,-14.71552121,0.02698433,-0.04673797,-0.07847308
46.25000000,1,body2,2.28125131,0.37869765,-15.04475851,-0.03645173,0.05327208,-0.51836343
46.25000000,2,body3,-0.71434956,1.23729283,-13.42772624,0.05086793,-0.08810697,-0.02403705
46.25000000,3,body4,-1.46859851,-1.78626929,-15.04475465,-0.02790908,0.05820347,-0.51836299
46.30000000,0,body1,-0.19521871,0.33812625,-14.71948176,0.02899982,-0.05022888,-0.07999051
46.30000000,1,body2,2.27926153,0.38131028,-15.07066495,-0.04313470,0.05123429,-0.51788632
46.30000000,2,body3,-0.71179196,1.23286289,-13.42893310,0.05143690,-0.08909240,-0.02423251
46.30000000,3,body4,-1.46986627,-1.78323978,-15.07066107,-0.02280281,0.06297214,-0.51788592
46.35000000,0,body1,-0.19371915,0.33552894,-14.72352438,0.03097619,-0.05365203,-0.08175494
46.35000000,1,body2,2.27693854,0.38382115,-15.09654636,-0.04977599,0.04920380,-0.51736247
46.35000000,2,body3,-0.70920578,1.22838345,-13.43014899,0.05201090,-0.09008655,-0.02439796
46.35000000,3,body4,-1.47087929,-1.77997259,-15.09654247,-0.01772371,0.06770835,-0.51736210
46.40000000,0,body1,-0.19212175,0.33276219,-14.72766127,0.03291298,-0.05700663,-0.08375978
46.40000000,1,body2,2.27428500,0.38623094,-15.12240042,-0.05635287,0.04719304,-0.51679266
46.40000000,2,body3,-0.70659077,1.22385411,-13.43137243,0.05258957,-0.09108878,-0.02453514
46.40000000,3,body4,-1.47163950,-1.77646969,-15.12239652,-0.01269389,0.07239865,-0.51679232
46.45000000,0,body1,-0.19042851,0.32982942,-14.73190422,0.03481013,-0.06029255,-0.08599611
46.45000000,1,body2,2.27130468,0.38854093,-15.14822487,-0.06284394,0.04521371,-0.51617787
46.45000000,2,body3,-0.70394673,1.21927446,-13.43260207,0.05317238,-0.09209819,-0.02464652
46.45000000,3,body4,-1.47214989,-1.77273368,-15.14822095,-0.00773420,0.07703035,-0.51617756
46.50000000,0,body1,-0.18864139,0.32673407,-14.73626455,0.03666791,-0.06351030,-0.08845295
46.50000000,1,body2,2.26800237,0.39075297,-15.17401747,-0.06922945,0.04327664,-0.51551929
46.50000000,2,body3,-0.70127346,1.21464420,-13.43383670,0.05375869,-0.09311365,-0.02473521
46.50000000,3,body4,-1.47241445,-1.76876780,-15.17401355,-0.00286388,0.08159177,-0.51551902
46.55000000,0,body1,-0.18676236,0.32347951,-14.74075298,0.03848694,-0.06666095,-0.09111760
46.55000000,1,body2,2.26438380,0.39286941,-15.19977609,-0.07549172,0.04139151,-0.51481830
46.55000000,2,body3,-0.69857080,1.20996303,-13.43507527,0.05434774,-0.09413386,-0.02480484
46.55000000,3,body4,-1.47243809,-1.76457582,-15.19977215,0.00189982,0.08607242,-0.51481806
46.60000000,0,body1,-0.18479333,0.32006907,-14.74537954,0.04026812,-0.06974601,-0.09397606
46.60000000,1,body2,2.26045551,0.39489308,-15.22549862,-0.08161529,0.03956681,-0.51407638
46.60000000,2,body3,-0.69583864,1.20523076,-13.43631693,0.05493870,-0.09515737,-0.02485941
46.60000000,3,body4,-1.47222654,-1.76016203,-15.22549468,0.00654185,0.09046317,-0.51407618
46.65000000,0,body1,-0.18273616,0.31650597,-14.75015357,0.04201254,-0.07276743,-0.09701339
46.65000000,1,body2,2.25622480,0.39682717,-15.25118306,-0.08758711,0.03780968,-0.51329512
46.65000000,2,body3,-0.69307690,1.20044727,-13.43756103,0.05553067,-0.09618266,-0.02490323
46.65000000,3,body4,-1.47178619,-1.75553111,-15.25117912,0.01104948,0.09475629,-0.51329495
46.70000000,0,body1,-0.18059267,0.31279335,-14.75508361,0.04372149,-0.07572740,-0.10021411
46.70000000,1,body2,2.25169951,0.39867522,-15.27682750,-0.09339657,0.03612593,-0.51247617
46.70000000,2,body3,-0.69028556,1.19561250,-13.43880715,0.05612276,-0.09720812,-0.02494073
46.70000000,3,body4,-1.47112404,-1.75068811,-15.27682355,0.01541239,0.09894550,-0.51247604
46.75000000,0,body1,-0.17836458,0.30893421,-14.76017744,0.04539636,-0.07862836,-0.10356256
46.75000000,1,body2,2.24688799,0.40044102,-15.30243008,-0.09903545,0.03452006,-0.51162122
46.75000000,2,body3,-0.68746463,1.19072649,-13.44005508,0.05671403,-0.09823218,-0.02497637
46.75000000,3,body4,-1.47024754,-1.74563835,-15.30242613,0.01962255,0.10302591,-0.51162113
46.80000000,0,body1,-0.17605358,0.30493145,-14.76544207,0.04703865,-0.08147287,-0.10704324
46.80000000,1,body2,2.24179892,0.40212854,-15.32798904,-0.10449780,0.03299532,-0.51073195
46.80000000,2,body3,-0.68461417,1.18578934,-13.44130483,0.05730360,-0.09925329,-0.02501454
46.80000000,3,body4,-1.46916447,-1.74038736,-15.32798510,0.02367420,0.10699402,-0.51073189
46.85000000,0,body1,-0.17366124,0.30078782,-14.77088372,0.04864984,-0.08426354,-0.11064104
46.85000000,1,body2,2.23644122,0.40374189,-15.35350272,-0.10977982,0.03155378,-0.50981001
46.85000000,2,body3,-0.68173430,1.18080124,-13.44255664,0.05789060,-0.10026995,-0.02505948
46.85000000,3,body4,-1.46788286,-1.73494083,-15.35349878,0.02756362,0.11084755,-0.50980999
46.90000000,0,body1,-0.17118908,0.29650595,-14.77650788,0.05023147,-0.08700299,-0.11434150
46.90000000,1,body2,2.23082398,0.40528528,-15.37896952,-0.11487959,0.03019649,-0.50885701
46.90000000,2,body3,-0.67882515,1.17576245,-13.44381096,0.05847422,-0.10128076,-0.02511521
46.90000000,3,body4,-1.46641088,-1.72930451,-15.37896558,0.03128897,0.11458538,-0.50885703
46.95000000,0,body1,-0.16863856,0.29208834,-14.78231935,0.05178500,-0.08969379,-0.11813096
46.95000000,1,body2,2.22495631,0.40676291,-15.40438792,-0.11979692,0.02892355,-0.50787449
46.95000000,2,body3,-0.67588693,1.17067329,-13.44506841,0.05905372,-0.10228443,-0.02518549
46.95000000,3,body4,-1.46475673,-1.72348420,-15.40438400,0.03485004,0.11820740,-0.50787454
47.00000000,0,body1,-0.16601103,0.28753734,-14.78832225,0.05331188,-0.09233842,-0.12199667
47.00000000,1,body2,2.21884731,0.40817899,-15.42975649,-0.12453307,0.02773428,-0.50686391
47.00000000,2,body3,-0.67291985,1.16553415,-13.44632981,0.05962842,-0.10327978,-0.02527377
47.00000000,3,body4,-1.46292862,-1.71748567,-15.42975258,0.03824806,0.12171433,-0.50686399
47.05000000,0,body1,-0.16330779,0.28285522,-14.79452009,0.05481346,-0.09493925,-0.12592688
47.05000000,1,body2,2.21250598,0.40953767,-15.45507386,-0.12909052,0.02662734,-0.50582662
47.05000000,2,body3,-0.66992417,1.16034548,-13.44759614,0.06019771,-0.10426578,-0.02538320
47.05000000,3,body4,-1.46093464,-1.71131464,-15.45506996,0.04148542,0.12510768,-0.50582674
47.10000000,0,body1,-0.16053008,0.27804411,-14.80091583,0.05629105,-0.09749851,-0.12991087
47.10000000,1,body2,2.20594118,0.41084302,-15.48033872,-0.13347277,0.02560085,-0.50476391
47.10000000,2,body3,-0.66690017,1.15510775,-13.44886853,0.06076108,-0.10524151,-0.02551659
47.10000000,3,body4,-1.45878273,-1.70497674,-15.48033484,0.04456552,0.12838954,-0.50476406
47.15000000,0,body1,-0.15767907,0.27310603,-14.80751191,0.05774584,-0.10001829,-0.13393894
47.15000000,1,body2,2.19916156,0.41209902,-15.50554983,-0.13768413,0.02465251,-0.50367694
47.15000000,2,body3,-0.66384816,1.14982151,-13.45014824,0.06131807,-0.10620619,-0.02567647
47.15000000,3,body4,-1.45648067,-1.69847748,-15.50554597,0.04749250,0.13156246,-0.50367712
47.20000000,0,body1,-0.15475586,0.26804291,-14.81431031,0.05917897,-0.10250055,-0.13800240
47.20000000,1,body2,2.19217554,0.41330950,-15.53070601,-0.14172952,0.02377967,-0.50256678
47.20000000,2,body3,-0.66076847,1.14448733,-13.45143665,0.06186830,-0.10715918,-0.02586503
47.20000000,3,body4,-1.45403598,-1.69182223,-15.53070218,0.05027109,0.13462941,-0.50256699
47.25000000,0,body1,-0.15176151,0.26285657,-14.82131261,0.06059147,-0.10494709,-0.14209352
47.25000000,1,body2,2.18499129,0.41447816,-15.55580612,-0.14561430,0.02297950,-0.50143438
47.25000000,2,body3,-0.65766144,1.13910580,-13.45273525,0.06241147,-0.10809993,-0.02608423
47.25000000,3,body4,-1.45145597,-1.68501622,-15.55580232,0.05290646,0.13759361,-0.50143462
47.30000000,0,body1,-0.14869704,0.25754877,-14.82852001,0.06198430,-0.10735956,-0.14620550
47.30000000,1,body2,2.17761670,0.41560858,-15.58084908,-0.14934417,0.02224898,-0.50028062
47.30000000,2,body3,-0.65452744,1.13367755,-13.45404561,0.06294734,-0.10902804,-0.02633573
47.30000000,3,body4,-1.44874766,-1.67806451,-15.58084530,0.05540405,0.14045847,-0.50028089
47.35000000,0,body1,-0.14556340,0.25212116,-14.83593341,0.06335834,-0.10973948,-0.15033238
47.35000000,1,body2,2.17005936,0.41670414,-15.60583383,-0.15292500,0.02158502,-0.49910626
47.35000000,2,body3,-0.65136683,1.12820322,-13.45536939,0.06347572,-0.10994319,-0.02662099
47.35000000,3,body4,-1.44591779,-1.67097195,-15.60583008,0.05776948,0.14322754,-0.49910656
47.40000000,0,body1,-0.14236151,0.24657534,-14.84355341,0.06471439,-0.11208825,-0.15446896
47.40000000,1,body2,2.16232659,0.41776811,-15.63075935,-0.15636274,0.02098451,-0.49791197
47.40000000,2,body3,-0.64817999,1.12268345,-13.45670830,0.06399650,-0.11084517,-0.02694125
47.40000000,3,body4,-1.44297284,-1.66374327,-15.63075564,0.06000841,0.14590442,-0.49791230
47.45000000,0,body1,-0.13909225,0.24091283,-14.85138039,0.06605319,-0.11440714,-0.15861081
47.45000000,1,body2,2.15442539,0.41880357,-15.65562468,-0.15966335,0.02044434,-0.49669834
47.45000000,2,body3,-0.64496731,1.11711892,-13.45806411,0.06450961,-0.11173386,-0.02729757
47.45000000,3,body4,-1.43991898,-1.65638297,-15.65562101,0.06212653,0.14849273,-0.49669869
47.50000000,0,body1,-0.13575646,0.23513510,-14.85941452,0.06737542,-0.11669732,-0.16275408
47.50000000,1,body2,2.14636245,0.41981347,-15.68042885,-0.16283275,0.01996148,-0.49546586
47.50000000,2,body3,-0.64172916,1.11151029,-13.45943867,0.06501502,-0.11260922,-0.02769087
47.50000000,3,body4,-1.43676212,-1.64889539,-15.68042522,0.06412940,0.15099604,-0.49546623
47.55000000,0,body1,-0.13235497,0.22924356,-14.86765577,0.06868169,-0.11895987,-0.16689554
47.55000000,1,body2,2.13814421,0.42080060,-15.70517094,-0.16587670,0.01953296,-0.49421495
47.55000000,2,body3,-0.63846594,1.10585822,-13.46083383,0.06551275,-0.11347128,-0.02812193
47.55000000,3,body4,-1.43350789,-1.64128470,-15.70516735,0.06602249,0.15341789,-0.49421535
47.60000000,0,body1,-0.12888855,0.22323956,-14.87610399,0.06997257,-0.12119575,-0.17103248
47.60000000,1,body2,2.12977679,0.42176760,-15.72985002,-0.16880083,0.01915593,-0.49294595
47.60000000,2,body3,-0.63517802,1.10016338,-13.46225150,0.06600285,-0.11432013,-0.02859145
47.60000000,3,body4,-1.43016163,-1.63355488,-15.72984648,0.06781108,0.15576172,-0.49294637
47.65000000,0,body1,-0.12535796,0.21712441,-14.88475890,0.07124857,-0.12340588,-0.17516261
47.65000000,1,body2,2.12126605,0.42271699,-15.75446521,-0.17161057,0.01882765,-0.49165912
47.65000000,2,body3,-0.63186579,1.09442642,-13.46369363,0.06648542,-0.11515592,-0.02910001
47.65000000,3,body4,-1.42672845,-1.62570975,-15.75446171,0.06950027,0.15803087,-0.49165957
47.70000000,0,body1,-0.12176393,0.21089939,-14.89362011,0.07251017,-0.12559107,-0.17928408
47.70000000,1,body2,2.11261757,0.42365112,-15.77901561,-0.17431116,0.01854551,-0.49035467
47.70000000,2,body3,-0.62852961,1.08864799,-13.46516216,0.06696057,-0.11597888,-0.02964816
47.70000000,3,body4,-1.42321319,-1.61775296,-15.77901217,0.07109491,0.16022856,-0.49035514
47.75000000,0,body1,-0.11810718,0.20456571,-14.90268714,0.07375783,-0.12775209,-0.18339538
47.75000000,1,body2,2.10383668,0.42457225,-15.80350035,-0.17690760,0.01830705,-0.48903272
47.75000000,2,body3,-0.62516986,1.08282874,-13.46665911,0.06742844,-0.11678923,-0.03023638
47.75000000,3,body4,-1.41962046,-1.60968801,-15.80349697,0.07259965,0.16235789,-0.48903321
47.80000000,0,body1,-0.11438838,0.19812457,-14.91195946,0.07499193,-0.12988964,-0.18749531
47.80000000,1,body2,2.09492848,0.42548250,-15.82791856,-0.17940466,0.01810994,-0.48769334
47.80000000,2,body3,-0.62178690,1.07696927,-13.46818648,0.06788921,-0.11758729,-0.03086516
47.80000000,3,body4,-1.41595465,-1.60151825,-15.82791523,0.07401889,0.16442183,-0.48769385
47.85000000,0,body1,-0.11060820,0.19157712,-14.92143647,0.07621286,-0.13200438,-0.19158292
47.85000000,1,body2,2.08589781,0.42638389,-15.85226936,-0.18180687,0.01795200,-0.48633654
47.85000000,2,body3,-0.61838107,1.07107020,-13.46974631,0.06834307,-0.11837337,-0.03153493
47.85000000,3,body4,-1.41221993,-1.59324686,-15.85226610,0.07535679,0.16642323,-0.48633707
47.90000000,0,body1,-0.10676730,0.18492450,-14.93111753,0.07742096,-0.13409691,-0.19565753
47.90000000,1,body2,2.07674931,0.42727831,-15.87655189,-0.18411854,0.01783119,-0.48496227
47.90000000,2,body3,-0.61495272,1.06513212,-13.47134066,0.06879023,-0.11914784,-0.03224616
47.90000000,3,body4,-1.40842026,-1.58487690,-15.87654868,0.07661726,0.16836477,-0.48496281
47.95000000,0,body1,-0.10286631,0.17816779,-14.94100200,0.07861657,-0.13616779,-0.19971862
47.95000000,1,body2,2.06748741,0.42816758,-15.90076526,-0.18634374,0.01774561,-0.48357042
47.95000000,2,body3,-0.61150217,1.05915559,-13.47297162,0.06923090,-0.11991109,-0.03299929
47.95000000,3,body4,-1.40455943,-1.57641131,-15.90076212,0.07780398,0.17024905,-0.48357098
48.00000000,0,body1,-0.09890585,0.17130807,-14.95108917,0.07979998,-0.13821755,-0.20376588
48.00000000,1,body2,2.05811634,0.42905342,-15.92490859,-0.18848630,0.01769350,-0.48216082
48.00000000,2,body3,-0.60802975,1.05314118,-13.47464130,0.06966534,-0.12066354,-0.03379484
48.00000000,3,body4,-1.40064103,-1.56785289,-15.92490553,0.07892040,0.17207849,-0.48216140
48.05000000,0,body1,-0.09488651,0.16434638,-14.96137835,0.08097147,-0.14024667,-0.20779911
48.05000000,1,body2,2.04864012,0.42993746,-15.94898100,-0.19054984,0.01767322,-0.48073327
48.05000000,2,body3,-0.60453576,1.04708940,-13.47635182,0.07009380,-0.12140564,-0.03463330
48.05000000,3,body4,-1.39666850,-1.55920432,-15.94897800,0.07996973,0.17385542,-0.48073387
48.10000000,0,body1,-0.09080890,0.15728374,-14.97186884,0.08213131,-0.14225560,-0.21181826
48.10000000,1,body2,2.03906263,0.43082125,-15.97298157,-0.19253776,0.01768328,-0.47928750
48.10000000,2,body3,-0.60102049,1.04100076,-13.47810535,0.07051655,-0.12213785,-0.03551526
48.10000000,3,body4,-1.39264512,-1.55046817,-15.97297865,0.08095499,0.17558204,-0.47928811
48.15000000,0,body1,-0.08667357,0.15012115,-14.98255994,0.08327974,-0.14424477,-0.21582337
48.15000000,1,body2,2.02938757,0.43170627,-15.99690939,-0.19445326,0.01772230,-0.47782319
48.15000000,2,body3,-0.59748422,1.03487576,-13.47990408,0.07093387,-0.12286065,-0.03644132
48.15000000,3,body4,-1.38857401,-1.54164690,-15.99690655,0.08187895,0.17726041,-0.47782381
48.20000000,0,body1,-0.08248111,0.14285959,-14.99345095,0.08441699,-0.14621456,-0.21981458
48.20000000,1,body2,2.01961849,0.43259395,-16.02076353,-0.19629933,0.01778902,-0.47633996
48.20000000,2,body3,-0.59392721,1.02871483,-13.48175023,0.07134606,-0.12357457,-0.03741215
48.20000000,3,body4,-1.38445818,-1.53274288,-16.02076077,0.08274423,0.17889251,-0.47634060
48.25000000,0,body1,-0.07823206,0.13550001,-15.00454117,0.08554325,-0.14816535,-0.22379208
48.25000000,1,body2,2.00975878,0.43348562,-16.04454302,-0.19807879,0.01788228,-0.47483741
48.25000000,2,body3,-0.59034972,1.02251842,-13.48364606,0.07175342,-0.12428012,-0.03842850
48.25000000,3,body4,-1.38030051,-1.52375837,-16.04454034,0.08355320,0.18048020,-0.47483805
48.30000000,0,body1,-0.07392696,0.12804337,-15.01582993,0.08665874,-0.15009745,-0.22775615
48.30000000,1,body2,1.99981170,0.43438261,-16.06824688,-0.19979427,0.01800104,-0.47331505
48.30000000,2,body3,-0.58675198,1.01628693,-13.48559385,0.07215626,-0.12497786,-0.03949117
48.30000000,3,body4,-1.37610375,-1.51469555,-16.06824430,0.08430809,0.18202523,-0.47331570
48.35000000,0,body1,-0.06956636,0.12049057,-15.02731657,0.08776361,-0.15201119,-0.23170708
48.35000000,1,body2,1.98978040,0.43528615,-16.09187413,-0.20144822,0.01814438,-0.47177237
48.35000000,2,body3,-0.58313420,1.01002074,-13.48759596,0.07255492,-0.12566835,-0.04060106
48.35000000,3,body4,-1.37187055,-1.50555652,-16.09187163,0.08501095,0.18352925,-0.47177303
48.40000000,0,body1,-0.06515078,0.11284255,-15.03900043,0.08885804,-0.15390682,-0.23564524
48.40000000,1,body2,1.97966789,0.43619745,-16.11542371,-0.20304293,0.01831143,-0.47020878
48.40000000,2,body3,-0.57949659,1.00372018,-13.48965476,0.07294973,-0.12635218,-0.04175914
48.40000000,3,body4,-1.36760346,-1.49634327,-16.11542131,0.08566364,0.18499385,-0.47020945
48.45000000,0,body1,-0.06068073,0.10510019,-15.05088088,0.08994216,-0.15578461,-0.23957099
48.45000000,1,body2,1.96947709,0.43711769,-16.13889459,-0.20458055,0.01850146,-0.46862367
48.45000000,2,body3,-0.57583933,0.99738560,-13.49177270,0.07334105,-0.12702994,-0.04296648
48.45000000,3,body4,-1.36330496,-1.48705775,-16.13889227,0.08626789,0.18642048,-0.46862435
48.50000000,0,body1,-0.05615673,0.09726438,-15.06295733,0.09101610,-0.15764476,-0.24348472
48.50000000,1,body2,1.95921079,0.43804798,-16.16228565,-0.20606306,0.01871380,-0.46701635
48.50000000,2,body3,-0.57216258,0.99101726,-13.49395225,0.07372922,-0.12770228,-0.04422425
48.50000000,3,body4,-1.35897743,-1.47770181,-16.16228344,0.08682526,0.18781055,-0.46701704
48.55000000,0,body1,-0.05157929,0.08933600,-15.07522916,0.09207997,-0.15948746,-0.24738685
48.55000000,1,body2,1.94887170,0.43898945,-16.18559577,-0.20749233,0.01894789,-0.46538609
48.55000000,2,body3,-0.56846650,0.98461542,-13.49619598,0.07411464,-0.12836984,-0.04553371
48.55000000,3,body4,-1.35462316,-1.46827726,-16.18559366,0.08733718,0.18916538,-0.46538678
48.60000000,0,body1,-0.04694890,0.08131592,-15.08769582,0.09313385,-0.16131286,-0.25127777
48.60000000,1,body2,1.93846245,0.43994315,-16.20882380,-0.20887006,0.01920321,-0.46373208
48.60000000,2,body3,-0.56475120,0.97818031,-13.49850651,0.07449767,-0.12903328,-0.04689625
48.60000000,3,body4,-1.35024441,-1.45878582,-16.20882178,0.08780493,0.19048620,-0.46373278
48.65000000,0,body1,-0.04226607,0.07320500,-15.10035676,0.09417780,-0.16312108,-0.25515791
48.65000000,1,body2,1.92798556,0.44091014,-16.23196850,-0.21019785,0.01947936,-0.46205349
48.65000000,2,body3,-0.56101681,0.97171212,-13.50088652,0.07487874,-0.12969330,-0.04831336
48.65000000,3,body4,-1.34584335,-1.44922917,-16.23196660,0.08822969,0.19177418,-0.46205419
48.70000000,0,body1,-0.03753128,0.06500410,-15.11321144,0.09521188,-0.16491218,-0.25902765
48.70000000,1,body2,1.91744351,0.44189145,-16.25502865,-0.21147717,0.01977598,-0.46034940
48.70000000,2,body3,-0.55726341,0.96521100,-13.50333878,0.07525823,-0.13035061,-0.04978667
48.70000000,3,body4,-1.34142210,-1.43960891,-16.25502685,0.08861248,0.19303043,-0.46035010
48.75000000,0,body1,-0.03274504,0.05671407,-15.12625936,0.09623610,-0.16668622,-0.26288739
48.75000000,1,body2,1.90683867,0.44288809,-16.27800293,-0.21270939,0.02009280,-0.45861883
48.75000000,2,body3,-0.55349106,0.95867706,-13.50586615,0.07563660,-0.13100596,-0.05131794
48.75000000,3,body4,-1.33698275,-1.42992661,-16.27800124,0.08895422,0.19425598,-0.45861954
48.80000000,0,body1,-0.02790784,0.04833576,-15.13950002,0.09725046,-0.16844318,-0.26673750
48.80000000,1,body2,1.89617337,0.44390109,-16.30089000,-0.21389573,0.02042961,-0.45686075
48.80000000,2,body3,-0.54969982,0.95211039,-13.50847157,0.07601428,-0.13166013,-0.05290905
48.80000000,3,body4,-1.33252731,-1.42018379,-16.30088842,0.08925571,0.19545180,-0.45686145
48.85000000,0,body1,-0.02302016,0.03987004,-15.15293295,0.09825494,-0.17018301,-0.27057833
48.85000000,1,body2,1.88544988,0.44493142,-16.32368845,-0.21503736,0.02078628,-0.45507404
48.85000000,2,body3,-0.54588970,0.94551102,-13.51115809,0.07639173,-0.13231390,-0.05456205
48.85000000,3,body4,-1.32805779,-1.41038189,-16.32368699,0.08951765,0.19661882,-0.45507475
48.90000000,0,body1,-0.01808251,0.03131775,-15.16655770,0.09924946,-0.17190560,-0.27441020
48.90000000,1,body2,1.87467041,0.44598007,-16.34639682,-0.21613530,0.02116271,-0.45325753
48.90000000,2,body3,-0.54206071,0.93887895,-13.51392884,0.07676943,-0.13296811,-0.05627913
48.90000000,3,body4,-1.32357615,-1.40052235,-16.34639548,0.08974063,0.19775790,-0.45325824
48.95000000,0,body1,-0.01309538,0.02267977,-15.18037383,0.10023393,-0.17361078,-0.27823340
48.95000000,1,body2,1.86383711,0.44704805,-16.36901360,-0.21719051,0.02155889,-0.45140998
48.95000000,2,body3,-0.53821281,0.93221415,-13.51678711,0.07714789,-0.13362363,-0.05806264
48.95000000,3,body4,-1.31908432,-1.39060653,-16.36901238,0.08992514,0.19886984,-0.45141068
49.00000000,0,body1,-0.00805929,0.01395697,-15.19438090,0.10120823,-0.17529835,-0.28204818
49.00000000,1,body2,1.85295210,0.44813633,-16.39153719,-0.21820382,0.02197485,-0.44953004
49.00000000,2,body3,-0.53434597,0.92551651,-13.51973626,0.07752763,-0.13428137,-0.05991513
49.00000000,3,body4,-1.31458421,-1.38063578,-16.39153610,0.09007157,0.19995539,-0.44953074
49.05000000,0,body1,-0.00297473,0.00515023,-15.20857851,0.10217219,-0.17696800,-0.28585476
49.05000000,1,body2,1.84201746,0.44924590,-16.41396595,-0.21917601,0.02241070,-0.44761632
49.05000000,2,body3,-0.53046009,0.91878591,-13.52277981,0.07790919,-0.13494226,-0.06183929
49.05000000,3,body4,-1.31007773,-1.37061140,-16.41396498,0.09018022,0.20101527,-0.44761702
49.10000000,0,body1,0.00215776,-0.00373953,-15.22296625,0.10312559,-0.17861937,-0.28965329
49.10000000,1,body2,1.83103523,0.45037777,-16.43629814,-0.22010773,0.02286657,-0.44566732
49.10000000,2,body3,-0.52655509,0.91202217,-13.52592143,0.07829314,-0.13560730,-0.06383802
49.10000000,3,body4,-1.30556676,-1.36053464,-16.43629730,0.09025129,0.20205012,-0.44566801
49.15000000,0,body1,0.00733765,-0.01271139,-15.23754371,0.10406818,-0.18025202,-0.29344388
49.15000000,1,body2,1.82000741,0.45153293,-16.45853197,-0.22099959,0.02334266,-0.44368147
49.15000000,2,body3,-0.52263081,0.90522505,-13.52916491,0.07868008,-0.13627751,-0.06591444
49.15000000,3,body4,-1.30105317,-1.35040676,-16.45853126,0.09028491,0.20306056,-0.44368215
49.20000000,0,body1,0.01256439,-0.02176441,-15.25231050,0.10499966,-0.18186540,-0.29722660
49.20000000,1,body2,1.80893598,0.45271242,-16.48066555,-0.22185207,0.02383924,-0.44165709
49.20000000,2,body3,-0.51868710,0.89839427,-13.53251422,0.07907062,-0.13695397,-0.06807184
49.20000000,3,body4,-1.29653883,-1.34022896,-16.48066497,0.09028111,0.20404714,-0.44165777
49.25000000,0,body1,0.01783742,-0.03089760,-15.26726624,0.10591965,-0.18345889,-0.30100143
49.25000000,1,body2,1.79782291,0.45391725,-16.50269691,-0.22266559,0.02435660,-0.43959242
49.25000000,2,body3,-0.51472377,0.89152948,-13.53597350,0.07946543,-0.13763782,-0.07031377
49.25000000,3,body4,-1.29202562,-1.33000241,-16.50269647,0.09023983,0.20501037,-0.43959309
49.30000000,0,body1,0.02315616,-0.04010996,-15.28241051,0.10682772,-0.18503175,-0.30476827
49.30000000,1,body2,1.78667012,0.45514847,-16.52462399,-0.22344051,0.02489508,-0.43748561
49.30000000,2,body3,-0.51074057,0.88463029,-13.53954707,0.07986519,-0.13833023,-0.07264399
49.30000000,3,body4,-1.28751541,-1.31972827,-16.52462368,0.09016096,0.20595073,-0.43748627
49.35000000,0,body1,0.02851999,-0.04940042,-15.29774293,0.10772338,-0.18658310,-0.30852698
49.35000000,1,body2,1.77547956,0.45640716,-16.54644463,-0.22417708,0.02545508,-0.43533468
49.35000000,2,body3,-0.50673725,0.87769624,-13.54323944,0.08027061,-0.13903246,-0.07506651
49.35000000,3,body4,-1.28301008,-1.30940768,-16.54644446,0.09004427,0.20686864,-0.43533533
49.40000000,0,body1,0.03392828,-0.05876789,-15.31326307,0.10860606,-0.18811196,-0.31227731
49.40000000,1,body2,1.76425312,0.45769439,-16.56815658,-0.22487547,0.02603703,-0.43313756
49.40000000,2,body3,-0.50271350,0.87072680,-13.54705533,0.08068245,-0.13974582,-0.07758559
49.40000000,3,body4,-1.27851154,-1.29904175,-16.56815655,0.08988949,0.20776447,-0.43313820
49.45000000,0,body1,0.03938036,-0.06821122,-15.32897051,0.10947509,-0.18961718,-0.31601890
49.45000000,1,body2,1.75299271,0.45901128,-16.58975747,-0.22553581,0.02664141,-0.43089208
49.45000000,2,body3,-0.49866898,0.86372139,-13.55099968,0.08110151,-0.14047167,-0.08020576
49.45000000,3,body4,-1.27402170,-1.28863156,-16.58975759,0.08969625,0.20863856,-0.43089271
49.50000000,0,body1,0.04487555,-0.07772919,-15.34486481,0.11032972,-0.19109746,-0.31975133
49.50000000,1,body2,1.74170024,0.46035897,-16.61124483,-0.22615810,0.02726873,-0.42859595
49.50000000,2,body3,-0.49460332,0.85667934,-13.55507767,0.08152861,-0.14121147,-0.08293182
49.50000000,3,body4,-1.26954249,-1.27817821,-16.61124509,0.08946413,0.20949117,-0.42859656
49.55000000,0,body1,0.05041308,-0.08732053,-15.36094549,0.11116909,-0.19255133,-0.32347404
49.55000000,1,body2,1.73037760,0.46173860,-16.63261607,-0.22674232,0.02791954,-0.42624676
49.55000000,2,body3,-0.49051608,0.84959993,-13.55929472,0.08196464,-0.14196672,-0.08576886
49.55000000,3,body4,-1.26507586,-1.26768277,-16.63261647,0.08919262,0.21032255,-0.42624736
49.60000000,0,body1,0.05599219,-0.09698386,-15.37721204,0.11199225,-0.19397708,-0.32718634
49.60000000,1,body2,1.71902671,0.46315137,-16.65386846,-0.22728834,0.02859440,-0.42384199
49.60000000,2,body3,-0.48640680,0.84248232,-13.56365650,0.08241052,-0.14273902,-0.08872226
49.60000000,3,body4,-1.26062381,-1.25714627,-16.65386902,0.08888119,0.21113287,-0.42384257
49.65000000,0,body1,0.06161202,-0.10671774,-15.39366393,0.11279808,-0.19537284,-0.33088744
49.65000000,1,body2,1.70764948,0.46459850,-16.67499918,-0.22779595,0.02929392,-0.42137901
49.65000000,2,body3,-0.48227496,0.83532564,-13.56816898,0.08286721,-0.14353006,-0.09179769
49.65000000,3,body4,-1.25618834,-1.24656979,-16.67499988,0.08852920,0.21192227,-0.42137958
49.70000000,0,body1,0.06727168,-0.11652061,-15.41030058,0.11358536,-0.19673647,-0.33457637
49.70000000,1,body2,1.69624784,0.46608124,-16.69600523,-0.22826489,0.03001871,-0.41885507
49.70000000,2,body3,-0.47812000,0.82812891,-13.57283840,0.08333572,-0.14434158,-0.09500112
49.70000000,3,body4,-1.25177149,-1.23595436,-16.69600608,0.08813598,0.21269081,-0.41885562
49.75000000,0,body1,0.07297022,-0.12639081,-15.42712135,0.11435270,-0.19806555,-0.33825203
49.75000000,1,body2,1.68482372,0.46760086,-16.71688349,-0.22869482,0.03076940,-0.41626731
49.75000000,2,body3,-0.47394130,0.82089104,-13.57767133,0.08381713,-0.14517543,-0.09833884
49.75000000,3,body4,-1.24737535,-1.22530101,-16.71688451,0.08770083,0.21343851,-0.41626783
49.80000000,0,body1,0.07870660,-0.13632654,-15.44412554,0.11509855,-0.19935741,-0.34191314
49.80000000,1,body2,1.67337910,0.46915868,-16.73763072,-0.22908531,0.03154662,-0.41361275
49.80000000,2,body3,-0.46973818,0.81361089,-13.58267463,0.08431254,-0.14603354,-0.10181742
49.80000000,3,body4,-1.24300203,-1.21461081,-16.73763188,0.08722298,0.21416533,-0.41361326
49.85000000,0,body1,0.08447969,-0.14632588,-15.46131240,0.11582117,-0.20060903,-0.34555825
49.85000000,1,body2,1.66191594,0.47075603,-16.75824348,-0.22943587,0.03235100,-0.41088833
49.85000000,2,body3,-0.46550992,0.80628718,-13.58785553,0.08482312,-0.14691793,-0.10544373
49.85000000,3,body4,-1.23865369,-1.20388479,-16.75824480,0.08670165,0.21487115,-0.41088881
49.90000000,0,body1,0.09028829,-0.15638672,-15.47868107,0.11651861,-0.20181705,-0.34918569
49.90000000,1,body2,1.65043627,0.47239430,-16.77871820,-0.22974595,0.03318314,-0.40809089
49.90000000,2,body3,-0.46125573,0.79891855,-13.59322159,0.08535009,-0.14783070,-0.10922492
49.90000000,3,body4,-1.23433251,-1.19312400,-16.77871968,0.08613603,0.21555579,-0.40809135
49.95000000,0,body1,0.09613110,-0.16650679,-15.49623064,0.11718873,-0.20297774,-0.35279361
49.95000000,1,body2,1.63894212,0.47407488,-16.79905116,-0.23001492,0.03404361,-0.40521718
49.95000000,2,body3,-0.45697475,0.79150352,-13.59878073,0.08589471,-0.14877404,-0.11316839
49.95000000,3,body4,-1.23004074,-1.18232952,-16.79905280,0.08552532,0.21621900,-0.40521762
50.00000000,0,body1,0.10200667,-0.17668363,-15.51396007,0.11782914,-0.20408696,-0.35637992
50.00000000,1,body2,1.62743557,0.47579920,-16.81923845,-0.23024209,0.03493295,-0.40226393
50.00000000,2,body3,-0.45266608,0.78404051,-13.60454126,0.08645829,-0.14975022,-0.11728178
50.00000000,3,body4,-1.22578065,-1.17150242,-16.81924025,0.08486871,0.21686044,-0.40226434
50.05000000,0,body1,0.10791347,-0.18691455,-15.53186823,0.11843717,-0.20514011,-0.35994229
50.05000000,1,body2,1.61591871,0.47756873,-16.83927603,-0.23042671,0.03585162,-0.39922779
50.05000000,2,body3,-0.44832873,0.77652783,-13.61051187,0.08704218,-0.15076157,-0.12157289
50.05000000,3,body4,-1.22155455,-1.16064380,-16.83927799,0.08416543,0.21747970,-0.39922818
50.10000000,0,body1,0.11384980,-0.19719663,-15.54995386,0.11900992,-0.20613213,-0.36347815
50.10000000,1,body2,1.60439371,0.47938492,-16.85915966,-0.23056798,0.03679999,-0.39610544
50.10000000,2,body3,-0.44396165,0.76896364,-13.61670164,0.08764776,-0.15181051,-0.12604968
50.10000000,3,body4,-1.21736479,-1.14975477,-16.85916177,0.08341474,0.21807628,-0.39610580
50.15000000,0,body1,0.11981382,-0.20752666,-15.56821556,0.11954416,-0.20705746,-0.36698467
50.15000000,1,body2,1.59286275,0.48124929,-16.87888494,-0.23066506,0.03777834,-0.39289358
50.15000000,2,body3,-0.43956372,0.76134602,-13.62312006,0.08827645,-0.15289947,-0.13072017
50.15000000,3,body4,-1.21321377,-1.13883650,-16.87888722,0.08261600,0.21864956,-0.39289391
50.20000000,0,body1,0.12580352,-0.21790116,-15.58665179,0.12003637,-0.20791000,-0.37045875
50.20000000,1,body2,1.58132806,0.48316332,-16.89844732,-0.23071705,0.03878679,-0.38958899
50.20000000,2,body3,-0.43513375,0.75367290,-13.62977702,0.08892969,-0.15403094,-0.13559235
50.20000000,3,body4,-1.20910390,-1.12789016,-16.89844977,0.08176865,0.21919885,-0.38958929
50.25000000,0,body1,0.13181669,-0.22831633,-15.60526084,0.12048271,-0.20868307,-0.37389700
50.25000000,1,body2,1.56979191,0.48512853,-16.91784209,-0.23072305,0.03982530,-0.38618856
50.25000000,2,body3,-0.43067048,0.74594209,-13.63668279,0.08960891,-0.15520742,-0.14067410
50.25000000,3,body4,-1.20503761,-1.11691697,-16.91784470,0.08087226,0.21972334,-0.38618883
50.30000000,0,body1,0.13785095,-0.23876802,-15.62404083,0.12087899,-0.20936945,-0.37729577
50.30000000,1,body2,1.55825664,0.48714642,-16.93706438,-0.23068212,0.04089366,-0.38268941
50.30000000,2,body3,-0.42617257,0.73815127,-13.64384805,0.09031553,-0.15643136,-0.14597306
50.30000000,3,body4,-1.20101738,-1.10591820,-16.93706715,0.07992657,0.22022212,-0.38268965
50.35000000,0,body1,0.14390368,-0.24925170,-15.64298969,0.12122071,-0.20996131,-0.38065113
50.35000000,1,body2,1.54672460,0.48921846,-16.95610919,-0.23059335,0.04199139,-0.37908888
50.35000000,2,body3,-0.42163861,0.73029802,-13.65128384,0.09105095,-0.15770519,-0.15149646
50.35000000,3,body4,-1.19704567,-1.09489515,-16.95611213,0.07893151,0.22069415,-0.37908909
50.40000000,0,body1,0.14997203,-0.25976244,-15.66210515,0.12150300,-0.21045025,-0.38395886
50.40000000,1,body2,1.53519822,0.49134610,-16.97497139,-0.23045584,0.04311775,-0.37538471
50.40000000,2,body3,-0.41706714,0.72237979,-13.65900155,0.09181652,-0.15903121,-0.15725099
50.40000000,3,body4,-1.19312494,-1.08384919,-16.97497449,0.07788728,0.22113828,-0.37538488
50.45000000,0,body1,0.15605291,-0.27029486,-15.68138471,0.12172069,-0.21082729,-0.38721450
50.45000000,1,body2,1.52367996,0.49353076,-16.99364575,-0.23026871,0.04427169,-0.37157503
50.45000000,2,body3,-0.41245661,0.71439390,-13.66701289,0.09261347,-0.16041161,-0.16324254
50.45000000,3,body4,-1.18925764,-1.07278174,-16.99364901,0.07679436,0.22155325,-0.37157517
50.50000000,0,body1,0.16214294,-0.28084315,-15.70082565,0.12186829,-0.21108293,-0.39041338
50.50000000,1,body2,1.51217231,0.49577377,-17.01212695,-0.23003120,0.04545183,-0.36765857
50.50000000,2,body3,-0.40780542,0.70633758,-13.67532984,0.09344295,-0.16184834,-0.16947607
50.50000000,3,body4,-1.18544619,-1.06169431,-17.01213038,0.07565357,0.22193766,-0.36765867
50.55000000,0,body1,0.16823847,-0.29140097,-15.72042502,0.12194003,-0.21120718,-0.39355061
50.55000000,1,body2,1.50067781,0.49807641,-17.03040965,-0.22974259,0.04665636,-0.36363468
50.55000000,2,body3,-0.40311193,0.69820799,-13.68396459,0.09430594,-0.16334312,-0.17595527
50.55000000,3,body4,-1.18169294,-1.05058845,-17.03041325,0.07446609,0.22229004,-0.36363475
50.60000000,0,body1,0.17433557,-0.30196150,-15.74017960,0.12192993,-0.21118967,-0.39662114
50.60000000,1,body2,1.48919902,0.50043985,-17.04848847,-0.22940233,0.04788307,-0.35950351
50.60000000,2,body3,-0.39837444,0.69000218,-13.69292950,0.09520324,-0.16489731,-0.18268236
50.60000000,3,body4,-1.17800021,-1.03946580,-17.04849223,0.07323359,0.22260876,-0.35950355
50.65000000,0,body1,0.18043000,-0.31251739,-15.76008594,0.12183183,-0.21101973,-0.39961986
50.65000000,1,body2,1.47773856,0.50286512,-17.06635807,-0.22901002,0.04912927,-0.35526614
50.65000000,2,body3,-0.39359121,0.68171715,-13.70223697,0.09613539,-0.16651188,-0.18965779
50.65000000,3,body4,-1.17437018,-1.02832809,-17.06636199,0.07195817,0.22289216,-0.35526614
50.70000000,0,body1,0.18651719,-0.32306075,-15.78014030,0.12163948,-0.21068656,-0.40254162
50.70000000,1,body2,1.46629901,0.50535312,-17.08401319,-0.22856542,0.05039181,-0.35092464
50.70000000,2,body3,-0.38876050,0.67334987,-13.71189939,0.09710267,-0.16818728,-0.19687995
50.70000000,3,body4,-1.17080494,-1.01717713,-17.08401727,0.07064247,0.22313844,-0.35092461
50.75000000,0,body1,0.19259227,-0.33358315,-15.80033873,0.12134667,-0.21017938,-0.40538132
50.75000000,1,body2,1.45488301,0.50790458,-17.10144869,-0.22806858,0.05166699,-0.34648226
50.75000000,2,body3,-0.38388055,0.66489729,-13.72192901,0.09810502,-0.16992342,-0.20434488
50.75000000,3,body4,-1.16730643,-1.00601482,-17.10145293,0.06928968,0.22334580,-0.34648220
50.80000000,0,body1,0.19865008,-0.34407562,-15.82067699,0.12094732,-0.20948766,-0.40813405
50.80000000,1,body2,1.44349315,0.51052003,-17.11865965,-0.22751975,0.05295065,-0.34194352
50.80000000,2,body3,-0.37894962,0.65635641,-13.73233781,0.09914198,-0.17171952,-0.21204604
50.80000000,3,body4,-1.16387641,-0.99484316,-17.11866405,0.06790357,0.22351238,-0.34194342
50.85000000,0,body1,0.20468513,-0.35452867,-15.84115061,0.12043560,-0.20860131,-0.41079512
50.85000000,1,body2,1.43213201,0.51319977,-17.13564137,-0.22691954,0.05423809,-0.33731427
50.85000000,2,body3,-0.37396599,0.64772425,-13.74313739,0.10021271,-0.17357409,-0.21997403
50.85000000,3,body4,-1.16051644,-0.98366422,-17.13564593,0.06648848,0.22363634,-0.33731413
50.90000000,0,body1,0.21069168,-0.36493235,-15.86175490,0.11980613,-0.20751101,-0.41336026
50.90000000,1,body2,1.42080216,0.51594388,-17.15238952,-0.22626882,0.05552416,-0.33260179
50.90000000,2,body3,-0.36892801,0.63899795,-13.75433879,0.10131588,-0.17548486,-0.22811647
50.90000000,3,body4,-1.15722784,-0.97248019,-17.15239424,0.06504934,0.22371589,-0.33260161
50.95000000,0,body1,0.21666370,-0.37527623,-15.88248497,0.11905409,-0.20620842,-0.41582566
50.95000000,1,body2,1.40950608,0.51875214,-17.16890014,-0.22556886,0.05680328,-0.32781479
50.95000000,2,body3,-0.36383409,0.63017477,-13.76595236,0.10244970,-0.17744870,-0.23645781
50.95000000,3,body4,-1.15401169,-0.96129333,-17.16890502,0.06359158,0.22374932,-0.32781457
51.00000000,0,body1,0.22259497,-0.38554953,-15.90333575,0.11817544,-0.20468653,-0.41818814
51.00000000,1,body2,1.39824620,0.52162406,-17.18516976,-0.22482125,0.05806952,-0.32296341
51.00000000,2,body3,-0.35868277,0.62125215,-13.77798758,0.10361184,-0.17946160,-0.24497937
51.00000000,3,body4,-1.15086877,-0.95010598,-17.18517479,0.06212115,0.22373503,-0.32296316
51.05000000,0,body1,0.22847908,-0.39574114,-15.92430203,0.11716702,-0.20293987,-0.42044522
51.05000000,1,body2,1.38702484,0.52455884,-17.20119543,-0.22402796,0.05931668,-0.31805915
51.05000000,2,body3,-0.35347268,0.61222775,-13.79045294,0.10479950,-0.18151870,-0.25365937
51.05000000,3,body4,-1.14779956,-0.93892056,-17.20120062,0.06064441,0.22367165,-0.31805887
51.10000000,0,body1,0.23430948,-0.40583971,-15.94537849,0.11602676,-0.20096485,-0.42259526
51.10000000,1,body2,1.37584425,0.52755537,-17.21697484,-0.22319130,0.06053840,-0.31311477
51.10000000,2,body3,-0.34820265,0.60309952,-13.80335575,0.10600938,-0.18361428,-0.26247315
51.10000000,3,body4,-1.14480420,-0.92773957,-17.21698017,0.05916801,0.22355799,-0.31311445
51.15000000,0,body1,0.24007954,-0.41583379,-15.96655976,0.11475375,-0.19875991,-0.42463749
51.15000000,1,body2,1.36470652,0.53061222,-17.23250631,-0.22231391,0.06172831,-0.30814409
51.15000000,2,body3,-0.34287165,0.59386567,-13.81670203,0.10723771,-0.18574181,-0.27139342
51.15000000,3,body4,-1.14188252,-0.91656554,-17.23251179,0.05769880,0.22339315,-0.30814374
51.20000000,0,body1,0.24578265,-0.42571188,-15.98784044,0.11334839,-0.19632572,-0.42657208
51.20000000,1,body2,1.35361362,0.53372764,-17.24778889,-0.22139874,0.06288011,-0.30316181
51.20000000,2,body3,-0.33747885,0.58452480,-13.83049637,0.10848032,-0.18789409,-0.28039073
51.20000000,3,body4,-1.13903396,-0.90540104,-17.24779451,0.05624370,0.22317654,-0.30316142
51.25000000,0,body1,0.25141220,-0.43546259,-16.00921519,0.11181241,-0.19366531,-0.42840019
51.25000000,1,body2,1.34256735,0.53689956,-17.26282238,-0.22044897,0.06398776,-0.29818320
51.25000000,2,body3,-0.33202366,0.57507586,-13.84474187,0.10973271,-0.19006329,-0.28943393
51.25000000,3,body4,-1.13625767,-0.89424868,-17.26282815,0.05480952,0.22290788,-0.29818277
51.30000000,0,body1,0.25696176,-0.44507473,-16.03067872,0.11014893,-0.19078405,-0.43012389
51.30000000,1,body2,1.33156937,0.54012565,-17.27760737,-0.21946798,0.06504561,-0.29322385
51.30000000,2,body3,-0.32650570,0.56551821,-13.85944000,0.11099012,-0.19224117,-0.29849082
51.30000000,3,body4,-1.13355243,-0.88311104,-17.27761328,0.05340287,0.22258729,-0.29322339
51.35000000,0,body1,0.26242505,-0.45453744,-16.05222589,0.10836237,-0.18768961,-0.43174619
51.35000000,1,body2,1.32062115,0.54340327,-17.29214519,-0.21845926,0.06604850,-0.28829932
51.35000000,2,body3,-0.32092485,0.55585162,-13.87459063,0.11224761,-0.19441921,-0.30752875
51.35000000,3,body4,-1.13091670,-0.87199073,-17.29215124,0.05202995,0.22221521,-0.28829883
51.40000000,0,body1,0.26779604,-0.46384030,-16.07385171,0.10645842,-0.18439185,-0.43327093
51.40000000,1,body2,1.30972398,0.54672957,-17.30643797,-0.21742640,0.06699192,-0.28342485
51.40000000,2,body3,-0.31528123,0.54607631,-13.89019202,0.11350021,-0.19658877,-0.31651536
51.40000000,3,body4,-1.12834866,-0.86089029,-17.30644416,0.05069646,0.22179247,-0.28342432
51.45000000,0,body1,0.27306904,-0.47297343,-16.09555143,0.10444390,-0.18090256,-0.43470264
51.45000000,1,body2,1.29887898,0.55010147,-17.32048859,-0.21637292,0.06787206,-0.27861502
51.45000000,2,body3,-0.30957521,0.53619291,-13.90624079,0.11474299,-0.19874131,-0.32541920
51.45000000,3,body4,-1.12584620,-0.84981223,-17.32049491,0.04940747,0.22132024,-0.27861446
51.50000000,0,body1,0.27823872,-0.48192759,-16.11732051,0.10232659,-0.17723525,-0.43604650
51.50000000,1,body2,1.28808710,0.55351573,-17.33430062,-0.21530229,0.06868588,-0.27388348
51.50000000,2,body3,-0.30380739,0.52620248,-13.92273206,0.11597116,-0.20086855,-0.33421039
51.50000000,3,body4,-1.12340698,-0.83875899,-17.33430707,0.04816733,0.22080000,-0.27388289
51.55000000,0,body1,0.28330013,-0.49069424,-16.13915471,0.10011505,-0.17340473,-0.43730812
51.55000000,1,body2,1.27734911,0.55696898,-17.34787829,-0.21421782,0.06943118,-0.26924271
51.55000000,2,body3,-0.29797862,0.51610648,-13.93965948,0.11718019,-0.20296263,-0.34286113
51.55000000,3,body4,-1.12102847,-0.82773292,-17.34788487,0.04697961,0.22023352,-0.26924210
51.60000000,0,body1,0.28824880,-0.49926561,-16.16105005,0.09781843,-0.16942684,-0.43849341
51.60000000,1,body2,1.26666562,0.56045775,-17.36122644,-0.21312264,0.07010657,-0.26470385
51.60000000,2,body3,-0.29208996,0.50590677,-13.95701541,0.11836585,-0.20501623,-0.35134624
51.60000000,3,body4,-1.11870798,-0.81673629,-17.36123313,0.04584708,0.21962280,-0.26470320
51.65000000,0,body1,0.29308071,-0.50763474,-16.18300288,0.09544622,-0.16531803,-0.43960847
51.65000000,1,body2,1.25603710,0.56397852,-17.37435039,-0.21201959,0.07071145,-0.26027651
51.65000000,2,body3,-0.28614269,0.49560553,-13.97479097,0.11952432,-0.20702274,-0.35964342
51.65000000,3,body4,-1.11644270,-0.80577127,-17.37435720,0.04477168,0.21897002,-0.26027583
51.70000000,0,body1,0.29779233,-0.51579551,-16.20500983,0.09300808,-0.16109502,-0.44065940
51.70000000,1,body2,1.24546387,0.56752778,-17.38725593,-0.21091128,0.07124601,-0.25596873
51.70000000,2,body3,-0.28013825,0.48520526,-13.99297630,0.12065221,-0.20897628,-0.36773355
51.70000000,3,body4,-1.11422973,-0.79483988,-17.38726286,0.04375455,0.21827750,-0.25596802
51.75000000,0,body1,0.30238058,-0.52374261,-16.22706785,0.09051361,-0.15677446,-0.44165221
51.75000000,1,body2,1.23494614,0.57110202,-17.39994921,-0.20979997,0.07171109,-0.25178693
51.75000000,2,body3,-0.27407823,0.47470875,-14.01156061,0.12174660,-0.21087179,-0.37560077
51.75000000,3,body4,-1.11206616,-0.78394406,-17.39995625,0.04279608,0.21754766,-0.25178620
51.80000000,0,body1,0.30684291,-0.53147160,-16.24917418,0.08797222,-0.15237262,-0.44259267
51.80000000,1,body2,1.22448400,0.57469781,-17.41243666,-0.20868763,0.07210818,-0.24773598
51.80000000,2,body3,-0.26796439,0.46411900,-14.03053245,0.12280506,-0.21270506,-0.38323247
51.80000000,3,body4,-1.10994904,-0.77308562,-17.41244381,0.04189599,0.21678292,-0.24773522
51.85000000,0,body1,0.31117717,-0.53897878,-16.27132634,0.08539292,-0.14790513,-0.44348627
51.85000000,1,body2,1.21407748,0.57831180,-17.42472490,-0.20757592,0.07243927,-0.24381920
51.85000000,2,body3,-0.26179856,0.45343922,-14.04987978,0.12382562,-0.21447271,-0.39061925
51.85000000,3,body4,-1.10787549,-0.76226624,-17.42473215,0.04105337,0.21598573,-0.24381841
51.90000000,0,body1,0.31538171,-0.54626126,-16.29352211,0.08278426,-0.14338677,-0.44433812
51.90000000,1,body2,1.20372649,0.58194074,-17.43682070,-0.20646618,0.07270680,-0.24003853
51.90000000,2,body3,-0.25558268,0.44267276,-14.06959018,0.12480682,-0.21617216,-0.39775469
51.90000000,3,body4,-1.10584267,-0.75148748,-17.43682806,0.04026677,0.21515847,-0.24003772
51.95000000,0,body1,0.31945524,-0.55331684,-16.31575953,0.08015419,-0.13883134,-0.44515289
51.95000000,1,body2,1.19343092,0.58558152,-17.44873089,-0.20535948,0.07291354,-0.23639462
51.95000000,2,body3,-0.24931875,0.43182306,-14.08965099,0.12574758,-0.21780158,-0.40463515
51.95000000,3,body4,-1.10384781,-0.74075079,-17.44873835,0.03953435,0.21430344,-0.23639379
52.00000000,0,body1,0.32339689,-0.56014399,-16.33803685,0.07751004,-0.13425151,-0.44593482
52.00000000,1,body2,1.18319059,0.58923118,-17.46046230,-0.20425660,0.07306252,-0.23288697
52.00000000,2,body3,-0.24300880,0.42089367,-14.11004943,0.12664727,-0.21935986,-0.41125951
52.00000000,3,body4,-1.10188827,-0.73005749,-17.46046985,0.03885386,0.21342284,-0.23288611
52.05000000,0,body1,0.32720612,-0.56674178,-16.36035253,0.07485844,-0.12965879,-0.44668766
52.05000000,1,body2,1.17300530,0.59288692,-17.47202170,-0.20315809,0.07315692,-0.22951410
52.05000000,2,body3,-0.23665490,0.40988816,-14.13077269,0.12750561,-0.22084651,-0.41762885
52.05000000,3,body4,-1.09996150,-0.71940883,-17.47202934,0.03822282,0.21251873,-0.22951322
52.10000000,0,body1,0.33088271,-0.57310983,-16.38270519,0.07220535,-0.12506349,-0.44741472
52.10000000,1,body2,1.16287481,0.59654607,-17.48341578,-0.20206428,0.07320005,-0.22627370
52.10000000,2,body3,-0.23025912,0.39881010,-14.15180811,0.12832264,-0.22226162,-0.42374615
52.10000000,3,body4,-1.09806511,-0.70880592,-17.48342351,0.03763853,0.21159306,-0.22627279
52.15000000,0,body1,0.33442672,-0.57924824,-16.40509362,0.06955603,-0.12047473,-0.44811884
52.15000000,1,body2,1.15279889,0.60020617,-17.49465110,-0.20097531,0.07319523,-0.22316275
52.15000000,2,body3,-0.22382351,0.38766307,-14.17314318,0.12909868,-0.22360572,-0.42961600
52.15000000,3,body4,-1.09619682,-0.69824979,-17.49465891,0.03709819,0.21064761,-0.22316183
52.20000000,0,body1,0.33783846,-0.58515754,-16.42751673,0.06691509,-0.11590048,-0.44880245
52.20000000,1,body2,1.14277730,0.60386490,-17.50573403,-0.19989117,0.07314578,-0.22017770
52.20000000,2,body3,-0.21735011,0.37645059,-14.19476568,0.12983429,-0.22487980,-0.43524432
52.20000000,3,body4,-1.09435451,-0.68774140,-17.50574192,0.03659891,0.20968401,-0.22017676
52.25000000,0,body1,0.34111844,-0.59083864,-16.44997355,0.06428650,-0.11134761,-0.44946754
52.25000000,1,body2,1.13280979,0.60752011,-17.51667078,-0.19881168,0.07305494,-0.21731457
52.25000000,2,body3,-0.21084092,0.36517613,-14.21666371,0.13053021,-0.22608513,-0.44063805
52.25000000,3,body4,-1.09253620,-0.67728160,-17.51667874,0.03613781,0.20870376,-0.21731361
52.30000000,0,body1,0.34426737,-0.59629276,-16.47246321,0.06167364,-0.10682199,-0.45011578
52.30000000,1,body2,1.12289615,0.61116980,-17.52746732,-0.19773658,0.07292587,-0.21456907
52.30000000,2,body3,-0.20429792,0.35384309,-14.23882571,0.13118734,-0.22722329,-0.44580496
52.30000000,3,body4,-1.09074005,-0.66687122,-17.52747536,0.03571200,0.20770818,-0.21456809
52.35000000,0,body1,0.34728611,-0.60152138,-16.49498487,0.05907934,-0.10232852,-0.45074845
52.35000000,1,body2,1.11303616,0.61481215,-17.53812945,-0.19666549,0.07276161,-0.21193669
52.35000000,2,body3,-0.19772300,0.34245479,-14.26124056,0.13180673,-0.22829607,-0.45075340
52.35000000,3,body4,-1.08896437,-0.65651097,-17.53813756,0.03531869,0.20669849,-0.21193569
52.40000000,0,body1,0.35017565,-0.60652622,-16.51753781,0.05650594,-0.09787125,-0.45136658
52.40000000,1,body2,1.10322963,0.61844547,-17.54866268,-0.19559800,0.07256503,-0.20941280
52.40000000,2,body3,-0.19111803,0.33101444,-14.28389755,0.13238948,-0.22930538,-0.45549213
52.40000000,3,body4,-1.08720761,-0.64620153,-17.54867086,0.03495515,0.20567574,-0.20941178
52.45000000,0,body1,0.35293709,-0.61130916,-16.54012130,0.05395533,-0.09345345,-0.45197088
52.45000000,1,body2,1.09347639,0.62206821,-17.55907234,-0.19453359,0.07233889,-0.20699272
52.45000000,2,body3,-0.18448481,0.31952518,-14.30678643,0.13293676,-0.23025328,-0.46003015
52.45000000,3,body4,-1.08546833,-0.63594354,-17.55908058,0.03461877,0.20464089,-0.20699168
52.50000000,0,body1,0.35557159,-0.61587226,-16.56273467,0.05142899,-0.08907771,-0.45256187
52.50000000,1,body2,1.08377631,0.62567895,-17.56936350,-0.19347174,0.07208575,-0.20467178
52.50000000,2,body3,-0.17782509,0.30799001,-14.32989738,0.13344981,-0.23114187,-0.46437656
52.50000000,3,body4,-1.08374524,-0.62573758,-17.56937179,0.03430704,0.20359475,-0.20467073
52.55000000,0,body1,0.35808041,-0.62021767,-16.58537727,0.04892808,-0.08474600,-0.45313982
52.55000000,1,body2,1.07412927,0.62927642,-17.57954098,-0.19241188,0.07180804,-0.20244536
52.55000000,2,body3,-0.17114055,0.29641185,-14.35322104,0.13392987,-0.23197332,-0.46854044
52.55000000,3,body4,-1.08203717,-0.61558419,-17.57954934,0.03401759,0.20253806,-0.20244429
52.60000000,0,body1,0.36046484,-0.62434762,-16.60804844,0.04645343,-0.08045976,-0.45370487
52.60000000,1,body2,1.06453518,0.63285943,-17.58960942,-0.19135345,0.07150799,-0.20030893
52.60000000,2,body3,-0.16443280,0.28479350,-14.37674853,0.13437816,-0.23274976,-0.47253080
52.60000000,3,body4,-1.08034307,-0.60548389,-17.58961783,0.03374820,0.20147143,-0.20030784
52.65000000,0,body1,0.36272620,-0.62826442,-16.63074754,0.04400559,-0.07621997,-0.45425695
52.65000000,1,body2,1.05499399,0.63642692,-17.59957320,-0.19029585,0.07118771,-0.19825809
52.65000000,2,body3,-0.15770340,0.27313766,-14.40047138,0.13479594,-0.23347334,-0.47635644
52.65000000,3,body4,-1.07866198,-0.59543716,-17.59958165,0.03349674,0.20039540,-0.19825699
52.70000000,0,body1,0.36486585,-0.63197040,-16.65347392,0.04158491,-0.07202723,-0.45479592
52.70000000,1,body2,1.04550566,0.63997793,-17.60943648,-0.18923850,0.07084912,-0.19628860
52.70000000,2,body3,-0.15095386,0.26144692,-14.42438157,0.13518441,-0.23414616,-0.48002597
52.70000000,3,body4,-1.07699306,-0.58544445,-17.60944499,0.03326127,0.19931044,-0.19628748
52.75000000,0,body1,0.36688514,-0.63546793,-16.67622691,0.03919154,-0.06788179,-0.45532149
52.75000000,1,body2,1.03607021,0.64351159,-17.61920324,-0.18818082,0.07049402,-0.19439635
52.75000000,2,body3,-0.14418559,0.24972376,-14.44847151,0.13554476,-0.23477027,-0.48354769
52.75000000,3,body4,-1.07533555,-0.57550621,-17.61921179,0.03303993,0.19821693,-0.19439522
52.80000000,0,body1,0.36878546,-0.63875937,-16.69900584,0.03682546,-0.06378361,-0.45583330
52.80000000,1,body2,1.02668766,0.64702712,-17.62887724,-0.18712224,0.07012405,-0.19257743
52.80000000,2,body3,-0.13739998,0.23797058,-14.47273401,0.13587813,-0.23534766,-0.48692963
52.80000000,3,body4,-1.07368879,-0.56562286,-17.62888583,0.03283102,0.19711520,-0.19257629
52.85000000,0,body1,0.37056814,-0.64184707,-16.72181000,0.03448652,-0.05973244,-0.45633092
52.85000000,1,body2,1.01735808,0.65052381,-17.63846205,-0.18606219,0.06974073,-0.19082811
52.85000000,2,body3,-0.13059836,0.22618965,-14.49716227,0.13618564,-0.23588024,-0.49017948
52.85000000,3,body4,-1.07205220,-0.55579479,-17.63847068,0.03263295,0.19600553,-0.19082695
52.90000000,0,body1,0.37223456,-0.64473339,-16.74463869,0.03217444,-0.05572780,-0.45681383
52.90000000,1,body2,1.00808154,0.65400103,-17.64796106,-0.18500015,0.06934543,-0.18914483
52.90000000,2,body3,-0.12378198,0.21438318,-14.52174988,0.13646834,-0.23636987,-0.49330460
52.90000000,3,body4,-1.07042528,-0.54602240,-17.64796972,0.03244423,0.19488814,-0.18914366
52.95000000,0,body1,0.37378603,-0.64742062,-16.76749113,0.02988889,-0.05176910,-0.45728151
52.95000000,1,body2,0.99885817,0.65745821,-17.65737748,-0.18393557,0.06893944,-0.18752421
52.95000000,2,body3,-0.11695207,0.20255327,-14.54649077,0.13672726,-0.23681830,-0.49631201
52.95000000,3,body4,-1.06880759,-0.53630607,-17.65738618,0.03226352,0.19376321,-0.18752303
53.00000000,0,body1,0.37522388,-0.64991105,-16.79036657,0.02762942,-0.04785559,-0.45773336
53.00000000,1,body2,0.98968809,0.66089485,-17.66671438,-0.18286796,0.06852392,-0.18596306
53.00000000,2,body3,-0.11010978,0.19070193,-14.57137923,0.13696336,-0.23722721,-0.49920839
53.00000000,3,body4,-1.06719876,-0.52664617,-17.66672310,0.03208955,0.19263089,-0.18596187
53.05000000,0,body1,0.37654940,-0.65220692,-16.81326420,0.02539557,-0.04398643,-0.45816878
53.05000000,1,body2,0.98057148,0.66431050,-17.67597464,-0.18179684,0.06809993,-0.18445837
53.05000000,2,body3,-0.10325624,0.17883110,-14.59640986,0.13717756,-0.23759820,-0.50200008
53.05000000,3,body4,-1.06559848,-0.51704307,-17.67598339,0.03192116,0.19149129,-0.18445716
53.10000000,0,body1,0.37776385,-0.65431042,-16.83618317,0.02318680,-0.04016073,-0.45858714
53.10000000,1,body2,0.97150853,0.66770475,-17.68516102,-0.18072173,0.06766844,-0.18300728
53.10000000,2,body3,-0.09639252,0.16694263,-14.62157759,0.13737074,-0.23793277,-0.50469309
53.10000000,3,body4,-1.06400651,-0.50749713,-17.68516980,0.03175726,0.19034449,-0.18300606
53.15000000,0,body1,0.37886849,-0.65622370,-16.85912261,0.02100256,-0.03637752,-0.45898779
53.15000000,1,body2,0.96249943,0.67107726,-17.69427614,-0.17964220,0.06723035,-0.18160711
53.15000000,2,body3,-0.08951964,0.15503832,-14.64687762,0.13754372,-0.23823235,-0.50729311
53.15000000,3,body4,-1.06242265,-0.49800871,-17.69428493,0.03159688,0.18919056,-0.18160589
53.20000000,0,body1,0.37986451,-0.65794886,-16.88208164,0.01884229,-0.03263581,-0.45937008
53.20000000,1,body2,0.95354444,0.67442772,-17.70332246,-0.17855783,0.06678646,-0.18025535
53.20000000,2,body3,-0.08263861,0.14311988,-14.67230544,0.13769727,-0.23849829,-0.50980550
53.20000000,3,body4,-1.06084673,-0.48857816,-17.70333128,0.03143909,0.18802954,-0.18025411
53.25000000,0,body1,0.38075311,-0.65948796,-16.90505931,0.01670540,-0.02893460,-0.45973335
53.25000000,1,body2,0.94464378,0.67775585,-17.71230236,-0.17746822,0.06633752,-0.17894961
53.25000000,2,body3,-0.07575036,0.13118896,-14.69785680,0.13783213,-0.23873185,-0.51223535
53.25000000,3,body4,-1.05927866,-0.47920585,-17.71231119,0.03128307,0.18686145,-0.17894836
53.30000000,0,body1,0.38153543,-0.66084298,-16.92805465,0.01459130,-0.02527287,-0.46007696
53.30000000,1,body2,0.93579775,0.68106143,-17.72121807,-0.17637298,0.06588419,-0.17768766
53.30000000,2,body3,-0.06885583,0.11924714,-14.72352768,0.13794899,-0.23893424,-0.51458745
53.30000000,3,body4,-1.05771836,-0.46989211,-17.72122692,0.03112802,0.18568630,-0.17768641
53.35000000,0,body1,0.38221261,-0.66201588,-16.95106666,0.01249940,-0.02164959,-0.46040024
53.35000000,1,body2,0.92700663,0.68434424,-17.73007174,-0.17527176,0.06542709,-0.17646742
53.35000000,2,body3,-0.06195588,0.10729596,-14.74931432,0.13804849,-0.23910655,-0.51686631
53.35000000,3,body4,-1.05616581,-0.46063731,-17.73008060,0.03097326,0.18450408,-0.17646615
53.40000000,0,body1,0.38278573,-0.66300856,-16.97409432,0.01042913,-0.01806378,-0.46070256
53.40000000,1,body2,0.91827072,0.68760411,-17.73886540,-0.17416422,0.06496678,-0.17528690
53.40000000,2,body3,-0.05505138,0.09533690,-14.77521317,0.13813123,-0.23924984,-0.51907619
53.40000000,3,body4,-1.05462100,-0.45144180,-17.73887427,0.03081811,0.18331478,-0.17528563
53.45000000,0,body1,0.38325587,-0.66382287,-16.99713656,0.00837993,-0.01451446,-0.46098327
53.45000000,1,body2,0.90959035,0.69084090,-17.74760099,-0.17305003,0.06450377,-0.17414427
53.45000000,2,body3,-0.04814315,0.08337137,-14.80122086,0.13819778,-0.23936508,-0.52122110
53.45000000,3,body4,-1.05308397,-0.44230594,-17.74760987,0.03066198,0.18211837,-0.17414299
53.50000000,0,body1,0.38362407,-0.66446060,-17.02019228,0.00635125,-0.01100067,-0.46124176
53.50000000,1,body2,0.90096586,0.69405448,-17.75628036,-0.17192890,0.06403852,-0.17303780
53.50000000,2,body3,-0.04123199,0.07140077,-14.82733426,0.13824866,-0.23945319,-0.52330482
53.50000000,3,body4,-1.05155479,-0.43323007,-17.75628924,0.03050431,0.18091483,-0.17303650
53.55000000,0,body1,0.38389133,-0.66492351,-17.04326035,0.00434254,-0.00752148,-0.46147740
53.55000000,1,body2,0.89239761,0.69724474,-17.76490528,-0.17080053,0.06357146,-0.17196585
53.55000000,2,body3,-0.03431866,0.05942642,-14.85355038,0.13828436,-0.23951502,-0.52533091
53.55000000,3,body4,-1.05003354,-0.42421456,-17.76491416,0.03034459,0.17970412,-0.17196454
53.60000000,0,body1,0.38405864,-0.66521331,-17.06633963,0.00235330,-0.00407601,-0.46168961
53.60000000,1,body2,0.88388596,0.70041162,-17.77347743,-0.16966466,0.06310298,-0.17092690
53.60000000,2,body3,-0.02740392,0.04744962,-14.87986644,0.13830535,-0.23955135,-0.52730271
53.60000000,3,body4,-1.04852034,-0.41525977,-17.77348631,0.03018236,0.17848620,-0.17092559
53.65000000,0,body1,0.38412697,-0.66533166,-17.08942891,0.00038304,-0.00066342,-0.46187779
53.65000000,1,body2,0.87543130,0.70355505,-17.78199843,-0.16852104,0.06263342,-0.16991953
53.65000000,2,body3,-0.02048848,0.03547163,-14.90627980,0.13831204,-0.23956292,-0.52922337
53.65000000,3,body4,-1.04701532,-0.40636605,-17.78200731,0.03001719,0.17726103,-0.16991821
53.70000000,0,body1,0.38409726,-0.66528019,-17.11252700,-0.00156872,0.00271713,-0.46204137
53.70000000,1,body2,0.86703402,0.70667498,-17.79046982,-0.16736944,0.06216311,-0.16894238
53.70000000,2,body3,-0.01357306,0.02349367,-14.93278798,0.13830482,-0.23955041,-0.53109588
53.70000000,3,body4,-1.04551864,-0.39753378,-17.79047870,0.02984867,0.17602857,-0.16894106
53.75000000,0,body1,0.38397040,-0.66506047,-17.13563263,-0.00350241,0.00606639,-0.46217980
53.75000000,1,body2,0.85869452,0.70977137,-17.79889309,-0.16620962,0.06169233,-0.16799421
53.75000000,2,body3,-0.00665834,0.01151692,-14.95938863,0.13828407,-0.23951445,-0.53292301
53.75000000,3,body4,-1.04403048,-0.38876331,-17.79890196,0.02967646,0.17478876,-0.16799288
53.80000000,0,body1,0.38374731,-0.66467406,-17.15874455,-0.00541847,0.00938509,-0.46229255
53.80000000,1,body2,0.85041322,0.71284423,-17.80726965,-0.16504139,0.06122135,-0.16707382
53.80000000,2,body3,0.00025502,-0.00045746,-14.98607957,0.13825012,-0.23945563,-0.53470741
53.80000000,3,body4,-1.04255103,-0.38005502,-17.80727851,0.02950021,0.17354157,-0.16707248
53.85000000,0,body1,0.38342884,-0.66412246,-17.18186145,-0.00731727,0.01267392,-0.46237910
53.85000000,1,body2,0.84219054,0.71589353,-17.81560086,-0.16386456,0.06075041,-0.16618012
53.85000000,2,body3,0.00716635,-0.01242834,-15.01285870,0.13820328,-0.23937448,-0.53645156
53.85000000,3,body4,-1.04108050,-0.37140927,-17.81560972,0.02931962,0.17228694,-0.16617877
53.90000000,0,body1,0.38301586,-0.66340715,-17.20498201,-0.00919920,0.01593353,-0.46243894
53.90000000,1,body2,0.83402692,0.71891929,-17.82388803,-0.16267894,0.06027973,-0.16531205
53.90000000,2,body3,0.01407503,-0.02439461,-15.03972409,0.13814383,-0.23927150,-0.53815778
53.90000000,3,body4,-1.03961912,-0.36282644,-17.82389688,0.02913442,0.17102484,-0.16531070
53.95000000,0,body1,0.38250920,-0.66252958,-17.22810489,-0.01106461,0.01916450,-0.46247158
53.95000000,1,body2,0.82592281,0.72192153,-17.83213242,-0.16148437,0.05980951,-0.16446865
53.95000000,2,body3,0.02098043,-0.03635519,-15.06667389,0.13807204,-0.23914715,-0.53982827
53.95000000,3,body4,-1.03816712,-0.35430691,-17.83214125,0.02894434,0.16975522,-0.16446729
54.00000000,0,body1,0.38190967,-0.66149117,-17.25122871,-0.01291380,0.02236741,-0.46247658
54.00000000,1,body2,0.81787865,0.72490028,-17.84033523,-0.16028070,0.05933993,-0.16364898
54.00000000,2,body3,0.02788193,-0.04830903,-15.09370636,0.13798815,-0.23900183,-0.54146511
54.00000000,3,body4,-1.03672475,-0.34585105,-17.84034406,0.02874917,0.16847803,-0.16364762
54.05000000,0,body1,0.38121808,-0.66029330,-17.27435208,-0.01474709,0.02554276,-0.46245348
54.05000000,1,body2,0.80989490,0.72785556,-17.84849764,-0.15906779,0.05887115,-0.16285220
54.05000000,2,body3,0.03477894,-0.06025509,-15.12081987,0.13789237,-0.23883593,-0.54307024
54.05000000,3,body4,-1.03529227,-0.33745924,-17.84850645,0.02854868,0.16719324,-0.16285082
54.10000000,0,body1,0.38043522,-0.65893735,-17.29747358,-0.01656474,0.02869102,-0.46240185
54.10000000,1,body2,0.80197203,0.73078743,-17.85662077,-0.15784551,0.05840331,-0.16207748
54.10000000,2,body3,0.04167088,-0.07219234,-15.14801288,0.13778491,-0.23864980,-0.54464550
54.10000000,3,body4,-1.03386995,-0.32913186,-17.85662956,0.02834268,0.16590081,-0.16207610
54.15000000,0,body1,0.37956187,-0.65742465,-17.32059178,-0.01836700,0.03181263,-0.46232129
54.15000000,1,body2,0.79411051,0.73369593,-17.86470570,-0.15661374,0.05793656,-0.16132406
54.15000000,2,body3,0.04855715,-0.08411979,-15.17528395,0.13766596,-0.23844375,-0.54619262
54.15000000,3,body4,-1.03245808,-0.32086929,-17.86471446,0.02813101,0.16460071,-0.16132267
54.20000000,0,body1,0.37859878,-0.65575652,-17.34370522,-0.02015410,0.03490799,-0.46221140
54.20000000,1,body2,0.78631082,0.73658112,-17.87275347,-0.15537239,0.05747100,-0.16059123
54.20000000,2,body3,0.05543719,-0.09603644,-15.20263170,0.13753566,-0.23821806,-0.54771323
54.20000000,3,body4,-1.03105693,-0.31267192,-17.87276222,0.02791350,0.16329290,-0.16058984
54.25000000,0,body1,0.37754671,-0.65393428,-17.36681243,-0.02192624,0.03797744,-0.46207182
54.25000000,1,body2,0.77857343,0.73944307,-17.88076510,-0.15412135,0.05700676,-0.15987832
54.25000000,2,body3,0.06231044,-0.10794133,-15.23005486,0.13739418,-0.23797299,-0.54920886
54.25000000,3,body4,-1.02966681,-0.30454014,-17.88077383,0.02769002,0.16197736,-0.15987691
54.30000000,0,body1,0.37640640,-0.65195920,-17.38991190,-0.02368362,0.04102130,-0.46190221
54.30000000,1,body2,0.77089885,0.74228184,-17.88874158,-0.15286054,0.05654391,-0.15918468
54.30000000,2,body3,0.06917633,-0.11983348,-15.25755220,0.13724163,-0.23770877,-0.55068095
54.30000000,3,body4,-1.02828802,-0.29647432,-17.88875027,0.02746045,0.16065406,-0.15918327
54.35000000,0,body1,0.37517859,-0.64983257,-17.41300214,-0.02542638,0.04403986,-0.46170222
54.35000000,1,body2,0.76328754,0.74509750,-17.89668384,-0.15158990,0.05608254,-0.15850972
54.35000000,2,body3,0.07603433,-0.13171194,-15.28512258,0.13707815,-0.23742561,-0.55213087
54.35000000,3,body4,-1.02692086,-0.28847487,-17.89669251,0.02722467,0.15932298,-0.15850830
54.40000000,0,body1,0.37386400,-0.64755564,-17.43608161,-0.02715467,0.04703336,-0.46147155
54.40000000,1,body2,0.75574002,0.74789013,-17.90459281,-0.15030935,0.05562274,-0.15785288
54.40000000,2,body3,0.08288388,-0.14357577,-15.31276493,0.13690383,-0.23712367,-0.55355988
54.40000000,3,body4,-1.02556564,-0.28054217,-17.90460145,0.02698258,0.15798410,-0.15785146
54.45000000,0,body1,0.37246336,-0.64512965,-17.45914878,-0.02886862,0.05000200,-0.46120992
54.45000000,1,body2,0.74825676,0.75065982,-17.91246938,-0.14901885,0.05516455,-0.15721363
54.45000000,2,body3,0.08972445,-0.15542405,-15.34047824,0.13671877,-0.23680313,-0.55496921
54.45000000,3,body4,-1.02422269,-0.27267660,-17.91247799,0.02673412,0.15663742,-0.15721220
54.50000000,0,body1,0.37097738,-0.64255585,-17.48220209,-0.03056832,0.05294599,-0.46091705
54.50000000,1,body2,0.74083829,0.75340663,-17.92031441,-0.14771836,0.05470805,-0.15659148
54.50000000,2,body3,0.09655550,-0.16725583,-15.36826155,0.13652304,-0.23646412,-0.55635996
54.50000000,3,body4,-1.02289233,-0.26487857,-17.92032300,0.02647921,0.15528292,-0.15659004
54.55000000,0,body1,0.36940676,-0.63983546,-17.50523996,-0.03225387,0.05586545,-0.46059268
54.55000000,1,body2,0.73348509,0.75613067,-17.92812876,-0.14640784,0.05425327,-0.15598594
54.55000000,2,body3,0.10337650,-0.17907020,-15.39611395,0.13631672,-0.23610675,-0.55773322
54.55000000,3,body4,-1.02157487,-0.25714846,-17.92813731,0.02621779,0.15392060,-0.15598450
54.60000000,0,body1,0.36775223,-0.63696971,-17.52826083,-0.03392534,0.05876051,-0.46023661
54.60000000,1,body2,0.72619766,0.75883200,-17.93591324,-0.14508727,0.05380025,-0.15539659
54.60000000,2,body3,0.11018691,-0.19086624,-15.42403459,0.13609985,-0.23573112,-0.55908997
54.60000000,3,body4,-1.02027065,-0.24948666,-17.93592176,0.02594982,0.15255046,-0.15539514
54.65000000,0,body1,0.36601446,-0.63395981,-17.55126309,-0.03558277,0.06163127,-0.45984860
54.65000000,1,body2,0.71897651,0.76151074,-17.94366865,-0.14375664,0.05334903,-0.15482301
54.65000000,2,body3,0.11698623,-0.20264305,-15.45202268,0.13587249,-0.23533733,-0.56043115
54.65000000,3,body4,-1.01897999,-0.24189356,-17.94367713,0.02567527,0.15117251,-0.15482155
54.70000000,0,body1,0.36419418,-0.63080698,-17.57424515,-0.03722621,0.06447780,-0.45942848
54.70000000,1,body2,0.71182215,0.76416695,-17.95139576,-0.14241595,0.05289963,-0.15426480
54.70000000,2,body3,0.12377391,-0.21439972,-15.48007746,0.13563469,-0.23492543,-0.56175763
54.70000000,3,body4,-1.01770323,-0.23436956,-17.95140420,0.02539411,0.14978675,-0.15426333
54.75000000,0,body1,0.36229208,-0.62751244,-17.59720540,-0.03885567,0.06730013,-0.45897607
54.75000000,1,body2,0.70473507,0.76680074,-17.95909534,-0.14106521,0.05245207,-0.15372160
54.75000000,2,body3,0.13054945,-0.22613534,-15.50819822,0.13538646,-0.23449548,-0.56307025
54.75000000,3,body4,-1.01644069,-0.22691504,-17.95910375,0.02510633,0.14839320,-0.15372012
54.80000000,0,body1,0.36030885,-0.62407737,-17.62014222,-0.04047118,0.07009828,-0.45849123
54.80000000,1,body2,0.69771577,0.76941220,-17.96676813,-0.13970443,0.05200635,-0.15319306
54.80000000,2,body3,0.13731232,-0.23784901,-15.53638427,0.13512783,-0.23404753,-0.56436975
54.80000000,3,body4,-1.01519271,-0.21953039,-17.96677649,0.02481193,0.14699188,-0.15319157
54.85000000,0,body1,0.35824519,-0.62050301,-17.64305398,-0.04207273,0.07287225,-0.45797382
54.85000000,1,body2,0.69076477,0.77200142,-17.97441485,-0.13833364,0.05156249,-0.15267886
54.85000000,2,body3,0.14406199,-0.24953983,-15.56463498,0.13485882,-0.23358159,-0.56565686
54.85000000,3,body4,-1.01395961,-0.21221601,-17.97442317,0.02451092,0.14558283,-0.15267737
54.90000000,0,body1,0.35610181,-0.61679055,-17.66593905,-0.04366031,0.07562202,-0.45742374
54.90000000,1,body2,0.68388255,0.77456850,-17.98203622,-0.13695287,0.05112048,-0.15217870
54.90000000,2,body3,0.15079796,-0.26120691,-15.59294976,0.13457945,-0.23309770,-0.56693224
54.90000000,3,body4,-1.01274172,-0.20497227,-17.98204450,0.02420333,0.14416606,-0.15217719
54.95000000,0,body1,0.35387939,-0.61294121,-17.68879581,-0.04523389,0.07834754,-0.45684089
54.95000000,1,body2,0.67706962,0.77711351,-17.98963292,-0.13556219,0.05068032,-0.15169228
54.95000000,2,body3,0.15751970,-0.27284934,-15.62132802,0.13428971,-0.23259586,-0.56819651
54.95000000,3,body4,-1.01153939,-0.19779956,-17.98964115,0.02388917,0.14274162,-0.15169076
55.00000000,0,body1,0.35157865,-0.60895620,-17.71162260,-0.04679343,0.08104876,-0.45622521
55.00000000,1,body2,0.67032647,0.77963657,-17.99720564,-0.13416163,0.05024198,-0.15121934
55.00000000,2,body3,0.16422669,-0.28446623,-15.64976923,0.13398960,-0.23207607,-0.56945024
55.00000000,3,body4,-1.01035292,-0.19069826,-17.99721383,0.02356849,0.14130955,-0.15121781
55.05000000,0,body1,0.34920028,-0.60483674,-17.73441778,-0.04833890,0.08372561,-0.45557664
55.05000000,1,body2,0.66365360,0.78213776,-18.00475504,-0.13275127,0.04980547,-0.15075963
55.05000000,2,body3,0.17091842,-0.29605668,-15.67827288,0.13367913,-0.23153832,-0.57069396
55.05000000,3,body4,-1.00918265,-0.18366876,-18.00476319,0.02324134,0.13986990,-0.15075809
55.10000000,0,body1,0.34674500,-0.60058405,-17.75717971,-0.04987025,0.08637798,-0.45489515
55.10000000,1,body2,0.65705148,0.78461716,-18.01228179,-0.13133119,0.04937075,-0.15031291
55.10000000,2,body3,0.17759437,-0.30761980,-15.70683847,0.13335830,-0.23098262,-0.57192816
55.10000000,3,body4,-1.00802890,-0.17671143,-18.01228988,0.02290777,0.13842273,-0.15031136
55.15000000,0,body1,0.34421350,-0.59619935,-17.77990675,-0.05138741,0.08900579,-0.45418072
55.15000000,1,body2,0.65052061,0.78707487,-18.01978652,-0.12990148,0.04893780,-0.14987896
55.15000000,2,body3,0.18425402,-0.31915468,-15.73546554,0.13302708,-0.23040893,-0.57315327
55.15000000,3,body4,-1.00689198,-0.16982664,-18.01979456,0.02256785,0.13696810,-0.14987741
55.20000000,0,body1,0.34160649,-0.59168388,-17.80259724,-0.05289032,0.09160891,-0.45343336
55.20000000,1,body2,0.64406146,0.78951098,-18.02726987,-0.12846222,0.04850658,-0.14945759
55.20000000,2,body3,0.19089685,-0.33066042,-15.76415365,0.13268547,-0.22981726,-0.57436971
55.20000000,3,body4,-1.00577222,-0.16301477,-18.02727786,0.02222166,0.13550607,-0.14945602
55.25000000,0,body1,0.33892470,-0.58703888,-17.82524953,-0.05437891,0.09418723,-0.45265309
55.25000000,1,body2,0.63767451,0.79192557,-18.03473246,-0.12701354,0.04807707,-0.14904860
55.25000000,2,body3,0.19752234,-0.34213613,-15.79290238,0.13233346,-0.22920756,-0.57557785
55.25000000,3,body4,-1.00466993,-0.15627619,-18.03474040,0.02186929,0.13403674,-0.14904701
55.30000000,0,body1,0.33616884,-0.58226558,-17.84786200,-0.05585310,0.09674061,-0.45183994
55.30000000,1,body2,0.63136022,0.79431873,-18.04217491,-0.12555555,0.04764921,-0.14865181
55.30000000,2,body3,0.20412997,-0.35358091,-15.82171131,0.13197103,-0.22857983,-0.57677801
55.30000000,3,body4,-1.00358540,-0.14961126,-18.04218279,0.02151082,0.13256017,-0.14865021
55.35000000,0,body1,0.33333963,-0.57736523,-17.87043298,-0.05731281,0.09926892,-0.45099396
55.35000000,1,body2,0.62511907,0.79669053,-18.04959782,-0.12408838,0.04722298,-0.14826707
55.35000000,2,body3,0.21071922,-0.36499385,-15.85058005,0.13159819,-0.22793405,-0.57797049
55.35000000,3,body4,-1.00251895,-0.14302033,-18.04960564,0.02114636,0.13107646,-0.14826546
55.40000000,0,body1,0.33043780,-0.57233910,-17.89296085,-0.05875796,0.10177200,-0.45011524
55.40000000,1,body2,0.61895150,0.79904106,-18.05700179,-0.12261218,0.04679833,-0.14789422
55.40000000,2,body3,0.21728957,-0.37637404,-15.87950823,0.13121490,-0.22727019,-0.57915556
55.40000000,3,body4,-1.00147087,-0.13650377,-18.05700955,0.02077602,0.12958572,-0.14789260
55.45000000,0,body1,0.32746408,-0.56718846,-17.91544396,-0.06018847,0.10424972,-0.44920384
55.45000000,1,body2,0.61285796,0.80137040,-18.06438741,-0.12112710,0.04637519,-0.14753314
55.45000000,2,body3,0.22384049,-0.38772059,-15.90849549,0.13082117,-0.22658824,-0.58033344
55.45000000,3,body4,-1.00044146,-0.13006191,-18.06439512,0.02039991,0.12808804,-0.14753150
55.50000000,0,body1,0.32441920,-0.56191456,-17.93788069,-0.06160424,0.10670191,-0.44825987
55.50000000,1,body2,0.60683889,0.80367862,-18.07175528,-0.11963330,0.04595354,-0.14718369
55.50000000,2,body3,0.23037146,-0.39903259,-15.93754146,0.13041700,-0.22588819,-0.58150433
55.50000000,3,body4,-0.99943099,-0.12369512,-18.07176292,0.02001818,0.12658356,-0.14718204
55.55000000,0,body1,0.32130391,-0.55651869,-17.96026941,-0.06300518,0.10912843,-0.44728344
55.55000000,1,body2,0.60089473,0.80596579,-18.07910596,-0.11813096,0.04553330,-0.14684577
55.55000000,2,body3,0.23688197,-0.41030913,-15.96664581,0.13000237,-0.22517004,-0.58266839
55.55000000,3,body4,-0.99843974,-0.11740371,-18.07911354,0.01963094,0.12507239,-0.14684411
55.60000000,0,body1,0.31811893,-0.55100215,-17.98260849,-0.06439121,0.11152911,-0.44627468
55.60000000,1,body2,0.59502589,0.80823198,-18.08644003,-0.11662028,0.04511442,-0.14651929
55.60000000,2,body3,0.24337149,-0.42154931,-15.99580819,0.12957729,-0.22443379,-0.58382576
55.60000000,3,body4,-0.99746799,-0.11118803,-18.08644754,0.01923836,0.12355468,-0.14651761
55.65000000,0,body1,0.31486503,-0.54536621,-18.00489634,-0.06576224,0.11390380,-0.44523371
55.65000000,1,body2,0.58923279,0.81047726,-18.09375806,-0.11510146,0.04469685,-0.14620414
55.65000000,2,body3,0.24983949,-0.43275223,-16.02502827,0.12914176,-0.22367945,-0.58497656
55.65000000,3,body4,-0.99651601,-0.10504840,-18.09376550,0.01884057,0.12203056,-0.14620245
55.70000000,0,body1,0.31154296,-0.53961220,-18.02713133,-0.06711817,0.11625236,-0.44416069
55.70000000,1,body2,0.58351583,0.81270169,-18.10106061,-0.11357470,0.04428052,-0.14590026
55.70000000,2,body3,0.25628545,-0.44391698,-16.05430573,0.12869580,-0.22290704,-0.58612085
55.70000000,3,body4,-0.99558404,-0.09898512,-18.10106799,0.01843774,0.12050020,-0.14589855
55.75000000,0,body1,0.30815347,-0.53374142,-18.04931187,-0.06845892,0.11857461,-0.44305576
55.75000000,1,body2,0.57787540,0.81490534,-18.10834825,-0.11204025,0.04386538,-0.14560758
55.75000000,2,body3,0.26270886,-0.45504265,-16.08364025,0.12823943,-0.22211659,-0.58725869
55.75000000,3,body4,-0.99467233,-0.09299852,-18.10835556,0.01803004,0.11896376,-0.14560585
55.80000000,0,body1,0.30469732,-0.52775518,-18.07143638,-0.06978440,0.12087043,-0.44191910
55.80000000,1,body2,0.57231188,0.81708826,-18.11562154,-0.11049834,0.04345136,-0.14532604
55.80000000,2,body3,0.26910919,-0.46612836,-16.11303150,0.12777267,-0.22130815,-0.58839010
55.80000000,3,body4,-0.99378113,-0.08708889,-18.11562878,0.01761763,0.11742144,-0.14532430
55.85000000,0,body1,0.30117529,-0.52165482,-18.09350326,-0.07109453,0.12313965,-0.44075087
55.85000000,1,body2,0.56682564,0.81925051,-18.12288103,-0.10894924,0.04303840,-0.14505561
55.85000000,2,body3,0.27548592,-0.47717319,-16.14247915,0.12729555,-0.22048177,-0.58951510
55.85000000,3,body4,-0.99291066,-0.08125652,-18.12288819,0.01720071,0.11587340,-0.14505385
55.90000000,0,body1,0.29758813,-0.51544166,-18.11551094,-0.07238923,0.12538214,-0.43955124
55.90000000,1,body2,0.56141702,0.82139213,-18.13012727,-0.10739320,0.04262645,-0.14479624
55.90000000,2,body3,0.28183854,-0.48817625,-16.17198290,0.12680812,-0.21963753,-0.59063366
55.90000000,3,body4,-0.99206114,-0.07550169,-18.13013436,0.01677946,0.11431987,-0.14479447
55.95000000,0,body1,0.29393662,-0.50911705,-18.13745786,-0.07366842,0.12759777,-0.43832040
55.95000000,1,body2,0.55608637,0.82351318,-18.13736082,-0.10583053,0.04221544,-0.14454792
55.95000000,2,body3,0.28816654,-0.49913666,-16.20154241,0.12631043,-0.21877553,-0.59174574
55.95000000,3,body4,-0.99123280,-0.06982467,-18.13736784,0.01635407,0.11276107,-0.14454613
56.00000000,0,body1,0.29022155,-0.50268233,-18.15934246,-0.07493202,0.12978640,-0.43705853
56.00000000,1,body2,0.55083402,0.82561370,-18.14458223,-0.10426152,0.04180531,-0.14431063
56.00000000,2,body3,0.29446939,-0.51005352,-16.23115736,0.12580255,-0.21789586,-0.59285128
56.00000000,3,body4,-0.99042582,-0.06422572,-18.14458917,0.01592474,0.11119721,-0.14430882
56.05000000,0,body1,0.28644368,-0.49613886,-18.18116320,-0.07617997,0.13194791,-0.43576581
56.05000000,1,body2,0.54566027,0.82769373,-18.15179206,-0.10268649,0.04139601,-0.14408436
56.05000000,2,body3,0.30074660,-0.52092597,-16.26082743,0.12528454,-0.21699865,-0.59395020
56.05000000,3,body4,-0.98964040,-0.05870509,-18.15179891,0.01549170,0.10962855,-0.14408253
56.10000000,0,body1,0.28260381,-0.48948800,-18.20291853,-0.07741219,0.13408219,-0.43444242
56.10000000,1,body2,0.54056541,0.82975332,-18.15899084,-0.10110577,0.04098748,-0.14386912
56.10000000,2,body3,0.30699766,-0.53175311,-16.29055227,0.12475649,-0.21608407,-0.59504239
56.10000000,3,body4,-0.98887673,-0.05326300,-18.15899762,0.01505514,0.10805535,-0.14386728
56.15000000,0,body1,0.27870272,-0.48273110,-18.22460694,-0.07862862,0.13618913,-0.43308855
56.15000000,1,body2,0.53554972,0.83179250,-18.16617914,-0.09951972,0.04057967,-0.14366492
56.15000000,2,body3,0.31322207,-0.54253410,-16.32033155,0.12421850,-0.21515226,-0.59612774
56.15000000,3,body4,-0.98813496,-0.04789968,-18.16618584,0.01461528,0.10647789,-0.14366306
56.20000000,0,body1,0.27474121,-0.47586954,-18.24622688,-0.07982921,0.13826861,-0.43170438
56.20000000,1,body2,0.53061346,0.83381131,-18.17335751,-0.09792869,0.04017253,-0.14347179
56.20000000,2,body3,0.31941933,-0.55326806,-16.35016493,0.12367069,-0.21420343,-0.59720613
56.20000000,3,body4,-0.98741527,-0.04261533,-18.17336412,0.01417236,0.10489646,-0.14346990
56.25000000,0,body1,0.27072007,-0.46890470,-18.26777687,-0.08101389,0.14032056,-0.43029008
56.25000000,1,body2,0.52575687,0.83580978,-18.18052650,-0.09633307,0.03976602,-0.14328973
56.25000000,2,body3,0.32558896,-0.56395417,-16.38005205,0.12311317,-0.21323780,-0.59827740
56.25000000,3,body4,-0.98671780,-0.03741015,-18.18053302,0.01372660,0.10331137,-0.14328783
56.30000000,0,body1,0.26664009,-0.46183795,-18.28925539,-0.08218262,0.14234487,-0.42884582
56.30000000,1,body2,0.52098016,0.83778794,-18.18768666,-0.09473326,0.03936010,-0.14311881
56.30000000,2,body3,0.33173048,-0.57459157,-16.40999255,0.12254609,-0.21225561,-0.59934140
56.30000000,3,body4,-0.98604267,-0.03228431,-18.18769309,0.01327824,0.10172294,-0.14311688
56.35000000,0,body1,0.26250207,-0.45467067,-18.31066096,-0.08333535,0.14434147,-0.42737177
56.35000000,1,body2,0.51628354,0.83974581,-18.19483856,-0.09312968,0.03895474,-0.14295904
56.35000000,2,body3,0.33784341,-0.58517946,-16.43998606,0.12196961,-0.21125713,-0.60039798
56.35000000,3,body4,-0.98539003,-0.02723797,-18.19484490,0.01282751,0.10013152,-0.14295710
56.40000000,0,body1,0.25830682,-0.44740426,-18.33199208,-0.08447204,0.14631027,-0.42586806
56.40000000,1,body2,0.51166719,0.84168343,-18.20198275,-0.09152277,0.03854990,-0.14281050
56.40000000,2,body3,0.34392728,-0.59571702,-16.47003222,0.12138389,-0.21024265,-0.60144695
56.40000000,3,body4,-0.98475998,-0.02227126,-18.20198900,0.01237466,0.09853748,-0.14280853
56.45000000,0,body1,0.25405514,-0.44004011,-18.35324727,-0.08559264,0.14825122,-0.42433486
56.45000000,1,body2,0.50713125,0.84360082,-18.20911979,-0.08991298,0.03814556,-0.14267321
56.45000000,2,body3,0.34998164,-0.60620347,-16.50013063,0.12078912,-0.20921251,-0.60248813
56.45000000,3,body4,-0.98415262,-0.01738432,-18.20912595,0.01191994,0.09694120,-0.14267122
56.50000000,0,body1,0.24974783,-0.43257961,-18.37442507,-0.08669712,0.15016425,-0.42277227
56.50000000,1,body2,0.50267586,0.84549801,-18.21625025,-0.08830078,0.03774172,-0.14254726
56.50000000,2,body3,0.35600604,-0.61663802,-16.53028090,0.12018552,-0.20816706,-0.60352136
56.50000000,3,body4,-0.98356804,-0.01257724,-18.21625631,0.01146359,0.09534308,-0.14254525
56.55000000,0,body1,0.24538570,-0.42502415,-18.39552401,-0.08778544,0.15204928,-0.42118043
56.55000000,1,body2,0.49830113,0.84737501,-18.22337470,-0.08668668,0.03733835,-0.14243269
56.55000000,2,body3,0.36200005,-0.62701992,-16.56048263,0.11957329,-0.20710667,-0.60454643
56.55000000,3,body4,-0.98300631,-0.00785010,-18.22338067,0.01100587,0.09374354,-0.14243066
56.60000000,0,body1,0.24096955,-0.41737514,-18.41654263,-0.08885757,0.15390628,-0.41955944
56.60000000,1,body2,0.49400715,0.84923186,-18.23049371,-0.08507117,0.03693547,-0.14232958
56.60000000,2,body3,0.36796324,-0.63734844,-16.59073540,0.11895269,-0.20603178,-0.60556318
56.60000000,3,body4,-0.98246749,-0.00320297,-18.23049957,0.01054702,0.09214303,-0.14232753
56.65000000,0,body1,0.23650021,-0.40963399,-18.43747947,-0.08991348,0.15573518,-0.41790937
56.65000000,1,body2,0.48979396,0.85106858,-18.23760785,-0.08345479,0.03653308,-0.14223799
56.65000000,2,body3,0.37389519,-0.64762286,-16.62103880,0.11832397,-0.20494282,-0.60657141
56.65000000,3,body4,-0.98195164,0.00136413,-18.23761361,0.01008732,0.09054201,-0.14223592
56.70000000,0,body1,0.23197848,-0.40180210,-18.45833308,-0.09095313,0.15753592,-0.41623030
56.70000000,1,body2,0.48566160,0.85288519,-18.24471770,-0.08183809,0.03613120,-0.14215800
56.70000000,2,body3,0.37979551,-0.65784249,-16.65139240,0.11768740,-0.20384028,-0.60757095
56.70000000,3,body4,-0.98145879,0.00585117,-18.24472336,0.00962702,0.08894098,-0.14215590
56.75000000,0,body1,0.22740517,-0.39388087,-18.47910202,-0.09197650,0.15930846,-0.41452229
56.75000000,1,body2,0.48161008,0.85468173,-18.25182384,-0.08022164,0.03572986,-0.14208967
56.75000000,2,body3,0.38566382,-0.66800667,-16.68179575,0.11704328,-0.20272466,-0.60856164
56.75000000,3,body4,-0.98098897,0.01025816,-18.25182940,0.00916637,0.08734042,-0.14208755
56.80000000,0,body1,0.22278110,-0.38587172,-18.49978483,-0.09298356,0.16105274,-0.41278535
56.80000000,1,body2,0.47763935,0.85645820,-18.25892686,-0.07860604,0.03532911,-0.14203307
56.80000000,2,body3,0.39149973,-0.67811474,-16.71224841,0.11639193,-0.20159650,-0.60954332
56.80000000,3,body4,-0.98054218,0.01458515,-18.25893231,0.00870565,0.08574089,-0.14203093
56.85000000,0,body1,0.21810708,-0.37777607,-18.52038007,-0.09397426,0.16276870,-0.41101951
56.85000000,1,body2,0.47374937,0.85821466,-18.26602734,-0.07699188,0.03492897,-0.14198828
56.85000000,2,body3,0.39730291,-0.68816611,-16.74274993,0.11573367,-0.20045638,-0.61051584
56.85000000,3,body4,-0.98011843,0.01883221,-18.26603269,0.00824510,0.08414293,-0.14198612
56.90000000,0,body1,0.21338395,-0.36959532,-18.54088630,-0.09494857,0.16445627,-0.40922476
56.90000000,1,body2,0.46994005,0.85995113,-18.27312588,-0.07537981,0.03452953,-0.14195537
56.90000000,2,body3,0.40307301,-0.69816018,-16.77329984,0.11506885,-0.19930491,-0.61147907
56.90000000,3,body4,-0.97971769,0.02299941,-18.27313112,0.00778501,0.08254711,-0.14195318
56.95000000,0,body1,0.20861250,-0.36133091,-18.56130207,-0.09590645,0.16611538,-0.40740106
56.95000000,1,body2,0.46621127,0.86166764,-18.28022308,-0.07377047,0.03413085,-0.14193439
56.95000000,2,body3,0.40880971,-0.70809641,-16.80389768,0.11439785,-0.19814271,-0.61243289
56.95000000,3,body4,-0.97933994,0.02708689,-18.28022821,0.00732562,0.08095404,-0.14193218
57.00000000,0,body1,0.20379357,-0.35298426,-18.58162592,-0.09684786,0.16774596,-0.40554837
57.00000000,1,body2,0.46256287,0.86336425,-18.28731952,-0.07216453,0.03373301,-0.14192541
57.00000000,2,body3,0.41451272,-0.71797427,-16.83454297,0.11372103,-0.19697046,-0.61337722
57.00000000,3,body4,-0.97898513,0.03109479,-18.28732454,0.00686720,0.07936433,-0.14192318
57.05000000,0,body1,0.19892799,-0.34455680,-18.60185642,-0.09777274,0.16934791,-0.40366662
57.05000000,1,body2,0.45899467,0.86504098,-18.29441582,-0.07056268,0.03333611,-0.14192848
57.05000000,2,body3,0.42018175,-0.72779328,-16.86523524,0.11303881,-0.19578884,-0.61431199
57.05000000,3,body4,-0.97865322,0.03502331,-18.29442073,0.00641001,0.07777864,-0.14192623
57.10000000,0,body1,0.19401658,-0.33604995,-18.62199210,-0.09868103,0.17092113,-0.40175571
57.10000000,1,body2,0.45550644,0.86669789,-18.30151257,-0.06896563,0.03294026,-0.14194364
57.10000000,2,body3,0.42581655,-0.73755299,-16.89597401,0.11235160,-0.19459858,-0.61523714
57.10000000,3,body4,-0.97834413,0.03887266,-18.30151736,0.00595431,0.07619762,-0.14194137
57.15000000,0,body1,0.18906016,-0.32746516,-18.64203150,-0.09957267,0.17246549,-0.39981553
57.15000000,1,body2,0.45209793,0.86833504,-18.30861039,-0.06737410,0.03254558,-0.14197094
57.15000000,2,body3,0.43141687,-0.74725299,-16.92675880,0.11165983,-0.19340043,-0.61615266
57.15000000,3,body4,-0.97805779,0.04264308,-18.30861506,0.00550036,0.07462197,-0.14196864
57.20000000,0,body1,0.18405959,-0.31880388,-18.66197316,-0.10044756,0.17398087,-0.39784595
57.20000000,1,body2,0.44876884,0.86995249,-18.31570987,-0.06578883,0.03215219,-0.14201039
57.20000000,2,body3,0.43698250,-0.75689290,-16.95758912,0.11096395,-0.19219515,-0.61705856
57.20000000,3,body4,-0.97779409,0.04633487,-18.31571443,0.00504843,0.07305239,-0.14200808
57.25000000,0,body1,0.17901569,-0.31006756,-18.68181560,-0.10130563,0.17546710,-0.39584680
57.25000000,1,body2,0.44551885,0.87155031,-18.32281163,-0.06421060,0.03176025,-0.14206202
57.25000000,2,body3,0.44251324,-0.76647238,-16.98846449,0.11026442,-0.19098355,-0.61795488
57.25000000,3,body4,-0.97755293,0.04994835,-18.32281607,0.00459876,0.07148962,-0.14205969
57.30000000,0,body1,0.17392931,-0.30125766,-18.70155735,-0.10214677,0.17692400,-0.39381793
57.30000000,1,body2,0.44234757,0.87312856,-18.32991628,-0.06264017,0.03136990,-0.14212584
57.30000000,2,body3,0.44800892,-0.77599114,-17.01938445,0.10956171,-0.18976645,-0.61884172
57.30000000,3,body4,-0.97733420,0.05348387,-18.32992060,0.00415161,0.06993441,-0.14212348
57.35000000,0,body1,0.16880130,-0.29237565,-18.72119690,-0.10297086,0.17835137,-0.39175914
57.35000000,1,body2,0.43925460,0.87468735,-18.33702442,-0.06107834,0.03098132,-0.14220182
57.35000000,2,body3,0.45346940,-0.78544892,-17.05034851,0.10885630,-0.18854467,-0.61971917
57.35000000,3,body4,-0.97713775,0.05694184,-18.33702862,0.00370723,0.06838752,-0.14219944
57.40000000,0,body1,0.16363251,-0.28342302,-18.74073276,-0.10377776,0.17974899,-0.38967022
57.40000000,1,body2,0.43623949,0.87622675,-18.34413667,-0.05952592,0.03059468,-0.14228994
57.40000000,2,body3,0.45889456,-0.79484552,-17.08135621,0.10814869,-0.18731908,-0.62058740
57.40000000,3,body4,-0.97696345,0.06032269,-18.34414074,0.00326588,0.06684976,-0.14228755
57.45000000,0,body1,0.15842381,-0.27440126,-18.76016341,-0.10456734,0.18111658,-0.38755096
57.45000000,1,body2,0.43330175,0.87774687,-18.35125362,-0.05798374,0.03021017,-0.14239017
57.45000000,2,body3,0.46428429,-0.80418076,-17.11240710,0.10743937,-0.18609053,-0.62144660
57.45000000,3,body4,-0.97681113,0.06362690,-18.35125757,0.00282780,0.06532193,-0.14238775
57.50000000,0,body1,0.15317607,-0.26531187,-18.77948734,-0.10533941,0.18245387,-0.38540111
57.50000000,1,body2,0.43044084,0.87924783,-18.35837589,-0.05645263,0.02982799,-0.14250243
57.50000000,2,body3,0.46963853,-0.81345451,-17.14350073,0.10672886,-0.18485992,-0.62229702
57.50000000,3,body4,-0.97668064,0.06685497,-18.35837971,0.00239324,0.06380486,-0.14250000
57.55000000,0,body1,0.14789016,-0.25615638,-18.79870301,-0.10609380,0.18376051,-0.38322045
57.55000000,1,body2,0.42765619,0.88072974,-18.36550407,-0.05493345,0.02944835,-0.14262665
57.55000000,2,body3,0.47495722,-0.82266670,-17.17463666,0.10601767,-0.18362812,-0.62313893
57.55000000,3,body4,-0.97657177,0.07000748,-18.36550777,0.00196245,0.06229937,-0.14262420
57.60000000,0,body1,0.14256698,-0.24693633,-18.81780887,-0.10683029,0.18503616,-0.38100872
57.60000000,1,body2,0.42494719,0.88219273,-18.37263876,-0.05342705,0.02907146,-0.14276273
57.60000000,2,body3,0.48024034,-0.83181728,-17.20581448,0.10530630,-0.18239602,-0.62397266
57.60000000,3,body4,-0.97648435,0.07308502,-18.37264233,0.00153566,0.06080634,-0.14276026
57.65000000,0,body1,0.13720744,-0.23765329,-18.83680336,-0.10754865,0.18628041,-0.37876566
57.65000000,1,body2,0.42231316,0.88363696,-18.37978054,-0.05193430,0.02869756,-0.14291053
57.65000000,2,body3,0.48548791,-0.84090628,-17.23703379,0.10459527,-0.18116452,-0.62479859
57.65000000,3,body4,-0.97641816,0.07608824,-18.37978398,0.00111312,0.05932662,-0.14290805
57.70000000,0,body1,0.13181243,-0.22830882,-18.85568491,-0.10824863,0.18749283,-0.37649103
57.70000000,1,body2,0.41975342,0.88506257,-18.38693001,-0.05045609,0.02832686,-0.14306992
57.70000000,2,body3,0.49069995,-0.84993373,-17.26829422,0.10388511,-0.17993449,-0.62561714
57.70000000,3,body4,-0.97637299,0.07901783,-18.38693332,0.00069506,0.05786108,-0.14306742
57.75000000,0,body1,0.12638288,-0.21890454,-18.87445194,-0.10892996,0.18867292,-0.37418456
57.75000000,1,body2,0.41726720,0.88646973,-18.39408773,-0.04899329,0.02795961,-0.14324073
57.75000000,2,body3,0.49587651,-0.85889973,-17.29959539,0.10317631,-0.17870684,-0.62642878
57.75000000,3,body4,-0.97634860,0.08187451,-18.39409091,0.00028173,0.05641063,-0.14323821
57.80000000,0,body1,0.12091975,-0.20944208,-18.89310283,-0.10959232,0.18982018,-0.37184601
57.80000000,1,body2,0.41485372,0.88785862,-18.40125427,-0.04754681,0.02759605,-0.14342275
57.80000000,2,body3,0.50101767,-0.86780443,-17.33093699,0.10246937,-0.17748242,-0.62723403
57.80000000,3,body4,-0.97634476,0.08465906,-18.40125733,-0.00012664,0.05497614,-0.14342021
57.85000000,0,body1,0.11542397,-0.19992308,-18.91163600,-0.11023540,0.19093403,-0.36947514
57.85000000,1,body2,0.41251213,0.88922943,-18.40843019,-0.04611752,0.02723643,-0.14361576
57.85000000,2,body3,0.50612355,-0.87664800,-17.36231870,0.10176480,-0.17626210,-0.62803346
57.85000000,3,body4,-0.97636121,0.08737230,-18.40843311,-0.00052983,0.05355851,-0.14361321
57.90000000,0,body1,0.10989653,-0.19034924,-18.93004981,-0.11085883,0.19201386,-0.36707172
57.90000000,1,body2,0.41024156,0.89058236,-18.41561603,-0.04470632,0.02688099,-0.14381951
57.90000000,2,body3,0.51119427,-0.88543068,-17.39374025,0.10106308,-0.17504671,-0.62882768
57.90000000,3,body4,-0.97639768,0.09001510,-18.41561882,-0.00092758,0.05215865,-0.14381695
57.95000000,0,body1,0.10433842,-0.18072227,-18.94834262,-0.11146224,0.19305900,-0.36463553
57.95000000,1,body2,0.40804108,0.89191763,-18.42281232,-0.04331412,0.02652998,-0.14403373
57.95000000,2,body3,0.51622999,-0.89415273,-17.42520139,0.10036468,-0.17383706,-0.62961736
57.95000000,3,body4,-0.97645389,0.09258837,-18.42281498,-0.00131968,0.05077744,-0.14403115
58.00000000,0,body1,0.09875065,-0.17104393,-18.96651281,-0.11204522,0.19406876,-0.36216640
58.00000000,1,body2,0.40590972,0.89323547,-18.43001957,-0.04194179,0.02618365,-0.14425810
58.00000000,2,body3,0.52123087,-0.90281445,-17.45670192,0.09967005,-0.17263396,-0.63040319
58.00000000,3,body4,-0.97652957,0.09509307,-18.43002210,-0.00170590,0.04941579,-0.14425551
58.05000000,0,body1,0.09313425,-0.16131600,-18.98455871,-0.11260733,0.19504237,-0.35966415
58.05000000,1,body2,0.40384645,0.89453611,-18.43723829,-0.04059022,0.02584224,-0.14449229
58.05000000,2,body3,0.52619714,-0.91141620,-17.48824166,0.09897963,-0.17143814,-0.63118594
58.05000000,3,body4,-0.97662441,0.09753019,-18.43724069,-0.00208599,0.04807458,-0.14448969
58.10000000,0,body1,0.08749027,-0.15154031,-19.00247867,-0.11314811,0.19597904,-0.35712866
58.10000000,1,body2,0.40185023,0.89581981,-18.44446896,-0.03926030,0.02550599,-0.14473594
58.10000000,2,body3,0.53112900,-0.91995835,-17.51982048,0.09829384,-0.17025034,-0.63196640
58.10000000,3,body4,-0.97673809,0.09990077,-18.44447123,-0.00245973,0.04675469,-0.14473333
58.15000000,0,body1,0.08181980,-0.14171873,-19.02027102,-0.11366706,0.19687791,-0.35455982
58.15000000,1,body2,0.39991994,0.89708683,-18.45171204,-0.03795289,0.02517514,-0.14498865
58.15000000,2,body3,0.53602669,-0.92844133,-17.55143828,0.09761307,-0.16907123,-0.63274541
58.15000000,3,body4,-0.97687030,0.10220592,-18.45171417,-0.00282689,0.04545700,-0.14498603
58.20000000,0,body1,0.07612394,-0.13185316,-19.03793410,-0.11416368,0.19773808,-0.35195756
58.20000000,1,body2,0.39805444,0.89833745,-18.45896797,-0.03666885,0.02484992,-0.14525001
58.20000000,2,body3,0.54089048,-0.93686558,-17.58309501,0.09693769,-0.16790146,-0.63352384
58.20000000,3,body4,-0.97702069,0.10444675,-18.45896997,-0.00318723,0.04418236,-0.14524737
58.25000000,0,body1,0.07040381,-0.12194558,-19.05546622,-0.11463742,0.19855863,-0.34932188
58.25000000,1,body2,0.39625254,0.89957196,-18.46623718,-0.03540903,0.02453054,-0.14551955
58.25000000,2,body3,0.54572064,-0.94523159,-17.61479066,0.09626803,-0.16674160,-0.63430260
58.25000000,3,body4,-0.97718893,0.10662444,-18.46623905,-0.00354052,0.04293161,-0.14551691
58.30000000,0,body1,0.06466059,-0.11199798,-19.07286573,-0.11508770,0.19933854,-0.34665281
58.30000000,1,body2,0.39451301,0.90079064,-18.47352006,-0.03417426,0.02421720,-0.14579681
58.30000000,2,body3,0.55051747,-0.95353987,-17.64652529,0.09560441,-0.16559219,-0.63508263
58.30000000,3,body4,-0.97737465,0.10874021,-18.47352179,-0.00388654,0.04170558,-0.14579416
58.35000000,0,body1,0.05889545,-0.10201242,-19.09013095,-0.11551393,0.20007680,-0.34395042
58.35000000,1,body2,0.39283457,0.90199382,-18.48081698,-0.03296534,0.02391012,-0.14608127
58.35000000,2,body3,0.55528128,-0.96179094,-17.67829897,0.09494710,-0.16445372,-0.63586491
58.35000000,3,body4,-0.97757748,0.11079531,-18.48081858,-0.00422503,0.04050506,-0.14607861
58.40000000,0,body1,0.05310961,-0.09199101,-19.10726022,-0.11591549,0.20077234,-0.34121485
58.40000000,1,body2,0.39121592,0.90318180,-18.48812829,-0.03178306,0.02360946,-0.14637240
58.40000000,2,body3,0.56001238,-0.96998537,-17.71011183,0.09429634,-0.16332660,-0.63665043
58.40000000,3,body4,-0.97779704,0.11279103,-18.48812977,-0.00455576,0.03933083,-0.14636974
58.45000000,0,body1,0.04730432,-0.08193592,-19.12425188,-0.11629174,0.20142404,-0.33844632
58.45000000,1,body2,0.38965570,0.90435491,-18.49545432,-0.03062820,0.02331539,-0.14666965
58.45000000,2,body3,0.56471112,-0.97812374,-17.74196408,0.09365234,-0.16221118,-0.63744021
58.45000000,3,body4,-0.97803295,0.11472872,-18.49545566,-0.00487850,0.03818364,-0.14666698
58.50000000,0,body1,0.04148087,-0.07184936,-19.14110430,-0.11664202,0.20203075,-0.33564509
58.50000000,1,body2,0.38815252,0.90551349,-18.50279535,-0.02950148,0.02302806,-0.14697243
58.50000000,2,body3,0.56937783,-0.98620663,-17.77385594,0.09301527,-0.16110776,-0.63823529
58.50000000,3,body4,-0.97828478,0.11660974,-18.50279656,-0.00519300,0.03706419,-0.14696975
58.55000000,0,body1,0.03564056,-0.06173361,-19.15781585,-0.11696565,0.20259129,-0.33281148
58.55000000,1,body2,0.38670495,0.90665787,-18.51015164,-0.02840364,0.02274760,-0.14728012
58.55000000,2,body3,0.57401287,-0.99423466,-17.80578771,0.09238525,-0.16001655,-0.63903669
58.55000000,3,body4,-0.97855213,0.11843550,-18.51015272,-0.00549901,0.03597318,-0.14727744
58.60000000,0,body1,0.02978476,-0.05159102,-19.17438492,-0.11726192,0.20310445,-0.32994593
58.60000000,1,body2,0.38531154,0.90778840,-18.51752343,-0.02733534,0.02247411,-0.14759212
58.60000000,2,body3,0.57861658,-1.00220843,-17.83775974,0.09176237,-0.15893771,-0.63984549
58.60000000,3,body4,-0.97883456,0.12020742,-18.51752438,-0.00579629,0.03491124,-0.14758943
58.65000000,0,body1,0.02391484,-0.04142398,-19.19080992,-0.11753011,0.20356899,-0.32704891
58.65000000,1,body2,0.38397080,0.90890544,-18.52491091,-0.02629724,0.02220768,-0.14790776
58.65000000,2,body3,0.58318933,-1.01012858,-17.86977240,0.09114666,-0.15787130,-0.64066272
58.65000000,3,body4,-0.97913163,0.12192699,-18.52491173,-0.00608458,0.03387899,-0.14790506
58.70000000,0,body1,0.01803222,-0.03123495,-19.20708929,-0.11776951,0.20398365,-0.32412099
58.70000000,1,body2,0.38268119,0.91000933,-18.53231425,-0.02528996,0.02194838,-0.14822638
58.70000000,2,body3,0.58773147,-1.01799571,-17.90182617,0.09053814,-0.15681732,-0.64148945
58.70000000,3,body4,-0.97944289,0.12359570,-18.53231494,-0.00636364,0.03287699,-0.14822368
58.75000000,0,body1,0.01213838,-0.02102646,-19.22322151,-0.11797937,0.20434713,-0.32116282
58.75000000,1,body2,0.38144116,0.91110044,-18.53973358,-0.02431408,0.02169624,-0.14854730
58.75000000,2,body3,0.59224337,-1.02581045,-17.93392152,0.08993674,-0.15577569,-0.64232669
58.75000000,3,body4,-0.97976786,0.12521508,-18.53973414,-0.00663319,0.03190576,-0.14854460
58.80000000,0,body1,0.00623479,-0.01080111,-19.23920508,-0.11815893,0.20465816,-0.31817514
58.80000000,1,body2,0.38024912,0.91217912,-18.54716899,-0.02337013,0.02145127,-0.14886983
58.80000000,2,body3,0.59672538,-1.03357342,-17.96605903,0.08934238,-0.15474624,-0.64317548
58.80000000,3,body4,-0.98010607,0.12678667,-18.54716944,-0.00689300,0.03096577,-0.14886713
58.85000000,0,body1,0.00032300,-0.00056154,-19.25503855,-0.11830746,0.20491542,-0.31515877
58.85000000,1,body2,0.37910348,0.91324573,-18.55462056,-0.02245862,0.02121347,-0.14919325
58.85000000,2,body3,0.60117784,-1.04128521,-17.99823928,0.08875492,-0.15372875,-0.64403681
58.85000000,3,body4,-0.98045702,0.12831206,-18.55462088,-0.00714278,0.03005745,-0.14919055
58.90000000,0,body1,-0.00559542,0.00968951,-19.27072050,-0.11842418,0.20511759,-0.31211463
58.90000000,1,body2,0.37800259,0.91430062,-18.56208831,-0.02158001,0.02098278,-0.14951686
58.90000000,2,body3,0.60560110,-1.04894642,-18.03046293,0.08817418,-0.15272288,-0.64491167
58.90000000,3,body4,-0.98082020,0.12979282,-18.56208851,-0.00738228,0.02918119,-0.14951416
58.95000000,0,body1,-0.01151887,0.01994928,-19.28624957,-0.11850834,0.20526337,-0.30904371
58.95000000,1,body2,0.37694480,0.91534416,-18.56957223,-0.02073471,0.02075914,-0.14983993
58.95000000,2,body3,0.60999548,-1.05655762,-18.06273069,0.08759991,-0.15172823,-0.64580098
58.95000000,3,body4,-0.98119510,0.13123059,-18.56957230,-0.00761123,0.02833729,-0.14983723
59.00000000,0,body1,-0.01744570,0.03021489,-19.30162444,-0.11855918,0.20535144,-0.30594713
59.00000000,1,body2,0.37592844,0.91637670,-18.57707227,-0.01992309,0.02054245,-0.15016174
59.00000000,2,body3,0.61436131,-1.06411935,-18.09504329,0.08703184,-0.15074432,-0.64670565
59.00000000,3,body4,-0.98158117,0.13262697,-18.57707222,-0.00782936,0.02752604,-0.15015905
59.05000000,0,body1,-0.02337422,0.04048344,-19.31684387,-0.11857596,0.20538051,-0.30282605
59.05000000,1,body2,0.37495180,0.91739857,-18.58458836,-0.01914547,0.02033258,-0.15048157
59.05000000,2,body3,0.61869888,-1.07163215,-18.12740152,0.08646966,-0.14977060,-0.64762654
59.05000000,3,body4,-0.98197787,0.13398361,-18.58458819,-0.00803639,0.02674765,-0.15047887
59.10000000,0,body1,-0.02930272,0.05075193,-19.33190666,-0.11855794,0.20534929,-0.29968177
59.10000000,1,body2,0.37401319,0.91841011,-18.59212037,-0.01840214,0.02012938,-0.15079868
59.10000000,2,body3,0.62300849,-1.07909650,-18.15980623,0.08591298,-0.14880642,-0.64856445
59.10000000,3,body4,-0.98238464,0.13530215,-18.59212008,-0.00823206,0.02600229,-0.15079599
59.15000000,0,body1,-0.03522942,0.06101734,-19.34681168,-0.11850438,0.20525652,-0.29651565
59.15000000,1,body2,0.37311089,0.91941166,-18.59966815,-0.01769331,0.01993265,-0.15111237
59.15000000,2,body3,0.62729039,-1.08651286,-18.19225826,0.08536140,-0.14785106,-0.64952013
59.15000000,3,body4,-0.98280091,0.13658426,-18.59966774,-0.00841608,0.02529004,-0.15110968
59.20000000,0,body1,-0.04115255,0.07127654,-19.36155788,-0.11841456,0.20510097,-0.29332915
59.20000000,1,body2,0.37224316,0.92040353,-18.60723152,-0.01701916,0.01974219,-0.15142192
59.20000000,2,body3,0.63154484,-1.09388166,-18.22475855,0.08481446,-0.14690374,-0.65049427
59.20000000,3,body4,-0.98322608,0.13783158,-18.60723099,-0.00858819,0.02461096,-0.15141924
59.25000000,0,body1,-0.04707027,0.08152637,-19.37614428,-0.11828781,0.20488142,-0.29012382
59.25000000,1,body2,0.37140826,0.92138602,-18.61481024,-0.01637982,0.01955775,-0.15172664
59.25000000,2,body3,0.63577204,-1.10120328,-18.25730801,0.08427166,-0.14596359,-0.65148749
59.25000000,3,body4,-0.98365955,0.13904577,-18.61480961,-0.00874811,0.02396503,-0.15172396
59.30000000,0,body1,-0.05298070,0.09176360,-19.39056998,-0.11812343,0.20459671,-0.28690129
59.30000000,1,body2,0.37060446,0.92235944,-18.62240407,-0.01577536,0.01937905,-0.15202584
59.30000000,2,body3,0.63997219,-1.10847805,-18.28990762,0.08373246,-0.14502968,-0.65250035
59.30000000,3,body4,-0.98410070,0.14022850,-18.62240332,-0.00889555,0.02335218,-0.15202316
59.35000000,0,body1,-0.05888197,0.10198494,-19.40483416,-0.11792077,0.20424571,-0.28366329
59.35000000,1,body2,0.36983002,0.92332406,-18.63001270,-0.01520581,0.01920579,-0.15231885
59.35000000,2,body3,0.64414547,-1.11570626,-18.32255838,0.08319630,-0.14410102,-0.65353332
59.35000000,3,body4,-0.98454892,0.14138141,-18.63001184,-0.00903026,0.02277228,-0.15231618
59.40000000,0,body1,-0.06477213,0.11218705,-19.41893608,-0.11767922,0.20382733,-0.28041160
59.40000000,1,body2,0.36908317,0.92428015,-18.63763582,-0.01467113,0.01903764,-0.15260503
59.40000000,2,body3,0.64829200,-1.12288815,-18.35526130,0.08266255,-0.14317654,-0.65458681
59.40000000,3,body4,-0.98500354,0.14250614,-18.63763485,-0.00915196,0.02222514,-0.15260236
59.45000000,0,body1,-0.07064923,0.12236653,-19.43287512,-0.11739817,0.20334055,-0.27714811
59.45000000,1,body2,0.36836219,0.92522795,-18.64527306,-0.01417124,0.01887425,-0.15288374
59.45000000,2,body3,0.65241189,-1.13002389,-18.38801741,0.08213057,-0.14225513,-0.65566112
59.45000000,3,body4,-0.98546392,0.14360433,-18.64527198,-0.00926038,0.02171052,-0.15288109
59.50000000,0,body1,-0.07651128,0.13251994,-19.44665073,-0.11707707,0.20278438,-0.27387475
59.50000000,1,body2,0.36766534,0.92616769,-18.65292403,-0.01370602,0.01871523,-0.15315440
59.50000000,2,body3,0.65650521,-1.13711361,-18.42082776,0.08159968,-0.14133560,-0.65675648
59.50000000,3,body4,-0.98592938,0.14467759,-18.65292285,-0.00935526,0.02122809,-0.15315175
59.55000000,0,body1,-0.08235626,0.14264380,-19.46026246,-0.11671538,0.20215792,-0.27059355
59.55000000,1,body2,0.36699089,0.92709959,-18.66058833,-0.01327528,0.01856018,-0.15341642
59.55000000,2,body3,0.66057200,-1.14415738,-18.45369341,0.08106917,-0.14041673,-0.65787303
59.55000000,3,body4,-0.98639924,0.14572753,-18.66058703,-0.00943633,0.02077752,-0.15341378
59.60000000,0,body1,-0.08818214,0.15273455,-19.47370999,-0.11631261,0.20146030,-0.26730657
59.60000000,1,body2,0.36633711,0.92802382,-18.66826549,-0.01287879,0.01840867,-0.15366927
59.60000000,2,body3,0.66461226,-1.15115519,-18.48661542,0.08053831,-0.13949726,-0.65901082
59.60000000,3,body4,-0.98687280,0.14675573,-18.66826410,-0.00950334,0.02035837,-0.15366663
59.65000000,0,body1,-0.09398683,0.16278863,-19.48699306,-0.11586830,0.20069075,-0.26401596
59.65000000,1,body2,0.36570231,0.92894055,-18.67595506,-0.01251625,0.01826025,-0.15391242
59.65000000,2,body3,0.66862595,-1.15810699,-18.51959484,0.08000634,-0.13857585,-0.66016980
59.65000000,3,body4,-0.98734936,0.14776375,-18.67595357,-0.00955605,0.01997017,-0.15390979
59.70000000,0,body1,-0.09976827,0.17280241,-19.50011156,-0.11538205,0.19984854,-0.26072390
59.70000000,1,body2,0.36508480,0.92984993,-18.68365654,-0.01218735,0.01811443,-0.15414542
59.70000000,2,body3,0.67261300,-1.16501264,-18.55263275,0.07947248,-0.13765117,-0.66134983
59.70000000,3,body4,-0.98782819,0.14875312,-18.68365494,-0.00959421,0.01961240,-0.15414280
59.75000000,0,body1,-0.10552433,0.18277226,-19.51306546,-0.11485349,0.19893304,-0.25743263
59.75000000,1,body2,0.36448290,0.93075208,-18.69136939,-0.01189169,0.01797075,-0.15436781
59.75000000,2,body3,0.67657330,-1.17187195,-18.58573017,0.07893591,-0.13672181,-0.66255067
59.75000000,3,body4,-0.98830856,0.14972535,-18.69136770,-0.00961758,0.01928449,-0.15436520
59.80000000,0,body1,-0.11125290,0.19269449,-19.52585487,-0.11428228,0.19794368,-0.25414441
59.80000000,1,body2,0.36389495,0.93164708,-18.69909310,-0.01162884,0.01782867,-0.15457921
59.80000000,2,body3,0.68050668,-1.17868464,-18.61888815,0.07839584,-0.13578637,-0.66377198
59.80000000,3,body4,-0.98878972,0.15068192,-18.69909131,-0.00962594,0.01898581,-0.15457660
59.85000000,0,body1,-0.11695184,0.20256539,-19.53847999,-0.11366814,0.19687997,-0.25086156
59.85000000,1,body2,0.36331934,0.93253500,-18.70682709,-0.01139834,0.01768769,-0.15477924
59.85000000,2,body3,0.68441296,-1.18545037,-18.65210771,0.07785142,-0.13484339,-0.66501333
59.85000000,3,body4,-0.98927093,0.15162428,-18.70682521,-0.00961908,0.01871568,-0.15477665
59.90000000,0,body1,-0.12261900,0.21238124,-19.55094116,-0.11301084,0.19574149,-0.24758640
59.90000000,1,body2,0.36275446,0.93341590,-18.71457079,-0.01119967,0.01754726,-0.15496760
59.90000000,2,body3,0.68829189,-1.19216874,-18.68538981,0.07730181,-0.13389143,-0.66627419
59.90000000,3,body4,-0.98975140,0.15255382,-18.71456882,-0.00959678,0.01847338,-0.15496501
59.95000000,0,body1,-0.12825221,0.22213829,-19.56323880,-0.11231019,0.19452793,-0.24432129
59.95000000,1,body2,0.36219873,0.93428977,-18.72232362,-0.01103225,0.01740683,-0.15514401
59.95000000,2,body3,0.69214319,-1.19883926,-18.71873544,0.07674615,-0.13292900,-0.66755392
59.95000000,3,body4,-0.99023037,0.15347193,-18.72232155,-0.00955886,0.01825817,-0.15514143
60.00000000,0,body1,-0.13384929,0.23183277,-19.57537349,-0.11156604,0.19323903,-0.24106860
60.00000000,1,body2,0.36165059,0.93515662,-18.73008495,-0.01089550,0.01726585,-0.15530823
60.00000000,2,body3,0.69596654,-1.20546136,-18.75214551,0.07618360,-0.13195461,-0.66885181
60.00000000,3,body4,-0.99070705,0.15437994,-18.73008279,-0.00950512,0.01806922,-0.15530566
60.05000000,0,body1,-0.13940808,0.24146093,-19.58734591,-0.11077830,0.19187461,-0.23783069
60.05000000,1,body2,0.36110855,0.93601638,-18.73785419,-0.01078876,0.01712373,-0.15546009
60.05000000,2,body3,0.69976157,-1.21203441,-18.78562091,0.07561328,-0.13096677,-0.67016703
60.05000000,3,body4,-0.99118064,0.15527915,-18.73785194,-0.00943540,0.01790571,-0.15545753
60.10000000,0,body1,-0.14492640,0.25101898,-19.59915685,-0.10994691,0.19043460,-0.23460994
60.10000000,1,body2,0.36057110,0.93686900,-18.74563071,-0.01071135,0.01697991,-0.15559945
60.10000000,2,body3,0.70352787,-1.21855770,-18.81916249,0.07503432,-0.12996398,-0.67149868
60.10000000,3,body4,-0.99165035,0.15617079,-18.74562838,-0.00934954,0.01776675,-0.15559690
60.15000000,0,body1,-0.15040205,0.26050313,-19.61080723,-0.10907187,0.18891898,-0.23140872
60.15000000,1,body2,0.36003681,0.93771438,-18.75341389,-0.01066256,0.01683381,-0.15572622
60.15000000,2,body3,0.70726499,-1.22503044,-18.85277103,0.07444587,-0.12894473,-0.67284575
60.15000000,3,body4,-0.99211535,0.15705608,-18.75341147,-0.00924739,0.01765142,-0.15572367
60.20000000,0,body1,-0.15583286,0.26990962,-19.62229808,-0.10815321,0.18732782,-0.22822937
60.20000000,1,body2,0.35950425,0.93855238,-18.76120308,-0.01064164,0.01668483,-0.15584035
60.20000000,2,body3,0.71097244,-1.23145178,-18.88644730,0.07384706,-0.12790754,-0.67420715
60.20000000,3,body4,-0.99257484,0.15793618,-18.76120058,-0.00912882,0.01755880,-0.15583781
60.25000000,0,body1,-0.16121664,0.27923466,-19.63363057,-0.10719102,0.18566127,-0.22507422
60.25000000,1,body2,0.35897207,0.93938285,-18.76899767,-0.01064779,0.01653240,-0.15594185
60.25000000,2,body3,0.71464967,-1.23782078,-18.92019197,0.07323703,-0.12685091,-0.67558172
60.25000000,3,body4,-0.99302798,0.15881219,-18.76899508,-0.00899371,0.01748789,-0.15593933
60.30000000,0,body1,-0.16655123,0.28847449,-19.64480595,-0.10618543,0.18391953,-0.22194557
60.30000000,1,body2,0.35843891,0.94020559,-18.77679701,-0.01068021,0.01637591,-0.15603077
60.30000000,2,body3,0.71829610,-1.24413643,-18.95400567,0.07261491,-0.12577336,-0.67696818
60.30000000,3,body4,-0.99347396,0.15968519,-18.77679435,-0.00884196,0.01743771,-0.15602826
60.35000000,0,body1,-0.17183446,0.29762536,-19.65582560,-0.10513659,0.18210289,-0.21884569
60.35000000,1,body2,0.35790350,0.94102040,-18.78460049,-0.01073805,0.01621478,-0.15610722
60.35000000,2,body3,0.72191110,-1.25039765,-18.98788896,0.07197988,-0.12467342,-0.67836521
60.35000000,3,body4,-0.99391193,0.16055616,-18.78459774,-0.00867349,0.01740722,-0.15610472
60.40000000,0,body1,-0.17706418,0.30668354,-19.66669103,-0.10404472,0.18021171,-0.21577681
60.40000000,1,body2,0.35736457,0.94182702,-18.79240748,-0.01082045,0.01604843,-0.15617135
60.40000000,2,body3,0.72549401,-1.25660329,-19.02184234,0.07133107,-0.12354964,-0.67977140
60.40000000,3,body4,-0.99434106,0.16142609,-18.79240466,-0.00848821,0.01739538,-0.15616885
60.45000000,0,body1,-0.18223822,0.31564530,-19.67740384,-0.10291005,0.17824640,-0.21274111
60.45000000,1,body2,0.35682093,0.94262519,-18.80021738,-0.01092649,0.01587627,-0.15622334
60.45000000,2,body3,0.72904412,-1.26275211,-19.05586623,0.07066767,-0.12240056,-0.68118526
60.45000000,3,body4,-0.99476050,0.16229587,-18.80021447,-0.00828608,0.01740112,-0.15622085
60.50000000,0,body1,-0.18735447,0.32450695,-19.68796573,-0.10173286,0.17620744,-0.20974073
60.50000000,1,body2,0.35627142,0.94341458,-18.80802957,-0.01105527,0.01569772,-0.15626344
60.50000000,2,body3,0.73256068,-1.26884281,-19.08996097,0.06998883,-0.12122476,-0.68260523
60.50000000,3,body4,-0.99516941,0.16316635,-18.80802659,-0.00806705,0.01742336,-0.15626096
60.55000000,0,body1,-0.19241081,0.33326482,-19.69837853,-0.10051344,0.17409535,-0.20677774
60.55000000,1,body2,0.35571492,0.94419488,-18.81584348,-0.01120585,0.01551221,-0.15629194
60.55000000,2,body3,0.73604289,-1.27487402,-19.12412683,0.06929375,-0.12002082,-0.68402971
60.55000000,3,body4,-0.99556695,0.16403834,-18.81584043,-0.00783109,0.01746099,-0.15628948
60.60000000,0,body1,-0.19740512,0.34191527,-19.70864416,-0.09925214,0.17191070,-0.20385417
60.60000000,1,body2,0.35515037,0.94496571,-18.82365853,-0.01137725,0.01531916,-0.15630919
60.60000000,2,body3,0.73948993,-1.28084430,-19.15836399,0.06858163,-0.11878735,-0.68545700
60.60000000,3,body4,-0.99595227,0.16491257,-18.82365540,-0.00757820,0.01751289,-0.15630673
60.65000000,0,body1,-0.20233533,0.35045469,-19.71876464,-0.09794930,0.16965412,-0.20097195
60.65000000,1,body2,0.35457674,0.94572670,-18.83147417,-0.01156851,0.01511802,-0.15631555
60.65000000,2,body3,0.74290092,-1.28675215,-19.19267255,0.06785165,-0.11752296,-0.68688537
60.65000000,3,body4,-0.99632451,0.16578972,-18.83147097,-0.00730837,0.01757794,-0.15631310
60.70000000,0,body1,-0.20719936,0.35887950,-19.72874208,-0.09660531,0.16732625,-0.19813299
60.70000000,1,body2,0.35399308,0.94647741,-18.83928986,-0.01177862,0.01490823,-0.15631146
60.70000000,2,body3,0.74627495,-1.29259597,-19.22705251,0.06710302,-0.11622627,-0.68831302
60.70000000,3,body4,-0.99668285,0.16667044,-18.83928659,-0.00702161,0.01765499,-0.15630902
60.75000000,0,body1,-0.21199518,0.36718614,-19.73857869,-0.09522055,0.16492779,-0.19533909
60.75000000,1,body2,0.35339847,0.94721740,-18.84710509,-0.01200657,0.01468924,-0.15629739
60.75000000,2,body3,0.74961106,-1.29837412,-19.26150381,0.06633497,-0.11489594,-0.68973811
60.75000000,3,body4,-0.99702642,0.16755528,-18.84710175,-0.00671797,0.01774289,-0.15629495
60.80000000,0,body1,-0.21672075,0.37537111,-19.74827677,-0.09379545,0.16245944,-0.19259200
60.80000000,1,body2,0.35279203,0.94794621,-18.85491939,-0.01225133,0.01446050,-0.15627384
60.80000000,2,body3,0.75290827,-1.30408488,-19.29602625,0.06554672,-0.11353060,-0.69115874
60.80000000,3,body4,-0.99735439,0.16844477,-18.85491598,-0.00639749,0.01784048,-0.15627142
60.85000000,0,body1,-0.22137406,0.38343093,-19.75783870,-0.09233042,0.15992192,-0.18989339
60.85000000,1,body2,0.35217295,0.94866332,-18.86273228,-0.01251186,0.01422147,-0.15624139
60.85000000,2,body3,0.75616555,-1.30972648,-19.33061957,0.06473747,-0.11212891,-0.69257295
60.85000000,3,body4,-0.99766592,0.16933935,-18.86272880,-0.00606021,0.01794658,-0.15623897
60.90000000,0,body1,-0.22595313,0.39136216,-19.76726694,-0.09082587,0.15731597,-0.18724484
60.90000000,1,body2,0.35154048,0.94936821,-18.87054334,-0.01278711,0.01397164,-0.15620061
60.90000000,2,body3,0.75938182,-1.31529705,-19.36528341,0.06390647,-0.11068953,-0.69397876
60.90000000,3,body4,-0.99796016,0.17023943,-18.87053979,-0.00570623,0.01806002,-0.15619820
60.95000000,0,body1,-0.23045599,0.39916140,-19.77656404,-0.08928225,0.15464233,-0.18464788
60.95000000,1,body2,0.35089390,0.95006032,-18.87835216,-0.01307599,0.01371048,-0.15615216
60.95000000,2,body3,0.76255598,-1.32079469,-19.40001728,0.06305293,-0.10921113,-0.69537414
60.95000000,3,body4,-0.99823629,0.17114534,-18.87834854,-0.00533560,0.01817961,-0.15614976
61.00000000,0,body1,-0.23488071,0.40682528,-19.78573261,-0.08769997,0.15190174,-0.18210392
61.00000000,1,body2,0.35023256,0.95073909,-18.88615838,-0.01337743,0.01343746,-0.15609672
61.00000000,2,body3,0.76568689,-1.32621740,-19.43482061,0.06217608,-0.10769233,-0.69675700
61.00000000,3,body4,-0.99849348,0.17205736,-18.88615470,-0.00494843,0.01830414,-0.15609432
61.05000000,0,body1,-0.23922535,0.41435047,-19.79477534,-0.08607944,0.14909490,-0.17961433
61.05000000,1,body2,0.34955586,0.95140390,-18.89396167,-0.01369033,0.01315207,-0.15603500
61.05000000,2,body3,0.76877336,-1.33156313,-19.46969273,0.06127513,-0.10613180,-0.69812523
61.05000000,3,body4,-0.99873089,0.17297571,-18.89395792,-0.00454482,0.01843242,-0.15603261
61.10000000,0,body1,-0.24348802,0.42173368,-19.80369497,-0.08442107,0.14622252,-0.17718038
61.10000000,1,body2,0.34886324,0.95205411,-18.90176174,-0.01401359,0.01285381,-0.15596776
61.10000000,2,body3,0.77181415,-1.33682976,-19.50463285,0.06034928,-0.10452814,-0.69947666
61.10000000,3,body4,-0.99894771,0.17390054,-18.90175792,-0.00412488,0.01856323,-0.15596539
61.15000000,0,body1,-0.24766684,0.42897164,-19.81249433,-0.08272525,0.14328526,-0.17480329
61.15000000,1,body2,0.34815423,0.95268909,-18.90955832,-0.01434609,0.01254216,-0.15589582
61.15000000,2,body3,0.77480802,-1.34201510,-19.53964008,0.05939773,-0.10287996,-0.70080909
61.15000000,3,body4,-0.99914314,0.17483194,-18.90955444,-0.00368873,0.01869534,-0.15589345
61.20000000,0,body1,-0.25175993,0.43606113,-19.82117627,-0.08099234,0.14028376,-0.17248417
61.20000000,1,body2,0.34742839,0.95330813,-18.91735120,-0.01468668,0.01221661,-0.15582001
61.20000000,2,body3,0.77775365,-1.34711689,-19.57471341,0.05841965,-0.10118583,-0.70212027
61.20000000,3,body4,-0.99931635,0.17576996,-18.91734726,-0.00323650,0.01882751,-0.15581764
61.25000000,0,body1,-0.25576546,0.44299896,-19.82974373,-0.07922267,0.13721860,-0.17022409
61.25000000,1,body2,0.34668534,0.95391054,-18.92514021,-0.01503422,0.01187665,-0.15574120
61.25000000,2,body3,0.78064970,-1.35213280,-19.60985172,0.05741418,-0.09944427,-0.70340790
61.25000000,3,body4,-0.99946655,0.17671457,-18.92513621,-0.00276831,0.01895850,-0.15573885
61.30000000,0,body1,-0.25968159,0.44978194,-19.83819968,-0.07741655,0.13409031,-0.16802403
61.30000000,1,body2,0.34592477,0.95449558,-18.93292523,-0.01538753,0.01152177,-0.15566034
61.30000000,2,body3,0.78349477,-1.35706041,-19.64505377,0.05638046,-0.09765376,-0.70466966
61.30000000,3,body4,-0.99959294,0.17766566,-18.93292116,-0.00228431,0.01908703,-0.15565799
61.35000000,0,body1,-0.26350651,0.45640695,-19.84654715,-0.07557426,0.13089936,-0.16588492
61.35000000,1,body2,0.34514641,0.95506249,-18.94070618,-0.01574544,0.01115144,-0.15557838
61.35000000,2,body3,0.78628743,-1.36189724,-19.68031821,0.05531757,-0.09581273,-0.70590313
61.35000000,3,body4,-0.99969474,0.17862310,-18.94070204,-0.00178464,0.01921182,-0.15557603
61.40000000,0,body1,-0.26723842,0.46287084,-19.85478920,-0.07369601,0.12764613,-0.16380762
61.40000000,1,body2,0.34435007,0.95561048,-18.94848302,-0.01610673,0.01076513,-0.15549632
61.40000000,2,body3,0.78902620,-1.36664071,-19.71564357,0.05422455,-0.09391953,-0.70710588
61.40000000,3,body4,-0.99977117,0.17958666,-18.94847881,-0.00126944,0.01933155,-0.15549399
61.45000000,0,body1,-0.27087551,0.46917053,-19.86292895,-0.07178198,0.12433093,-0.16179296
61.45000000,1,body2,0.34353560,0.95613875,-18.95625577,-0.01647018,0.01036231,-0.15541523
61.45000000,2,body3,0.79170954,-1.37128819,-19.75102824,0.05310042,-0.09197243,-0.70827538
61.45000000,3,body4,-0.99982146,0.18055605,-18.95625151,-0.00073886,0.01944488,-0.15541290
61.50000000,0,body1,-0.27441602,0.47530290,-19.87096955,-0.06983230,0.12095399,-0.15984168
61.50000000,1,body2,0.34270293,0.95664646,-18.96402452,-0.01683452,0.00994241,-0.15533621
61.50000000,2,body3,0.79433587,-1.37583693,-19.78647051,0.05194413,-0.08996962,-0.70940907
61.50000000,3,body4,-0.99984483,0.18153091,-18.96402019,-0.00019305,0.01955045,-0.15533388
61.55000000,0,body1,-0.27785815,0.48126490,-19.87891419,-0.06784705,0.11751541,-0.15795452
61.55000000,1,body2,0.34185205,0.95713273,-18.97178939,-0.01719846,0.00950486,-0.15526039
61.55000000,2,body3,0.79690357,-1.38028409,-19.82196851,0.05075456,-0.08790917,-0.71050427
61.55000000,3,body4,-0.99984053,0.18251084,-18.97178500,0.00036786,0.01964685,-0.15525808
61.60000000,0,body1,-0.28120013,0.48705342,-19.88676608,-0.06582621,0.11401521,-0.15613216
61.60000000,1,body2,0.34098302,0.95759667,-18.97955058,-0.01756069,0.00904906,-0.15518899
61.60000000,2,body3,0.79941093,-1.38462675,-19.85752025,0.04953053,-0.08578905,-0.71155825
61.60000000,3,body4,-0.99980782,0.18349532,-18.97954613,0.00094370,0.01973264,-0.15518668
61.65000000,0,body1,-0.28444018,0.49266539,-19.89452850,-0.06376973,0.11045328,-0.15437527
61.65000000,1,body2,0.34009594,0.95803735,-18.98730834,-0.01791983,0.00857438,-0.15512326
61.65000000,2,body3,0.80185620,-1.38886186,-19.89312360,0.04827080,-0.08360708,-0.71256815
61.65000000,3,body4,-0.99974594,0.18448380,-18.98730382,0.00153435,0.01980633,-0.15512095
61.70000000,0,body1,-0.28757651,0.49809771,-19.90220471,-0.06167746,0.10682936,-0.15268450
61.70000000,1,body2,0.33919101,0.95845381,-18.99506297,-0.01827447,0.00808018,-0.15506451
61.70000000,2,body3,0.80423757,-1.39298629,-19.92877628,0.04697402,-0.08136093,-0.71353104
61.70000000,3,body4,-0.99965416,0.18547563,-18.99505839,0.00213966,0.01986635,-0.15506221
61.75000000,0,body1,-0.29060732,0.50334729,-19.90979806,-0.05954918,0.10314307,-0.15106049
61.75000000,1,body2,0.33826850,0.95884506,-19.00281487,-0.01862316,0.00756575,-0.15501411
61.75000000,2,body3,0.80655314,-1.39699674,-19.96447587,0.04563874,-0.07904811,-0.71444382
61.75000000,3,body4,-0.99953176,0.18647009,-19.00281023,0.00275951,0.01991111,-0.15501182
61.80000000,0,body1,-0.29353082,0.50841097,-19.91731189,-0.05738460,0.09939388,-0.14950389
61.80000000,1,body2,0.33732873,0.95921006,-19.01056450,-0.01896436,0.00703037,-0.15497353
61.80000000,2,body3,0.80880095,-1.40088984,-20.00021978,0.04426342,-0.07666593,-0.71530329
61.80000000,3,body4,-0.99937800,0.18746636,-19.01055979,0.00339376,0.01993891,-0.15497124
61.85000000,0,body1,-0.29634517,0.51328561,-19.92474958,-0.05518329,0.09558110,-0.14801538
61.85000000,1,body2,0.33637212,0.95954776,-19.01831236,-0.01929649,0.00647326,-0.15494426
61.85000000,2,body3,0.81097896,-1.40466203,-20.03600525,0.04284638,-0.07421149,-0.71610607
61.85000000,3,body4,-0.99919217,0.18846357,-19.01830759,0.00404229,0.01994799,-0.15494198
61.90000000,0,body1,-0.29904853,0.51796801,-19.93211457,-0.05294477,0.09170387,-0.14659566
61.90000000,1,body2,0.33539916,0.95985704,-19.02605909,-0.01961788,0.00589358,-0.15492793
61.90000000,2,body3,0.81308504,-1.40830963,-20.07182938,0.04138583,-0.07168168,-0.71684860
61.90000000,3,body4,-0.99897355,0.18946073,-19.02605425,0.00470500,0.01993648,-0.15492564
61.95000000,0,body1,-0.30163902,0.52245491,-19.93941031,-0.05066844,0.08776113,-0.14524548
61.95000000,1,body2,0.33441045,0.96013675,-19.03380535,-0.01992677,0.00529045,-0.15492621
61.95000000,2,body3,0.81511697,-1.41182878,-20.10768905,0.03987980,-0.06907310,-0.71752713
61.95000000,3,body4,-0.99872145,0.19045675,-19.03380045,0.00538177,0.01990242,-0.15492393
62.00000000,0,body1,-0.30411473,0.52674301,-19.94664029,-0.04835358,0.08375167,-0.14396567
62.00000000,1,body2,0.33340664,0.96038571,-19.04155193,-0.02022131,0.00466289,-0.15494089
62.00000000,2,body3,0.81707241,-1.41521546,-20.14358096,0.03832618,-0.06638210,-0.71813767
62.00000000,3,body4,-0.99843516,0.19145047,-19.04154696,0.00607251,0.01984372,-0.15493861
62.05000000,0,body1,-0.30647372,0.53082894,-19.95380806,-0.04599936,0.07967404,-0.14275713
62.05000000,1,body2,0.33238850,0.96060265,-19.04929970,-0.02049951,0.00400987,-0.15497386
62.05000000,2,body3,0.81894894,-1.41846545,-20.17950161,0.03672267,-0.06360468,-0.71867598
62.05000000,3,body4,-0.99811399,0.19244058,-19.04929466,0.00677714,0.01975814,-0.15497159
62.10000000,0,body1,-0.30871400,0.53470925,-19.96091721,-0.04360485,0.07552661,-0.14162088
62.10000000,1,body2,0.33135691,0.96078628,-19.05704961,-0.02075928,0.00333027,-0.15502715
62.10000000,2,body3,0.82074399,-1.42157431,-20.21544728,0.03506677,-0.06073653,-0.71913753
62.10000000,3,body4,-0.99775724,0.19342570,-19.05704451,0.00749556,0.01964332,-0.15502488
62.15000000,0,body1,-0.31083352,0.53838041,-19.96797137,-0.04116897,0.07130753,-0.14055805
62.15000000,1,body2,0.33031283,0.96093524,-19.06480274,-0.02099836,0.00262288,-0.15510288
62.15000000,2,body3,0.82245488,-1.42453740,-20.25141400,0.03335578,-0.05777295,-0.71951747
62.15000000,3,body4,-0.99736423,0.19440430,-19.06479757,0.00822772,0.01949668,-0.15510062
62.20000000,0,body1,-0.31283018,0.54183878,-19.97497426,-0.03869052,0.06701472,-0.13956996
62.20000000,1,body2,0.32925737,0.96104811,-19.07256026,-0.02121436,0.00188637,-0.15520335
62.20000000,2,body3,0.82407879,-1.42734982,-20.28739758,0.03158675,-0.05470883,-0.71981058
62.20000000,3,body4,-0.99693426,0.19537471,-19.07255503,0.00897354,0.01931549,-0.15520108
62.25000000,0,body1,-0.31470184,0.54508061,-19.98192964,-0.03616817,0.06264587,-0.13865809
62.25000000,1,body2,0.32819174,0.96112339,-19.08032348,-0.02140466,0.00111931,-0.15533100
62.25000000,2,body3,0.82561273,-1.43000641,-20.32339352,0.02975646,-0.05153862,-0.72001123
62.25000000,3,body4,-0.99646666,0.19633513,-19.08031818,0.00973297,0.01909678,-0.15532873
62.30000000,0,body1,-0.31644624,0.54810205,-19.98884137,-0.03360045,0.05819844,-0.13782414
62.30000000,1,body2,0.32711729,0.96115953,-19.08809381,-0.02156645,0.00032014,-0.15548843
62.30000000,2,body3,0.82705355,-1.43250171,-20.35939706,0.02786142,-0.04825627,-0.72011334
62.30000000,3,body4,-0.99596076,0.19728362,-19.08808845,0.01050595,0.01883732,-0.15548616
62.35000000,0,body1,-0.31806110,0.55089910,-19.99571339,-0.03098576,0.05366965,-0.13707007
62.35000000,1,body2,0.32603553,0.96115487,-19.09587282,-0.02169668,-0.00051283,-0.15567846
62.35000000,2,body3,0.82839792,-1.43482995,-20.39540310,0.02589785,-0.04485521,-0.72011031
62.35000000,3,body4,-0.99541586,0.19821804,-19.09586739,0.01129243,0.01853363,-0.15567620
62.40000000,0,body1,-0.31954401,0.55346761,-20.00254974,-0.02832236,0.04905650,-0.13639812
62.40000000,1,body2,0.32494812,0.96110768,-19.10366220,-0.02179203,-0.00138146,-0.15590411
62.40000000,2,body3,0.82964231,-1.43698502,-20.43140622,0.02386161,-0.04132828,-0.71999498
62.40000000,3,body4,-0.99483131,0.19913610,-19.10365671,0.01209235,0.01818191,-0.15590185
62.45000000,0,body1,-0.32089249,0.55580329,-20.00935461,-0.02560840,0.04435576,-0.13581089
62.45000000,1,body2,0.32385689,0.96101613,-19.11146383,-0.02184890,-0.00228775,-0.15616863
62.45000000,2,body3,0.83078299,-1.43896043,-20.46740060,0.02174822,-0.03766772,-0.71975955
62.45000000,3,body4,-0.99420642,0.20003528,-19.11145827,0.01290564,0.01777803,-0.15616637
62.50000000,0,body1,-0.32210397,0.55790167,-20.01613229,-0.02284186,0.03956397,-0.13531135
62.50000000,1,body2,0.32276386,0.96087827,-19.11927972,-0.02186331,-0.00323391,-0.15647553
62.50000000,2,body3,0.83181597,-1.44074931,-20.50338003,0.01955279,-0.03386507,-0.71939554
62.50000000,3,body4,-0.99354054,0.20091287,-19.11927410,0.01373223,0.01731745,-0.15647326
62.55000000,0,body1,-0.32317577,0.55975811,-20.02288726,-0.02002065,0.03467748,-0.13490291
62.55000000,1,body2,0.32167126,0.96069206,-19.12711210,-0.02183095,-0.00422231,-0.15682858
62.55000000,2,body3,0.83273701,-1.44234431,-20.53933785,0.01727006,-0.02991121,-0.71889365
62.55000000,3,body4,-0.99283299,0.20176591,-19.12710641,0.01457201,0.01679524,-0.15682631
62.60000000,0,body1,-0.32410509,0.56136778,-20.02962417,-0.01714257,0.02969247,-0.13458948
62.60000000,1,body2,0.32058154,0.96045532,-19.13496337,-0.02174705,-0.00525555,-0.15723188
62.60000000,2,body3,0.83354162,-1.44373763,-20.57526693,0.01489429,-0.02579620,-0.71824377
62.60000000,3,body4,-0.99208313,0.20259119,-19.13495761,0.01542485,0.01620598,-0.15722961
62.65000000,0,body1,-0.32488904,0.56272565,-20.03634787,-0.01420532,0.02460500,-0.13437555
62.65000000,1,body2,0.31949742,0.96016574,-19.14283616,-0.02160639,-0.00633644,-0.15768985
62.65000000,2,body3,0.83422499,-1.44492095,-20.61115958,0.01241930,-0.02150934,-0.71743481
62.65000000,3,body4,-0.99129031,0.20338521,-19.14283033,0.01629058,0.01554375,-0.15768757
62.70000000,0,body1,-0.32552460,0.56382650,-20.04306347,-0.01120658,0.01941102,-0.13426622
62.70000000,1,body2,0.31842186,0.95982086,-19.15073330,-0.02140323,-0.00746801,-0.15820725
62.70000000,2,body3,0.83478199,-1.44588539,-20.64700756,0.00983842,-0.01703907,-0.71645467
62.70000000,3,body4,-0.99045388,0.20414416,-19.15072741,0.01716895,0.01480206,-0.15820497
62.75000000,0,body1,-0.32600863,0.56466491,-20.04977633,-0.00814402,0.01410650,-0.13426732
62.75000000,1,body2,0.31735816,0.95941807,-19.15865791,-0.02113127,-0.00865355,-0.15878925
62.75000000,2,body3,0.83520715,-1.44662147,-20.68280197,0.00714449,-0.01237299,-0.71529013
62.75000000,3,body4,-0.98957322,0.20486389,-19.15865195,0.01805966,0.01397379,-0.15878696
62.80000000,0,body1,-0.32633790,0.56523524,-20.05649215,-0.00501536,0.00868747,-0.13438548
62.80000000,1,body2,0.31630991,0.95895458,-19.16661335,-0.02078355,-0.00989659,-0.15944138
62.80000000,2,body3,0.83549464,-1.44711908,-20.71853326,0.00432983,-0.00749780,-0.71392678
62.80000000,3,body4,-0.98864773,0.20553988,-19.16660732,0.01896228,0.01305116,-0.15943909
62.85000000,0,body1,-0.32650903,0.56553168,-20.06321695,-0.00181841,0.00315018,-0.13462820
62.85000000,1,body2,0.31528111,0.95842742,-19.17460327,-0.02035244,-0.01120090,-0.16016965
62.85000000,2,body3,0.83563820,-1.44736741,-20.75419108,0.00138627,-0.00239936,-0.71234890
62.85000000,3,body4,-0.98767682,0.20616720,-19.17459717,0.01987627,0.01202569,-0.16016735
62.90000000,0,body1,-0.32651857,0.56554823,-20.06995718,0.00144879,-0.00250879,-0.13500394
62.90000000,1,body2,0.31427612,0.95783343,-19.18263164,-0.01982958,-0.01257051,-0.16098044
62.90000000,2,body3,0.83563118,-1.44735492,-20.78976429,-0.00169483,0.00293732,-0.71053945
62.90000000,3,body4,-0.98665994,0.20674049,-19.18262548,0.02080093,0.01088811,-0.16097814
62.95000000,0,body1,-0.32636295,0.56527873,-20.07671972,0.00478790,-0.00829232,-0.13552224
62.95000000,1,body2,0.31329975,0.95716924,-19.19070276,-0.01920581,-0.01400965,-0.16188062
62.95000000,2,body3,0.83546649,-1.44706932,-20.82524086,-0.00492257,0.00852797,-0.70847995
62.95000000,3,body4,-0.98559658,0.20725389,-19.19069652,0.02173536,0.00962838,-0.16187831
63.00000000,0,body1,-0.32603856,0.56471689,-20.08351196,0.00820015,-0.01420252,-0.13619375
63.00000000,1,body2,0.31235730,0.95643126,-19.19882127,-0.01847114,-0.01552278,-0.16287745
63.00000000,2,body3,0.83513654,-1.44649750,-20.86060779,-0.00830639,0.01438897,-0.70615055
63.00000000,3,body4,-0.98448628,0.20770103,-19.19881496,0.02267841,0.00823562,-0.16287513
63.05000000,0,body1,-0.32554171,0.56385635,-20.09034185,0.01168616,-0.02024048,-0.13703032
63.05000000,1,body2,0.31145458,0.95561568,-19.20699219,-0.01761475,-0.01711448,-0.16397861
63.05000000,2,body3,0.83463330,-1.44562551,-20.89585106,-0.01185600,0.02053712,-0.70352996
63.05000000,3,body4,-0.98332864,0.20807496,-19.20698582,0.02362864,0.00669816,-0.16397628
63.10000000,0,body1,-0.32486871,0.56269072,-20.09721796,0.01524575,-0.02640589,-0.13804504
63.10000000,1,body2,0.31059796,0.95471845,-19.21522095,-0.01662494,-0.01878943,-0.16519211
63.10000000,2,body3,0.83394824,-1.44443859,-20.93095555,-0.01558121,0.02698942,-0.70059560
63.10000000,3,body4,-0.98212335,0.20836814,-19.21521451,0.02458427,0.00500353,-0.16518977
63.15000000,0,body1,-0.32401592,0.56121367,-20.10414956,0.01887773,-0.03269668,-0.13925227
63.15000000,1,body2,0.30979443,0.95373529,-19.22351336,-0.01548920,-0.02055231,-0.16652622
63.15000000,2,body3,0.83307232,-1.44292109,-20.96590499,-0.01949172,0.03376266,-0.69732377
63.15000000,3,body4,-0.98087018,0.20857239,-19.22350686,0.02554307,0.00313857,-0.16652387
63.20000000,0,body1,-0.32297977,0.55941903,-20.11114666,0.02257962,-0.03910856,-0.14066756
63.20000000,1,body2,0.30905161,0.95266170,-19.23187567,-0.01419429,-0.02240764,-0.16798936
63.20000000,2,body3,0.83199605,-1.44105657,-21.00068190,-0.02359685,0.04087299,-0.69368986
63.20000000,3,body4,-0.97956906,0.20867884,-19.23186910,0.02650235,0.00108953,-0.16798700
63.25000000,0,body1,-0.32175686,0.55730091,-20.11822006,0.02634737,-0.04563451,-0.14230759
63.25000000,1,body2,0.30837780,0.95149294,-19.24031454,-0.01272634,-0.02435967,-0.16958990
63.25000000,2,body3,0.83070947,-1.43882779,-21.03526753,-0.02790516,0.04833523,-0.68966878
63.25000000,3,body4,-0.97822002,0.20867795,-19.24030791,0.02745886,-0.00115771,-0.16958752
63.30000000,0,body1,-0.32034404,0.55485385,-20.12538145,0.03017503,-0.05226421,-0.14418996
63.30000000,1,body2,0.30778201,0.95022408,-19.24883703,-0.01107112,-0.02641212,-0.17133592
63.30000000,2,body3,0.82920225,-1.43621684,-21.06964191,-0.03242404,0.05616218,-0.68523556
63.30000000,3,body4,-0.97682331,0.20855944,-19.24883034,0.02840870,-0.00361735,-0.17133353
63.35000000,0,body1,-0.31873850,0.55207299,-20.13264340,0.03405441,-0.05898350,-0.14633289
63.35000000,1,body2,0.30727395,0.94885002,-19.25745062,-0.00921428,-0.02856798,-0.17323497
63.35000000,2,body3,0.82746370,-1.43320520,-21.10378381,-0.03715913,0.06436364,-0.68036602
63.35000000,3,body4,-0.97537937,0.20831235,-19.25744387,0.02934728,-0.00630328,-0.17323257
63.40000000,0,body1,-0.31693791,0.54895431,-20.14001939,0.03797477,-0.06577378,-0.14875478
63.40000000,1,body2,0.30686408,0.94736554,-19.26616313,-0.00714182,-0.03082917,-0.17529364
63.40000000,2,body3,0.82548291,-1.42977400,-21.13767086,-0.04211375,0.07294530,-0.67503775
63.40000000,3,body4,-0.97388889,0.20792503,-19.26615631,0.03026927,-0.00922861,-0.17529122
63.45000000,0,body1,-0.31494056,0.54549482,-20.14752383,0.04192254,-0.07261151,-0.15147364
63.45000000,1,body2,0.30656349,0.94576536,-19.27498267,-0.00484059,-0.03319622,-0.17751717
63.45000000,2,body3,0.82324889,-1.42590418,-21.17127961,-0.04728813,0.08190761,-0.66923126
63.45000000,3,body4,-0.97235285,0.20738521,-19.27497580,0.03116857,-0.01240499,-0.17751474
63.50000000,0,body1,-0.31274548,0.54169285,-20.15517199,0.04588105,-0.07946785,-0.15450631
63.50000000,1,body2,0.30638393,0.94404419,-19.28391759,-0.00229895,-0.03566792,-0.17990897
63.50000000,2,body3,0.82075073,-1.42157685,-21.20458576,-0.05267872,0.09124439,-0.66293134
63.50000000,3,body4,-0.97077256,0.20668010,-19.28391066,0.03203828,-0.01584190,-0.17990653
63.55000000,0,body1,-0.31035261,0.53754829,-20.16297994,0.04983046,-0.08630844,-0.15786760
63.55000000,1,body2,0.30633766,0.94219688,-19.29297633,0.00049248,-0.03824092,-0.18247007
63.55000000,2,body3,0.81797779,-1.41677359,-21.23756436,-0.05827739,0.10094159,-0.65612852
63.55000000,3,body4,-0.96914968,0.20579648,-19.29296934,0.03287083,-0.01954579,-0.18246761
63.60000000,0,body1,-0.30776296,0.53306292,-20.17096442,0.05374784,-0.09309353,-0.16156918
63.60000000,1,body2,0.30643734,0.94021851,-19.30216732,0.00354000,-0.04090943,-0.18519859
63.60000000,2,body3,0.81491998,-1.41147693,-21.27019019,-0.06407080,0.11097606,-0.64882071
63.60000000,3,body4,-0.96748628,0.20472093,-19.30216028,0.03365804,-0.02351920,-0.18519612
63.65000000,0,body1,-0.30497879,0.52824061,-20.17914266,0.05760738,-0.09977844,-0.16561851
63.65000000,1,body2,0.30669586,0.93810449,-19.31149882,0.00684595,-0.04366486,-0.18808930
63.65000000,2,body3,0.81156802,-1.40567077,-21.30243812,-0.07003978,0.12131464,-0.64101463
63.65000000,3,body4,-0.96578483,0.20344001,-19.31149173,0.03439133,-0.02775988,-0.18808681
63.70000000,0,body1,-0.30200366,0.52308756,-20.18753211,0.06138097,-0.10631448,-0.17001771
63.70000000,1,body2,0.30712610,0.93585077,-19.32097873,0.01040788,-0.04649574,-0.19113320
63.70000000,2,body3,0.80791374,-1.39934098,-21.33428362,-0.07615912,0.13191364,-0.63272723
63.70000000,3,body4,-0.96404824,0.20194052,-19.32097159,0.03506197,-0.03225997,-0.19113071
63.75000000,0,body1,-0.29884261,0.51761250,-20.19615019,0.06503896,-0.11265028,-0.17476251
63.75000000,1,body2,0.30774068,0.93345390,-19.33061440,0.01421793,-0.04938763,-0.19431736
63.75000000,2,body3,0.80395037,-1.39247582,-21.36570328,-0.08239757,0.14271894,-0.62398652
63.75000000,3,body4,-0.96227988,0.20020983,-19.33060722,0.03566139,-0.03700545,-0.19431486
63.80000000,0,body1,-0.29550219,0.51182674,-20.20501393,0.06855120,-0.11873363,-0.17984151
63.80000000,1,body2,0.30855169,0.93091126,-19.34041244,0.01826237,-0.05232337,-0.19762490
63.80000000,2,body3,0.79967285,-1.38506656,-21.39667537,-0.08871831,0.15366675,-0.61483196
63.80000000,3,body4,-0.96048349,0.19823613,-19.34040522,0.03618158,-0.04197584,-0.19762239
63.85000000,0,body1,-0.29199042,0.50574419,-20.21413960,0.07188824,-0.12451351,-0.18523574
63.85000000,1,body2,0.30957038,0.92822114,-19.35037852,0.02252153,-0.05528341,-0.20103530
63.85000000,2,body3,0.79507810,-1.37710783,-21.42718042,-0.09507985,0.16468524,-0.60531404
63.85000000,3,body4,-0.95866323,0.19600884,-19.35037127,0.03661547,-0.04714434,-0.20103279
63.90000000,0,body1,-0.28831675,0.49938124,-20.22354232,0.07502265,-0.12994242,-0.19091881
63.90000000,1,body2,0.31080688,0.92538285,-19.36051720,0.02697009,-0.05824647,-0.20452500
63.90000000,2,body3,0.79016518,-1.36859801,-21.45720172,-0.10143740,0.17569681,-0.59549312
63.90000000,3,body4,-0.95682355,0.19351884,-19.36050992,0.03695729,-0.05247838,-0.20452248
63.95000000,0,body1,-0.28449193,0.49275650,-20.23323574,0.07793029,-0.13497857,-0.19685740
63.95000000,1,body2,0.31226992,0.92239679,-19.37083181,0.03157784,-0.06119034,-0.20806821
63.95000000,2,body3,0.78493545,-1.35953946,-21.48672581,-0.10774455,0.18662107,-0.58543740
63.95000000,3,body4,-0.95496918,0.19075877,-19.37082450,0.03720288,-0.05794068,-0.20806569
64.00000000,0,body1,-0.28052783,0.48589051,-20.24323167,0.08059143,-0.13958774,-0.20301247
64.00000000,1,body2,0.31396663,0.91926448,-19.38132436,0.03631080,-0.06409274,-0.21163798
64.00000000,2,body3,0.77939258,-1.34993855,-21.51574277,-0.11395513,0.19737808,-0.57522032
64.00000000,3,body4,-0.95310499,0.18772322,-19.38131703,0.03734996,-0.06349070,-0.21163546
64.05000000,0,body1,-0.27643714,0.47880527,-20.25353988,0.08299152,-0.14374475,-0.20934074
64.05000000,1,body2,0.31590236,0.91598854,-19.39199550,0.04113263,-0.06693227,-0.21520732
64.05000000,2,body3,0.77354252,-1.33980557,-21.54424642,-0.12002519,0.20789169,-0.56491751
64.05000000,3,body4,-0.95123593,0.18440885,-19.39198814,0.03739817,-0.06908624,-0.21520480
64.10000000,0,body1,-0.27223318,0.47152383,-20.26416787,0.08512166,-0.14743420,-0.21579653
64.10000000,1,body2,0.31808063,0.91257259,-19.40284455,0.04600619,-0.06968929,-0.21875030
64.10000000,2,body3,0.76739332,-1.32915446,-21.57223434,-0.12591468,0.21809253,-0.55460363
64.10000000,3,body4,-0.94936690,0.18081444,-19.40283717,0.03734906,-0.07468533,-0.21874780
64.15000000,0,body1,-0.26792953,0.46406974,-20.27512089,0.08697865,-0.15065052,-0.22233368
64.15000000,1,body2,0.32050310,0.90902123,-19.41386958,0.05089506,-0.07234658,-0.22224312
64.15000000,2,body3,0.76095489,-1.31800240,-21.59970778,-0.13158889,0.22792050,-0.54434941
64.15000000,3,body4,-0.94750269,0.17694083,-19.41386220,0.03720593,-0.08024783,-0.22224063
64.20000000,0,body1,-0.26353983,0.45646660,-20.28640185,0.08856461,-0.15339742,-0.22890731
64.20000000,1,body2,0.32316968,0.90533979,-19.42506756,0.05576501,-0.07488990,-0.22566481
64.20000000,2,body3,0.75423873,-1.30636931,-21.62667135,-0.13701942,0.23732640,-0.53421920
64.20000000,3,body4,-0.94564790,0.17279079,-19.42506016,0.03697355,-0.08573696,-0.22566234
64.25000000,0,body1,-0.25907748,0.44873763,-20.29801152,0.08988639,-0.15568673,-0.23547543
64.25000000,1,body2,0.32607864,0.90153427,-19.43643446,0.06058507,-0.07730820,-0.22899783
64.25000000,2,body3,0.74725761,-1.29427728,-21.65313271,-0.14218465,0.24627279,-0.52426909
64.25000000,3,body4,-0.94380684,0.16836881,-19.43642707,0.03665786,-0.09112037,-0.22899537
64.30000000,0,body1,-0.25455542,0.44090525,-20.30994866,0.09095470,-0.15753701,-0.24200013
64.30000000,1,body2,0.32922677,0.89761113,-19.44796551,0.06532832,-0.07959372,-0.23222827
64.30000000,2,body3,0.74002518,-1.28174999,-21.67910205,-0.14706975,0.25473398,-0.51454583
64.30000000,3,body4,-0.94198351,0.16368088,-19.44795811,0.03626558,-0.09637089,-0.23222583
64.35000000,0,body1,-0.24998601,0.43299085,-20.32221026,0.09178316,-0.15897186,-0.24844832
64.35000000,1,body2,0.33260967,0.89357713,-19.45965528,0.06997235,-0.08174180,-0.23534590
64.35000000,2,body3,0.73255569,-1.26881208,-21.70459169,-0.15166629,0.26269537,-0.50508645
64.35000000,3,body4,-0.94018156,0.15873422,-19.45964790,0.03580389,-0.10146676,-0.23534349
64.40000000,0,body1,-0.24538084,0.42501454,-20.33479176,0.09238738,-0.16001832,-0.25479217
64.40000000,1,body2,0.33622192,0.88943920,-19.47149797,0.07449937,-0.08375060,-0.23834394
64.40000000,2,body3,0.72486365,-1.25548872,-21.72961555,-0.15597159,0.27015231,-0.49591843
64.40000000,3,body4,-0.93840428,0.15353697,-19.47149060,0.03528008,-0.10639165,-0.23834155
64.45000000,0,body1,-0.24075073,0.41699501,-20.34768736,0.09278410,-0.16070536,-0.26100912
64.45000000,1,body2,0.34005730,0.88520431,-19.48348749,0.07889603,-0.08562070,-0.24121871
64.45000000,2,body3,0.71696359,-1.24180506,-21.75418871,-0.15998784,0.27710860,-0.48706039
64.45000000,3,body4,-0.93665460,0.14809801,-19.48348013,0.03470134,-0.11113431,-0.24121634
64.50000000,0,body1,-0.23610561,0.40894950,-20.36089026,0.09299040,-0.16106260,-0.26708166
64.50000000,1,body2,0.34410905,0.88087933,-19.49561764,0.08315312,-0.08735467,-0.24396922
64.50000000,2,body3,0.70886982,-1.22778590,-21.77832694,-0.16372121,0.28357493,-0.47852307
64.50000000,3,body4,-0.93493508,0.14242661,-19.49561029,0.03407449,-0.11568804,-0.24396688
64.55000000,0,body1,-0.23145458,0.40089376,-20.37439290,0.09302319,-0.16111930,-0.27299688
64.55000000,1,body2,0.34837004,0.87647097,-19.50788222,0.08726504,-0.08895664,-0.24659669
64.55000000,2,body3,0.70059627,-1.21345534,-21.80204643,-0.16718092,0.28956727,-0.47031049
64.55000000,3,body4,-0.93324798,0.13653232,-19.50787490,0.03340591,-0.12005005,-0.24659438
64.60000000,0,body1,-0.22680591,0.39284211,-20.38818717,0.09289867,-0.16090354,-0.27874597
64.60000000,1,body2,0.35283295,0.87198570,-19.52027516,0.09122931,-0.09043189,-0.24910407
64.60000000,2,body3,0.69215633,-1.19883660,-21.82536338,-0.17037841,0.29510543,-0.46242115
64.60000000,3,body4,-0.93159523,0.13042471,-19.52026787,0.03270141,-0.12422082,-0.24910179
64.65000000,0,body1,-0.22216708,0.38480751,-20.40226464,0.09263209,-0.16044172,-0.28432359
64.65000000,1,body2,0.35749037,0.86742970,-19.53279055,0.09504600,-0.09178646,-0.25149565
64.65000000,2,body3,0.68356282,-1.18395186,-21.84829383,-0.17332658,0.30021174,-0.45484916
64.65000000,3,body4,-0.92997850,0.12411329,-19.53278329,0.03196619,-0.12820346,-0.25149340
64.70000000,0,body1,-0.21754483,0.37680163,-20.41661663,0.09223753,-0.15975824,-0.28972728
64.70000000,1,body2,0.36233498,0.86280886,-19.54542274,0.09871721,-0.09302689,-0.25377663
64.70000000,2,body3,0.67482784,-1.16882209,-21.87085343,-0.17603916,0.30491002,-0.44758532
64.70000000,3,body4,-0.92839920,0.11760734,-19.54541551,0.03120486,-0.13200304,-0.25377442
64.75000000,0,body1,-0.21294524,0.36883500,-20.43123446,0.09172782,-0.15887530,-0.29495691
64.75000000,1,body2,0.36735958,0.85812871,-19.55816632,0.10224663,-0.09415993,-0.25595284
64.75000000,2,body3,0.66596283,-1.15346711,-21.89305731,-0.17853027,0.30922469,-0.44061804
64.75000000,3,body4,-0.92685853,0.11091585,-19.55815914,0.03042143,-0.13562613,-0.25595067
64.80000000,0,body1,-0.20837378,0.36091709,-20.44610945,0.09111449,-0.15781291,-0.30001416
64.80000000,1,body2,0.37255721,0.85339445,-19.57101623,0.10563905,-0.09519237,-0.25803048
64.80000000,2,body3,0.65697850,-1.13790548,-21.91491996,-0.18081395,0.31318008,-0.43393410
64.80000000,3,body4,-0.92535752,0.10404746,-19.57100909,0.02961937,-0.13908027,-0.25802834
64.85000000,0,body1,-0.20383535,0.35305641,-20.46123305,0.09040784,-0.15658888,-0.30490207
64.85000000,1,body2,0.37792115,0.84861094,-19.58396768,0.10890010,-0.09613086,-0.26001586
64.85000000,2,body3,0.64788489,-1.12215456,-21.93645521,-0.18290393,0.31679996,-0.42751935
64.85000000,3,body4,-0.92389701,0.09701042,-19.58396059,0.02880163,-0.14237367,-0.26001376
64.90000000,0,body1,-0.19933440,0.34526063,-20.47659690,0.08961698,-0.15521899,-0.30962467
64.90000000,1,body2,0.38344499,0.84378272,-19.59701623,0.11203591,-0.09698184,-0.26191531
64.90000000,2,body3,0.63869135,-1.10623055,-21.95767614,-0.18481339,0.32010719,-0.42135912
64.90000000,3,body4,-0.92247774,0.08981255,-19.59700918,0.02797073,-0.14551486,-0.26191324
64.95000000,0,body1,-0.19487492,0.33753671,-20.49219284,0.08874992,-0.15371712,-0.31418667
64.95000000,1,body2,0.38912261,0.83891401,-19.61015773,0.11505288,-0.09775145,-0.26373500
64.95000000,2,body3,0.62940659,-1.09014855,-21.97859511,-0.18655487,0.32312346,-0.41543870
64.95000000,3,body4,-0.92110029,0.08246125,-19.61015074,0.02712877,-0.14851244,-0.26373297
65.00000000,0,body1,-0.19046056,0.32989092,-20.50801298,0.08781367,-0.15209541,-0.31859318
65.00000000,1,body2,0.39494825,0.83400873,-19.62338834,0.11795753,-0.09844548,-0.26548090
65.00000000,2,body3,0.62003871,-1.07392258,-21.99922376,-0.18814013,0.32586916,-0.40974361
65.00000000,3,body4,-0.91976518,0.07496348,-19.62338141,0.02627752,-0.15137497,-0.26547890
65.05000000,0,body1,-0.18609460,0.32232899,-20.52404966,0.08681434,-0.15036445,-0.32284951
65.05000000,1,body2,0.40091645,0.82907053,-19.63670452,0.12075633,-0.09906935,-0.26715870
65.05000000,2,body3,0.61059524,-1.05756569,-22.01957300,-0.18958018,0.32836333,-0.40425980
65.05000000,3,body4,-0.91847283,0.06732579,-19.63669765,0.02541844,-0.15411074,-0.26715674
65.10000000,0,body1,-0.18178008,0.31485614,-20.54029552,0.08575725,-0.14853345,-0.32696105
65.10000000,1,body2,0.40702208,0.82410278,-19.65010300,0.12345561,-0.09962812,-0.26877379
65.10000000,2,body3,0.60108318,-1.04109001,-22.03965304,-0.19088521,0.33062364,-0.39897381
65.10000000,3,body4,-0.91722361,0.05955431,-19.65009620,0.02455273,-0.15672777,-0.26877187
65.15000000,0,body1,-0.17751976,0.30747717,-20.55674344,0.08464703,-0.14661042,-0.33093309
65.15000000,1,body2,0.41326031,0.81910861,-19.66358078,0.12606149,-0.10012646,-0.27033124
65.15000000,2,body3,0.59150905,-1.02450681,-22.05947346,-0.19206463,0.33266638,-0.39387286
65.15000000,3,body4,-0.91601782,0.05165479,-19.66357404,0.02368139,-0.15923370,-0.27032936
65.20000000,0,body1,-0.17331620,0.30019652,-20.57338658,0.08348767,-0.14460229,-0.33477077
65.20000000,1,body2,0.41962662,0.81409095,-19.67713508,0.12857982,-0.10056867,-0.27183577
65.20000000,2,body3,0.58187891,-1.00782660,-22.07904321,-0.19312710,0.33450658,-0.38894492
65.20000000,3,body4,-0.91485573,0.04363260,-19.67712842,0.02280521,-0.16163575,-0.27183393
65.25000000,0,body1,-0.16917176,0.29301826,-20.59021836,0.08228266,-0.14251509,-0.33847900
65.25000000,1,body2,0.42611677,0.80905250,-19.69076338,0.13101617,-0.10095871,-0.27329179
65.25000000,2,body3,0.57219840,-0.99105916,-22.09837065,-0.19408058,0.33615799,-0.38417873
65.25000000,3,body4,-0.91373755,0.03549276,-19.69075679,0.02192485,-0.16394071,-0.27328998
65.30000000,0,body1,-0.16508864,0.28594624,-20.60723240,0.08103502,-0.14035405,-0.34206241
65.30000000,1,body2,0.43272680,0.80399578,-19.70446335,0.13337579,-0.10130023,-0.27470338
65.30000000,2,body3,0.56247279,-0.97421360,-22.11746360,-0.19493236,0.33763323,-0.37956381
65.30000000,3,body4,-0.91266348,0.02723996,-19.70445684,0.02104083,-0.16615496,-0.27470160
65.35000000,0,body1,-0.16106892,0.27898401,-20.62442259,0.07974738,-0.13812374,-0.34552533
65.35000000,1,body2,0.43945300,0.79892312,-19.71823287,0.13566359,-0.10159655,-0.27607431
65.35000000,2,body3,0.55270699,-0.95729844,-22.13632939,-0.19568909,0.33894385,-0.37509045
65.35000000,3,body4,-0.91163370,0.01887860,-19.71822644,0.02015357,-0.16828441,-0.27607258
65.40000000,0,body1,-0.15711453,0.27213495,-20.64178300,0.07842205,-0.13582814,-0.34887176
65.40000000,1,body2,0.44629189,0.79383670,-19.73207000,0.13788419,-0.10185072,-0.27740808
65.40000000,2,body3,0.54290561,-0.94032164,-22.15497486,-0.19635686,0.34010040,-0.37074966
65.40000000,3,body4,-0.91064835,0.01041277,-19.73206365,0.01926341,-0.17033459,-0.27740638
65.45000000,0,body1,-0.15322731,0.26540223,-20.65930789,0.07706104,-0.13347076,-0.35210539
65.45000000,1,body2,0.45324021,0.78873858,-19.74597294,0.14004187,-0.10206552,-0.27870790
65.45000000,2,body3,0.53307294,-0.92329066,-22.17340642,-0.19694125,0.34111251,-0.36653317
65.45000000,3,body4,-0.90970758,0.00184630,-19.74596669,0.01837061,-0.17231060,-0.27870623
65.50000000,0,body1,-0.14940899,0.25878885,-20.67699171,0.07566615,-0.13105469,-0.35522954
65.50000000,1,body2,0.46029493,0.78363065,-19.75994009,0.14214063,-0.10224350,-0.27997672
65.50000000,2,body3,0.52321304,-0.90621250,-22.19163012,-0.19744735,0.34198902,-0.36243341
65.50000000,3,body4,-0.90881151,-0.00681721,-19.75993393,0.01747538,-0.17421716,-0.27997510
65.55000000,0,body1,-0.14566123,0.25229769,-20.69482907,0.07423897,-0.12858270,-0.35824725
65.55000000,1,body2,0.46745320,0.77851468,-19.77396997,0.14418416,-0.10238698,-0.28121728
65.55000000,2,body3,0.51332969,-0.88909374,-22.20965159,-0.19787981,0.34273798,-0.35844341
65.55000000,3,body4,-0.90796027,-0.01557441,-19.77396390,0.01657789,-0.17605865,-0.28121569
65.60000000,0,body1,-0.14198561,0.24593147,-20.71281471,0.07278093,-0.12605726,-0.36116122
65.60000000,1,body2,0.47471232,0.77339236,-19.78806122,0.14617588,-0.10249809,-0.28243207
65.60000000,2,body3,0.50342647,-0.87194056,-22.22747618,-0.19824290,0.34336678,-0.35455681
65.60000000,3,body4,-0.90715395,-0.02442214,-19.78805525,0.01567827,-0.17783908,-0.28243051
65.65000000,0,body1,-0.13838363,0.23969282,-20.73094350,0.07129333,-0.12348061,-0.36397385
65.65000000,1,body2,0.48206981,0.76826526,-19.80221261,0.14811895,-0.10257877,-0.28362339
65.65000000,2,body3,0.49350675,-0.85475880,-22.24510890,-0.19854053,0.34388221,-0.35076782
65.65000000,3,body4,-0.90639266,-0.03335744,-19.80220674,0.01477662,-0.17956215,-0.28362187
65.70000000,0,body1,-0.13485675,0.23358423,-20.74921044,0.06977736,-0.12085483,-0.36668723
65.70000000,1,body2,0.48952329,0.76313484,-19.81642302,0.15001627,-0.10263080,-0.28479336
65.70000000,2,body3,0.48357371,-0.83755397,-22.26255450,-0.19877629,0.34429048,-0.34707114
65.70000000,3,body4,-0.90567651,-0.04237754,-19.81641726,0.01387303,-0.18123129,-0.28479188
65.75000000,0,body1,-0.13140635,0.22760812,-20.76761060,0.06823412,-0.11818184,-0.36930322
65.75000000,1,body2,0.49707055,0.75800250,-19.83069144,0.15187053,-0.10265582,-0.28594392
65.75000000,2,body3,0.47363036,-0.82033129,-22.27981748,-0.19895350,0.34459733,-0.34346199
65.75000000,3,body4,-0.90500558,-0.05147980,-19.83068579,0.01296758,-0.18284963,-0.28594247
65.80000000,0,body1,-0.12803378,0.22176680,-20.78613916,0.06666467,-0.11546345,-0.37182339
65.80000000,1,body2,0.50470950,0.75286956,-19.84501693,0.15368419,-0.10265532,-0.28707686
65.80000000,2,body3,0.46367955,-0.80309569,-22.29690209,-0.19907521,0.34480804,-0.33993600
65.80000000,3,body4,-0.90437997,-0.06066178,-19.84501140,0.01206034,-0.18442004,-0.28707544
65.85000000,0,body1,-0.12474031,0.21606250,-20.80479137,0.06507001,-0.11270138,-0.37424906
65.85000000,1,body2,0.51243816,0.74773724,-19.85939867,0.15545952,-0.10263068,-0.28819381
65.85000000,2,body3,0.45372399,-0.78585185,-22.31381240,-0.19914423,0.34492751,-0.33648923
65.85000000,3,body4,-0.90379977,-0.06992114,-19.85939325,0.01115135,-0.18594519,-0.28819243
65.90000000,0,body1,-0.12152718,0.21049737,-20.82356251,0.06345108,-0.10989730,-0.37658136
65.90000000,1,body2,0.52025468,0.74260674,-19.87383588,0.15719860,-0.10258318,-0.28929629
65.90000000,2,body3,0.44376624,-0.76860422,-22.33055227,-0.19916320,0.34496026,-0.33311810
65.90000000,3,body4,-0.90326507,-0.07925567,-19.87383059,0.01024068,-0.18742750,-0.28929494
65.95000000,0,body1,-0.11839559,0.20507345,-20.84244796,0.06180885,-0.10705284,-0.37882118
65.95000000,1,body2,0.52815728,0.73747916,-19.88832789,0.15890333,-0.10251397,-0.29038567
65.95000000,2,body3,0.43380874,-0.75135704,-22.34712541,-0.19913454,0.34491053,-0.32981939
65.95000000,3,body4,-0.90277593,-0.08866330,-19.88832272,0.00932838,-0.18886922,-0.29038435
66.00000000,0,body1,-0.11534667,0.19979273,-20.86144310,0.06014423,-0.10416963,-0.38096924
66.00000000,1,body2,0.53614429,0.73235556,-19.90287406,0.16057546,-0.10242414,-0.29146323
66.00000000,2,body3,0.42385381,-0.73411432,-22.36353537,-0.19906054,0.34478225,-0.32659020
66.00000000,3,body4,-0.90233246,-0.09814204,-19.90286902,0.00841453,-0.19027240,-0.29146195
66.05000000,0,body1,-0.11238152,0.19465710,-20.88054336,0.05845817,-0.10124927,-0.38302607
66.05000000,1,body2,0.54421412,0.72723694,-19.91747384,0.16221659,-0.10231469,-0.29253015
66.05000000,2,body3,0.41390368,-0.71687990,-22.37978555,-0.19894332,0.34457913,-0.32342791
66.05000000,3,body4,-0.90193471,-0.10769002,-19.91746893,0.00749919,-0.19163891,-0.29252890
66.10000000,0,body1,-0.10950119,0.18966839,-20.89974420,0.05675160,-0.09829339,-0.38499206
66.10000000,1,body2,0.55236527,0.72212427,-19.93212672,0.16382819,-0.10218656,-0.29358750
66.10000000,2,body3,0.40396045,-0.69965743,-22.39587923,-0.19878490,0.34430464,-0.32033018
66.10000000,3,body4,-0.90158277,-0.11730544,-19.93212195,0.00658243,-0.19297051,-0.29358629
66.15000000,0,body1,-0.10670669,0.18482833,-20.91904106,0.05502547,-0.09530364,-0.38686745
66.15000000,1,body2,0.56059629,0.71701845,-19.94683225,0.16541158,-0.10204061,-0.29463628
66.15000000,2,body3,0.39402613,-0.68245041,-22.41181961,-0.19858717,0.34396206,-0.31729490
66.15000000,3,body4,-0.90127670,-0.12698661,-19.94682762,0.00566435,-0.19426877,-0.29463510
66.20000000,0,body1,-0.10399896,0.18013857,-20.93842943,0.05328076,-0.09228170,-0.38865234
66.20000000,1,body2,0.56890579,0.71192036,-19.96159002,0.16696800,-0.10187765,-0.29567740
66.20000000,2,body3,0.38410264,-0.66526214,-22.42760973,-0.19835193,0.34355451,-0.31432019
66.20000000,3,body4,-0.90101656,-0.13673188,-19.96158553,0.00474502,-0.19553516,-0.29567625
66.25000000,0,body1,-0.10137890,0.17560067,-20.95790479,0.05151846,-0.08922931,-0.39034674
66.25000000,1,body2,0.57729247,0.70683082,-19.97639967,0.16849855,-0.10169844,-0.29671170
66.25000000,2,body3,0.37419182,-0.64809582,-22.44325261,-0.19808089,0.34308496,-0.31140436
66.25000000,3,body4,-0.90080242,-0.14653971,-19.97639533,0.00382455,-0.19677103,-0.29671058
66.30000000,0,body1,-0.09884739,0.17121611,-20.97746260,0.04973959,-0.08614823,-0.39195056
66.30000000,1,body2,0.58575504,0.70175064,-19.99126088,0.17000426,-0.10150370,-0.29773995
66.30000000,2,body3,0.36429542,-0.63095447,-22.45875113,-0.19777570,0.34255625,-0.30854591
66.30000000,3,body4,-0.90063434,-0.15640860,-19.99125670,0.00290305,-0.19797761,-0.29773886
66.35000000,0,body1,-0.09640520,0.16698629,-20.99709833,0.04794523,-0.08304031,-0.39346361
66.35000000,1,body2,0.59429230,0.69668056,-20.00617336,0.17148604,-0.10129411,-0.29876287
66.35000000,2,body3,0.35441509,-0.61384097,-22.47410813,-0.19743793,0.34197110,-0.30574350
66.35000000,3,body4,-0.90051235,-0.16633711,-20.00616934,0.00198064,-0.19915604,-0.29876182
66.40000000,0,body1,-0.09405310,0.16291250,-21.01680744,0.04613645,-0.07990742,-0.39488565
66.40000000,1,body2,0.60290306,0.69162132,-20.02113688,0.17294473,-0.10107029,-0.29978113
66.40000000,2,body3,0.34455244,-0.59675808,-22.48932639,-0.19706908,0.34133214,-0.30299593
66.40000000,3,body4,-0.90043650,-0.17632385,-20.02113301,0.00105746,-0.20030737,-0.29978011
66.45000000,0,body1,-0.09179178,0.15899593,-21.03658537,0.04431439,-0.07675153,-0.39621638
66.45000000,1,body2,0.61158620,0.68657362,-20.03615120,0.17438111,-0.10083285,-0.30079533
66.45000000,2,body3,0.33470897,-0.57970844,-22.50440862,-0.19667065,0.34064192,-0.30030215
66.45000000,3,body4,-0.90040684,-0.18636751,-20.03614750,0.00013365,-0.20143255,-0.30079434
66.50000000,0,body1,-0.08962187,0.15523770,-21.05642755,0.04248020,-0.07357465,-0.39745544
66.50000000,1,body2,0.62034061,0.68153812,-20.05121613,0.17579585,-0.10058237,-0.30180602
66.50000000,2,body3,0.32488614,-0.56269453,-22.51935748,-0.19624404,0.33990290,-0.29766119
66.50000000,3,body4,-0.90042337,-0.19646680,-20.05121261,-0.00079064,-0.20253248,-0.30180507
66.55000000,0,body1,-0.08754394,0.15163878,-21.07632938,0.04063511,-0.07037888,-0.39860247
66.55000000,1,body2,0.62916523,0.67651545,-20.06633153,0.17718959,-0.10031940,-0.30281374
66.55000000,2,body3,0.31508532,-0.54571874,-22.53417560,-0.19579066,0.33911752,-0.29507221
66.55000000,3,body4,-0.90048613,-0.20662046,-20.06632818,-0.00171526,-0.20360797,-0.30281281
66.60000000,0,body1,-0.08555852,0.14820009,-21.09628626,0.03878035,-0.06716636,-0.39965706
66.60000000,1,body2,0.63805902,0.67150624,-20.08149724,0.17856290,-0.10004446,-0.30381896
66.60000000,2,body3,0.30530780,-0.52878334,-22.54886556,-0.19531187,0.33828812,-0.29253445
66.60000000,3,body4,-0.90059513,-0.21682731,-20.08149407,-0.00264001,-0.20465978,-0.30381806
66.65000000,0,body1,-0.08366605,0.14492239,-21.11629354,0.03691720,-0.06393932,-0.40061882
66.65000000,1,body2,0.64702097,0.66651106,-20.09671317,0.17991628,-0.09975808,-0.30482212
66.65000000,2,body3,0.29555484,-0.51189045,-22.56342989,-0.19480900,0.33741702,-0.29004721
66.65000000,3,body4,-0.90075036,-0.22708617,-20.09671017,-0.00356472,-0.20568861,-0.30482126
66.70000000,0,body1,-0.08186691,0.14180636,-21.13634659,0.03504700,-0.06070007,-0.40148734
66.70000000,1,body2,0.65605011,0.66153047,-20.11197920,0.18125020,-0.09946073,-0.30582364
66.70000000,2,body3,0.28582759,-0.49504211,-22.57787111,-0.19428338,0.33650651,-0.28760987
66.70000000,3,body4,-0.90095182,-0.23739592,-20.11197639,-0.00448920,-0.20669510,-0.30582281
66.75000000,0,body1,-0.08016144,0.13885255,-21.15644072,0.03317110,-0.05745096,-0.40226224
66.75000000,1,body2,0.66514546,0.65656502,-20.12729528,0.18256507,-0.09915288,-0.30682390
66.75000000,2,body3,0.27612717,-0.47824024,-22.59219170,-0.19373631,0.33555884,-0.28522187
66.75000000,3,body4,-0.90119950,-0.24775544,-20.12729266,-0.00541324,-0.20767985,-0.30682311
66.80000000,0,body1,-0.07854988,0.13606139,-21.17657124,0.03129091,-0.05419442,-0.40294317
66.80000000,1,body2,0.67430608,0.65161520,-20.14266134,0.18386127,-0.09883501,-0.30782326
66.80000000,2,body3,0.26645461,-0.46148663,-22.60639411,-0.19316906,0.33457623,-0.28288266
66.80000000,3,body4,-0.90149337,-0.25816367,-20.14265892,-0.00633663,-0.20864341,-0.30782250
66.85000000,0,body1,-0.07703240,0.13343319,-21.19673346,0.02940787,-0.05093293,-0.40352979
66.85000000,1,body2,0.68353105,0.64668153,-20.15807736,0.18513913,-0.09850755,-0.30882205
66.85000000,2,body3,0.25681089,-0.44478298,-22.62048077,-0.19258292,0.33356089,-0.28059174
66.85000000,3,body4,-0.90183339,-0.26861956,-20.15807514,-0.00725916,-0.20958630,-0.30882131
66.90000000,0,body1,-0.07560911,0.13096813,-21.21692265,0.02752345,-0.04766907,-0.40402183
66.90000000,1,body2,0.69281947,0.64176446,-20.17354331,0.18639895,-0.09817095,-0.30982057
66.90000000,2,body3,0.24719692,-0.42813087,-22.63445408,-0.19197914,0.33251501,-0.27834865
66.90000000,3,body4,-0.90221951,-0.27912208,-20.17354129,-0.00818059,-0.21050898,-0.30981987
66.95000000,0,body1,-0.07428005,0.12866628,-21.23713406,0.02563916,-0.04440543,-0.40441906
66.95000000,1,body2,0.70217042,0.63686443,-20.18905918,0.18764100,-0.09782562,-0.31081912
66.95000000,2,body3,0.23761356,-0.41153177,-22.64831643,-0.19135899,0.33144077,-0.27615290
66.95000000,3,body4,-0.90265167,-0.28967025,-20.18905737,-0.00910068,-0.21141191,-0.31081845
67.00000000,0,body1,-0.07304517,0.12652754,-21.25736297,0.02375653,-0.04114468,-0.40472131
67.00000000,1,body2,0.71158304,0.63198189,-20.20462498,0.18886551,-0.09747198,-0.31181796
67.00000000,2,body3,0.22806159,-0.39498705,-22.66207015,-0.19072371,0.33034032,-0.27400405
67.00000000,3,body4,-0.90312979,-0.30026308,-20.20462338,-0.01001920,-0.21229550,-0.31181733
67.05000000,0,body1,-0.07190434,0.12455172,-21.27760461,0.02187715,-0.03788954,-0.40492849
67.05000000,1,body2,0.72105645,0.62711722,-20.22024074,0.19007269,-0.09711045,-0.31281736
67.05000000,2,body3,0.21854173,-0.37849796,-22.67571760,-0.19007454,0.32921582,-0.27190163
67.05000000,3,body4,-0.90365380,-0.31089962,-20.22023935,-0.01093590,-0.21316012,-0.31281676
67.10000000,0,body1,-0.07085737,0.12273845,-21.29785423,0.02000258,-0.03464277,-0.40504058
67.10000000,1,body2,0.73058979,0.62227082,-20.23590648,0.19126272,-0.09674141,-0.31381756
67.10000000,2,body3,0.20905466,-0.36206565,-22.68926108,-0.18941271,0.32806940,-0.26984516
67.10000000,3,body4,-0.90422360,-0.32157892,-20.23590532,-0.01185053,-0.21400615,-0.31381699
67.15000000,0,body1,-0.06990398,0.12108725,-21.31810708,0.01813447,-0.03140716,-0.40505764
67.15000000,1,body2,0.74018220,0.61744305,-20.25162226,0.19243578,-0.09636527,-0.31481877
67.15000000,2,body3,0.19960097,-0.34569117,-22.70270288,-0.18873947,0.32690320,-0.26783417
67.15000000,3,body4,-0.90483906,-0.33230006,-20.25162132,-0.01276282,-0.21483392,-0.31481824
67.20000000,0,body1,-0.06904379,0.11959750,-21.33835842,0.01627444,-0.02818557,-0.40497982
67.20000000,1,body2,0.74983284,0.61263426,-20.26738813,0.19359199,-0.09598241,-0.31582123
67.20000000,2,body3,0.19018120,-0.32937544,-22.71604525,-0.18805602,0.32571933,-0.26586813
67.20000000,3,body4,-0.90550008,-0.34306214,-20.26738741,-0.01367251,-0.21564374,-0.31582073
67.25000000,0,body1,-0.06827637,0.11826841,-21.35860349,0.01442416,-0.02498085,-0.40480737
67.25000000,1,body2,0.75954088,0.60784477,-20.28320415,0.19473149,-0.09559319,-0.31682513
67.25000000,2,body3,0.18079583,-0.31311931,-22.72929043,-0.18736359,0.32451990,-0.26394652
67.25000000,3,body4,-0.90620652,-0.35386428,-20.28320367,-0.01457934,-0.21643591,-0.31682466
67.30000000,0,body1,-0.06760118,0.11709908,-21.37883758,0.01258528,-0.02179590,-0.40454064
67.30000000,1,body2,0.76930547,0.60307489,-20.29907041,0.19585438,-0.09519801,-0.31783068
67.30000000,2,body3,0.17144529,-0.29692350,-22.74244063,-0.18666339,0.32330701,-0.26206875
67.30000000,3,body4,-0.90695822,-0.36470558,-20.29907017,-0.01548304,-0.21721071,-0.31783024
67.35000000,0,body1,-0.06701762,0.11608845,-21.39905599,0.01075950,-0.01863363,-0.40418010
67.35000000,1,body2,0.77912579,0.59832491,-20.31498699,0.19696074,-0.09479722,-0.31883806
67.35000000,2,body3,0.16212992,-0.28078862,-22.75549803,-0.18595661,0.32208274,-0.26023423
67.35000000,3,body4,-0.90775502,-0.37558520,-20.31498699,-0.01638333,-0.21796839,-0.31883766
67.40000000,0,body1,-0.06652499,0.11523529,-21.41925404,0.00894850,-0.01549696,-0.40372629
67.40000000,1,body2,0.78900102,0.59359510,-20.33095399,0.19805067,-0.09439118,-0.31984747
67.40000000,2,body3,0.15285003,-0.26471520,-22.76846476,-0.18524446,0.32084915,-0.25844229
67.40000000,3,body4,-0.90859674,-0.38650228,-20.33095423,-0.01727996,-0.21870920,-0.31984710
67.45000000,0,body1,-0.06612250,0.11453827,-21.43942708,0.00715396,-0.01238882,-0.40317992
67.45000000,1,body2,0.79893033,0.58888573,-20.34697151,0.19912421,-0.09398024,-0.32085907
67.45000000,2,body3,0.14360585,-0.24870365,-22.78134295,-0.18452810,0.31960829,-0.25669224
67.45000000,3,body4,-0.90948320,-0.39745599,-20.34697200,-0.01817263,-0.21943338,-0.32085873
67.50000000,0,body1,-0.06580929,0.11399589,-21.45957050,0.00537759,-0.00931214,-0.40254176
67.50000000,1,body2,0.80891291,0.58419701,-20.36303967,0.20018142,-0.09356474,-0.32187304
67.50000000,2,body3,0.13439758,-0.23275428,-22.79413467,-0.18380872,0.31836219,-0.25498333
67.50000000,3,body4,-0.91041419,-0.40844549,-20.36304041,-0.01906108,-0.22014114,-0.32187274
67.55000000,0,body1,-0.06558441,0.11360649,-21.47967974,0.00362106,-0.00626983,-0.40181275
67.55000000,1,body2,0.81894795,0.57952917,-20.37915859,0.20122234,-0.09314503,-0.32288956
67.55000000,2,body3,0.12522532,-0.21686730,-22.80684196,-0.18308747,0.31711284,-0.25331478
67.55000000,3,body4,-0.91138949,-0.41946998,-20.37915958,-0.01994504,-0.22083269,-0.32288929
67.60000000,0,body1,-0.06544683,0.11336828,-21.49975028,0.00188605,-0.00326480,-0.40099391
67.60000000,1,body2,0.82903462,0.57488242,-20.39532840,0.20224701,-0.09272144,-0.32390878
67.60000000,2,body3,0.11608915,-0.20104283,-22.81946681,-0.18236548,0.31586223,-0.25168572
67.60000000,3,body4,-0.91240887,-0.43052864,-20.39532965,-0.02082424,-0.22150820,-0.32390855
67.65000000,0,body1,-0.06539542,0.11327934,-21.51977765,0.00017423,-0.00029994,-0.40008640
67.65000000,1,body2,0.83917212,0.57025694,-20.41154925,0.20325544,-0.09229428,-0.32493087
67.65000000,2,body3,0.10698908,-0.18528089,-22.83201118,-0.18164388,0.31461229,-0.25009525
67.65000000,3,body4,-0.91347209,-0.44162069,-20.41155075,-0.02169841,-0.22216788,-0.32493067
67.70000000,0,body1,-0.06542899,0.11333757,-21.53975746,-0.00151275,0.00262190,-0.39909152
67.70000000,1,body2,0.84935964,0.56565290,-20.42782127,0.20424765,-0.09186387,-0.32595599
67.70000000,2,body3,0.09792505,-0.16958139,-22.84447696,-0.18092377,0.31336494,-0.24854242
67.70000000,3,body4,-0.91457888,-0.45274532,-20.42782304,-0.02256728,-0.22281188,-0.32595583
67.75000000,0,body1,-0.06554625,0.11354076,-21.55968537,-0.00317327,0.00549789,-0.39801066
67.75000000,1,body2,0.85959636,0.56107046,-20.44414463,0.20522364,-0.09143052,-0.32698430
67.75000000,2,body3,0.08889696,-0.15394415,-22.85686603,-0.18020623,0.31212204,-0.24702620
67.75000000,3,body4,-0.91572898,-0.46390177,-20.44414666,-0.02343059,-0.22344037,-0.32698417
67.80000000,0,body1,-0.06574585,0.11388655,-21.57955712,-0.00480572,0.00832527,-0.39684536
67.80000000,1,body2,0.86988147,0.55650975,-20.46051948,0.20618341,-0.09099452,-0.32801595
67.80000000,2,body3,0.07990466,-0.13836890,-22.86918017,-0.17949233,0.31088545,-0.24554551
67.80000000,3,body4,-0.91692210,-0.47508925,-20.46052178,-0.02428808,-0.22405348,-0.32801586
67.85000000,0,body1,-0.06602633,0.11437243,-21.59936853,-0.00640852,0.01110129,-0.39559727
67.85000000,1,body2,0.88021417,0.55197090,-20.47694601,0.20712695,-0.09055617,-0.32905110
67.85000000,2,body3,0.07094795,-0.12285529,-22.88142115,-0.17878310,0.30965694,-0.24409922
67.85000000,3,body4,-0.91815794,-0.48630701,-20.47694858,-0.02513950,-0.22465136,-0.32905105
67.90000000,0,body1,-0.06638618,0.11499578,-21.61911549,-0.00798012,0.01382328,-0.39426816
67.90000000,1,body2,0.89059363,0.54745402,-20.49342438,0.20805425,-0.09011573,-0.33008989
67.90000000,2,body3,0.06202655,-0.10740287,-22.89359065,-0.17807954,0.30843826,-0.24268615
67.90000000,3,body4,-0.91943620,-0.49755429,-20.49342722,-0.02598460,-0.22523414,-0.33008988
67.95000000,0,body1,-0.06682380,0.11575382,-21.63879402,-0.00951903,0.01648863,-0.39285992
67.95000000,1,body2,0.90101906,0.54295922,-20.50995478,0.20896529,-0.08967349,-0.33113249
67.95000000,2,body3,0.05314018,-0.09201111,-22.90569030,-0.17738263,0.30723110,-0.24130505
67.95000000,3,body4,-0.92075654,-0.50883033,-20.50995791,-0.02682314,-0.22580192,-0.33113251
68.00000000,0,body1,-0.06733751,0.11664365,-21.65840020,-0.01102376,0.01909478,-0.39137457
68.00000000,1,body2,0.91148963,0.53848656,-20.52653742,0.20986004,-0.08922969,-0.33217903
68.00000000,2,body3,0.04428845,-0.07667938,-22.91772167,-0.17669332,0.30603709,-0.23995461
68.00000000,3,body4,-0.92211865,-0.52013439,-20.52654082,-0.02765488,-0.22635481,-0.33217908
68.05000000,0,body1,-0.06792558,0.11766227,-21.67793023,-0.01249288,0.02163926,-0.38981421
68.05000000,1,body2,0.92200453,0.53403613,-20.54317248,0.21073846,-0.08878458,-0.33322966
68.05000000,2,body3,0.03547099,-0.06140699,-22.92968625,-0.17601251,0.30485783,-0.23863349
68.05000000,3,body4,-0.92352216,-0.53146572,-20.54317616,-0.02847959,-0.22689292,-0.33322975
68.10000000,0,body1,-0.06858618,0.11880651,-21.69738041,-0.01392502,0.02411968,-0.38818109
68.10000000,1,body2,0.93256295,0.52960799,-20.55986018,0.21160053,-0.08833840,-0.33428452
68.10000000,2,body3,0.02668733,-0.04619316,-22.94158548,-0.17534109,0.30369482,-0.23734028
68.10000000,3,body4,-0.92496673,-0.54282360,-20.55986414,-0.02929704,-0.22741633,-0.33428465
68.15000000,0,body1,-0.06931744,0.12007313,-21.71674716,-0.01531884,0.02653372,-0.38647754
68.15000000,1,body2,0.94316405,0.52520217,-20.57660073,0.21244619,-0.08789138,-0.33534376
68.15000000,2,body3,0.01793699,-0.03103705,-22.95342072,-0.17467989,0.30254952,-0.23607354
68.15000000,3,body4,-0.92645199,-0.55420727,-20.57660497,-0.03010703,-0.22792510,-0.33534393
68.20000000,0,body1,-0.07011741,0.12145874,-21.73602703,-0.01667306,0.02887917,-0.38470599
68.20000000,1,body2,0.95380703,0.52081873,-20.59339435,0.21327540,-0.08744372,-0.33640751
68.20000000,2,body3,0.00921943,-0.01593773,-22.96519325,-0.17402972,0.30142333,-0.23483177
68.20000000,3,body4,-0.92797755,-0.56561602,-20.59339888,-0.03090935,-0.22841931,-0.33640772
68.25000000,0,body1,-0.07098407,0.12295987,-21.75521667,-0.01798644,0.03115389,-0.38286899
68.25000000,1,body2,0.96449106,0.51645768,-20.61024128,0.21408811,-0.08699562,-0.33747591
68.25000000,2,body3,0.00053409,-0.00089422,-22.97690429,-0.17339133,0.30031755,-0.23361344
68.25000000,3,body4,-0.92954303,-0.57704912,-20.61024610,-0.03170379,-0.22889901,-0.33747616
68.30000000,0,body1,-0.07191535,0.12457292,-21.77431288,-0.01925783,0.03335586,-0.38096915
68.30000000,1,body2,0.97521531,0.51211905,-20.62714175,0.21488426,-0.08654728,-0.33854908
68.30000000,2,body3,-0.00811964,0.01409454,-22.98855496,-0.17276545,0.29923343,-0.23241698
68.30000000,3,body4,-0.93114803,-0.58850584,-20.62714685,-0.03249016,-0.22936424,-0.33854937
68.35000000,0,body1,-0.07290913,0.12629421,-21.79331258,-0.02048610,0.03548316,-0.37900919
68.35000000,1,body2,0.98597895,0.50780283,-20.64409599,0.21566378,-0.08609887,-0.33962715
68.35000000,2,body3,-0.01674241,0.02902966,-23.00014632,-0.17215276,0.29817215,-0.23124077
68.35000000,3,body4,-0.93279214,-0.59998547,-20.64410139,-0.03326829,-0.22981504,-0.33962748
68.40000000,0,body1,-0.07396323,0.12811996,-21.81221284,-0.02167021,0.03753397,-0.37699189
68.40000000,1,body2,0.99678115,0.50350904,-20.66110427,0.21642661,-0.08565054,-0.34071025
68.40000000,2,body3,-0.02533488,0.04391231,-23.01167935,-0.17155387,0.29713479,-0.23008319
68.40000000,3,body4,-0.93447495,-0.61148727,-20.66110996,-0.03403799,-0.23025143,-0.34071061
68.45000000,0,body1,-0.07507540,0.13004630,-21.83101087,-0.02280917,0.03950658,-0.37492014
68.45000000,1,body2,1.00762108,0.49923766,-20.67816683,0.21717269,-0.08520246,-0.34179848
68.45000000,2,body3,-0.03389778,0.05874370,-23.02315492,-0.17096938,0.29612238,-0.22894257
68.45000000,3,body4,-0.93619602,-0.62301053,-20.67817281,-0.03479910,-0.23067343,-0.34179888
68.50000000,0,body1,-0.07624338,0.13206929,-21.84970400,-0.02390207,0.04139940,-0.37279685
68.50000000,1,body2,1.01849789,0.49498868,-20.69528393,0.21790192,-0.08475475,-0.34289195
68.50000000,2,body3,-0.04243182,0.07352512,-23.03457386,-0.17039984,0.29513584,-0.22781722
68.50000000,3,body4,-0.93795493,-0.63455454,-20.69529021,-0.03555147,-0.23108103,-0.34289240
68.55000000,0,body1,-0.07746483,0.13418489,-21.86828974,-0.02494806,0.04321096,-0.37062504
68.55000000,1,body2,1.02941074,0.49076208,-20.71245584,0.21861424,-0.08430755,-0.34399077
68.55000000,2,body3,-0.05093777,0.08825788,-23.04593687,-0.16984572,0.29417604,-0.22670545
68.55000000,3,body4,-0.93975124,-0.64611856,-20.71246241,-0.03629495,-0.23147424,-0.34399126
68.60000000,0,body1,-0.07873739,0.13638901,-21.88676575,-0.02594635,0.04493990,-0.36840774
68.60000000,1,body2,1.04035878,0.48655782,-20.72968283,0.21930956,-0.08386095,-0.34509503
68.60000000,2,body3,-0.05941641,0.10294332,-23.05724460,-0.16930748,0.29324374,-0.22560554
68.60000000,3,body4,-0.94158449,-0.65770189,-20.72968969,-0.03702939,-0.23185302,-0.34509556
68.65000000,0,body1,-0.08005865,0.13867748,-21.90512981,-0.02689622,0.04658499,-0.36614806
68.65000000,1,body2,1.05134116,0.48237587,-20.74696517,0.21998778,-0.08341507,-0.34620481
68.65000000,2,body3,-0.06786855,0.11758286,-23.06849760,-0.16878552,0.29233963,-0.22451577
68.65000000,3,body4,-0.94345423,-0.66930379,-20.74697233,-0.03775468,-0.23221736,-0.34620538
68.70000000,0,body1,-0.08142619,0.14104609,-21.92337990,-0.02779705,0.04814512,-0.36384914
68.70000000,1,body2,1.06235702,0.47821621,-20.76430314,0.22064882,-0.08296998,-0.34732020
68.70000000,2,body3,-0.07629501,0.13217790,-23.07969632,-0.16828018,0.29146431,-0.22343442
68.70000000,3,body4,-0.94536000,-0.68092355,-20.76431059,-0.03847068,-0.23256721,-0.34732081
68.75000000,0,body1,-0.08283753,0.14349056,-21.94151412,-0.02864825,0.04961930,-0.36151416
68.75000000,1,body2,1.07340551,0.47407878,-20.78169702,0.22129258,-0.08252576,-0.34844125
68.75000000,2,body3,-0.08469662,0.14672991,-23.09084115,-0.16779176,0.29061831,-0.22235977
68.75000000,3,body4,-0.94730133,-0.69256044,-20.78170477,-0.03917729,-0.23290254,-0.34844190
68.80000000,0,body1,-0.08429018,0.14600657,-21.95953077,-0.02944933,0.05100667,-0.35914633
68.80000000,1,body2,1.08448575,0.46996354,-20.79914710,0.22191895,-0.08208248,-0.34956802
68.80000000,2,body3,-0.09307424,0.16124036,-23.10193238,-0.16732052,0.28980205,-0.22129009
68.80000000,3,body4,-0.94927776,-0.70421373,-20.79915514,-0.03987439,-0.23322327,-0.34956872
68.85000000,0,body1,-0.08578162,0.14858977,-21.97742826,-0.03019986,0.05230649,-0.35674886
68.85000000,1,body2,1.09559687,0.46587045,-20.81665366,0.22252784,-0.08164017,-0.35070057
68.85000000,2,body3,-0.10142874,0.17571074,-23.11297021,-0.16686665,0.28901590,-0.22022370
68.85000000,3,body4,-0.95128879,-0.71588270,-20.81666200,-0.04056191,-0.23352935,-0.35070131
68.90000000,0,body1,-0.08730932,0.15123575,-21.99520521,-0.03089949,0.05351814,-0.35432499
68.90000000,1,body2,1.10673800,0.46179945,-20.83421699,0.22311913,-0.08119888,-0.35183891
68.90000000,2,body3,-0.10976099,0.19014258,-23.12395477,-0.16643032,0.28826012,-0.21915889
68.90000000,3,body4,-0.95333396,-0.72756660,-20.83422563,-0.04123974,-0.23382070,-0.35183970
68.95000000,0,body1,-0.08887072,0.15394011,-22.01286038,-0.03154794,0.05464115,-0.35187798
68.95000000,1,body2,1.11790826,0.45775049,-20.85183739,0.22369270,-0.08075865,-0.35298308
68.95000000,2,body3,-0.11807186,0.20453739,-23.13488610,-0.16601163,0.28753491,-0.21809401
68.95000000,3,body4,-0.95541277,-0.73926470,-20.85184632,-0.04190781,-0.23409724,-0.35298392
69.00000000,0,body1,-0.09046326,0.15669838,-22.03039268,-0.03214500,0.05567514,-0.34941106
69.00000000,1,body2,1.12910674,0.45372352,-20.86951514,0.22424846,-0.08031947,-0.35413309
69.00000000,2,body3,-0.12636224,0.21889670,-23.14576415,-0.16561065,0.28684036,-0.21702741
69.00000000,3,body4,-0.95752473,-0.75097625,-20.86952437,-0.04256604,-0.23435888,-0.35413397
69.05000000,0,body1,-0.09208436,0.15950613,-22.04780120,-0.03269053,0.05661987,-0.34692749
69.05000000,1,body2,1.14033257,0.44971848,-20.88725054,0.22478626,-0.07988137,-0.35528892
69.05000000,2,body3,-0.13463302,0.23322205,-23.15658879,-0.16522739,0.28617650,-0.21595749
69.05000000,3,body4,-0.95966936,-0.76270052,-20.88726007,-0.04321438,-0.23460551,-0.35528985
69.10000000,0,body1,-0.09373145,0.16235888,-22.06508520,-0.03318446,0.05747523,-0.34443048
69.10000000,1,body2,1.15158484,0.44573533,-20.90504388,0.22530600,-0.07944434,-0.35645056
69.10000000,2,body3,-0.14288508,0.24751497,-23.16735981,-0.16486182,0.28554330,-0.21488266
69.10000000,3,body4,-0.96184615,-0.77443673,-20.90505371,-0.04385275,-0.23483703,-0.35645154
69.15000000,0,body1,-0.09540194,0.16525216,-22.08224408,-0.03362679,0.05824122,-0.34192325
69.15000000,1,body2,1.16286264,0.44177401,-20.92289544,0.22580756,-0.07900837,-0.35761798
69.15000000,2,body3,-0.15111931,0.26177699,-23.17807695,-0.16451387,0.28494062,-0.21380140
69.15000000,3,body4,-0.96405460,-0.78618415,-20.92290557,-0.04448111,-0.23505333,-0.35761900
69.20000000,0,body1,-0.09709327,0.16818152,-22.09927741,-0.03401758,0.05891795,-0.33940898
69.20000000,1,body2,1.17416507,0.43783446,-20.94080553,0.22629079,-0.07857344,-0.35879112
69.20000000,2,body3,-0.15933658,0.27600964,-23.18873982,-0.16418343,0.28436827,-0.21271219
69.20000000,3,body4,-0.96629422,-0.79794200,-20.94081595,-0.04509941,-0.23525429,-0.35879220
69.25000000,0,body1,-0.09880285,0.17114248,-22.11618491,-0.03435698,0.05950565,-0.33689082
69.25000000,1,body2,1.18549119,0.43391664,-20.95877441,0.22675558,-0.07813952,-0.35996993
69.25000000,2,body3,-0.16753776,0.29021443,-23.19934801,-0.16387035,0.28382598,-0.21161361
69.25000000,3,body4,-0.96856449,-0.80970951,-20.95878513,-0.04570760,-0.23543978,-0.35997106
69.30000000,0,body1,-0.10052811,0.17413060,-22.13296648,-0.03464518,0.06000469,-0.33437189
69.30000000,1,body2,1.19684009,0.43002050,-20.97680237,0.22720179,-0.07770659,-0.36115432
69.30000000,2,body3,-0.17572373,0.30439284,-23.20990100,-0.16357443,0.28331341,-0.21050424
69.30000000,3,body4,-0.97086491,-0.82148591,-20.97681339,-0.04630566,-0.23560968,-0.36115550
69.35000000,0,body1,-0.10226652,0.17714147,-22.14962214,-0.03488245,0.06041550,-0.33185526
69.35000000,1,body2,1.20821084,0.42614598,-20.99488969,0.22762929,-0.07727459,-0.36234420
69.35000000,2,body3,-0.18389532,0.31854635,-23.22039823,-0.16329543,0.28283017,-0.20938274
69.35000000,3,body4,-0.97319498,-0.83327041,-20.99490101,-0.04689355,-0.23576385,-0.36234543
69.40000000,0,body1,-0.10401552,0.18017069,-22.16615209,-0.03506912,0.06073867,-0.32934396
69.40000000,1,body2,1.21960249,0.42229304,-21.01303664,0.22803796,-0.07684350,-0.36353945
69.40000000,2,body3,-0.19205339,0.33267643,-23.23083905,-0.16303310,0.28237579,-0.20824782
69.40000000,3,body4,-0.97555419,-0.84506223,-21.01304826,-0.04747124,-0.23590216,-0.36354075
69.45000000,0,body1,-0.10577259,0.18321389,-22.18255668,-0.03520556,0.06097484,-0.32684097
69.45000000,1,body2,1.23101411,0.41846165,-21.03124348,0.22842765,-0.07641326,-0.36473995
69.45000000,2,body3,-0.20019875,0.34678449,-23.24122277,-0.16278713,0.28194974,-0.20709826
69.45000000,3,body4,-0.97794201,-0.85686056,-21.03125541,-0.04803870,-0.23602446,-0.36474131
69.50000000,0,body1,-0.10753524,0.18626674,-22.19883638,-0.03529223,0.06112481,-0.32434919
69.50000000,1,body2,1.24244473,0.41465175,-21.04951048,0.22879824,-0.07598382,-0.36594556
69.50000000,2,body3,-0.20833222,0.36087195,-23.25154861,-0.16255718,0.28155146,-0.20593287
69.50000000,3,body4,-0.98035795,-0.86866461,-21.04952271,-0.04859592,-0.23613061,-0.36594697
69.55000000,0,body1,-0.10930099,0.18932495,-22.21499183,-0.03532962,0.06118942,-0.32187149
69.55000000,1,body2,1.25389340,0.41086331,-21.06783789,0.22914958,-0.07555511,-0.36715611
69.55000000,2,body3,-0.21645458,0.37494017,-23.26181577,-0.16234290,0.28118030,-0.20475057
69.55000000,3,body4,-0.98280149,-0.88047356,-21.06785042,-0.04914288,-0.23622048,-0.36715758
69.60000000,0,body1,-0.11106739,0.19238428,-22.23102381,-0.03531829,0.06116965,-0.31941064
69.60000000,1,body2,1.26535916,0.40709629,-21.08622594,0.22948155,-0.07512710,-0.36837142
69.60000000,2,body3,-0.22456662,0.38899050,-23.27202337,-0.16214388,0.28083560,-0.20355030
69.60000000,3,body4,-0.98527212,-0.89228660,-21.08623878,-0.04967955,-0.23629391,-0.36837295
69.65000000,0,body1,-0.11283202,0.19544053,-22.24693322,-0.03525884,0.06106653,-0.31696938
69.65000000,1,body2,1.27684103,0.40335067,-21.10467488,0.22979402,-0.07469971,-0.36959130
69.65000000,2,body3,-0.23266908,0.40302424,-23.28217049,-0.16195971,0.28051661,-0.20233111
69.65000000,3,body4,-0.98776931,-0.90410289,-21.10468803,-0.05020593,-0.23635077,-0.36959290
69.70000000,0,body1,-0.11459248,0.19848956,-22.26272112,-0.03515193,0.06088121,-0.31455035
69.70000000,1,body2,1.28833803,0.39962640,-21.12318491,0.23008685,-0.07427289,-0.37081554
69.70000000,2,body3,-0.24076270,0.41704265,-23.29225615,-0.16178995,0.28022258,-0.20109209
69.70000000,3,body4,-0.99029256,-0.91592161,-21.12319838,-0.05072201,-0.23639091,-0.37081720
69.75000000,0,body1,-0.11634643,0.20152730,-22.27838867,-0.03499826,0.06061490,-0.31215610
69.75000000,1,body2,1.29984918,0.39592347,-21.14175627,0.23035992,-0.07384657,-0.37204391
69.75000000,2,body3,-0.24884818,0.43104697,-23.30227935,-0.16163412,0.27995268,-0.19983241
69.75000000,3,body4,-0.99284135,-0.92774192,-21.14177004,-0.05122776,-0.23641419,-0.37204563
69.80000000,0,body1,-0.11809154,0.20454972,-22.29393718,-0.03479857,0.06026889,-0.30978915
69.80000000,1,body2,1.31137349,0.39224185,-21.16038914,0.23061310,-0.07342071,-0.37327616
69.80000000,2,body3,-0.25692622,0.44503838,-23.31223904,-0.16149175,0.27970609,-0.19855131
69.80000000,3,body4,-0.99541517,-0.93956298,-21.16040323,-0.05172317,-0.23642047,-0.37327795
69.85000000,0,body1,-0.11982554,0.20755288,-22.30936808,-0.03455366,0.05984456,-0.30745188
69.85000000,1,body2,1.32290996,0.38858151,-21.17908372,0.23084626,-0.07299524,-0.37451205
69.85000000,2,body3,-0.26499746,0.45901802,-23.32213411,-0.16136232,0.27948193,-0.19724811
69.85000000,3,body4,-0.99801349,-0.95138392,-21.17909813,-0.05220824,-0.23640962,-0.37451390
69.90000000,0,body1,-0.12154617,0.21053289,-22.32468290,-0.03426436,0.05934333,-0.30514664
69.90000000,1,body2,1.33445759,0.38494245,-21.19784017,0.23105929,-0.07257011,-0.37575128
69.90000000,2,body3,-0.27306255,0.47298699,-23.33196347,-0.16124532,0.27927928,-0.19592220
69.90000000,3,body4,-1.00063580,-0.96320389,-21.19785491,-0.05268294,-0.23638150,-0.37575321
69.95000000,0,body1,-0.12325125,0.21348596,-22.33988331,-0.03393153,0.05876670,-0.30287564
69.95000000,1,body2,1.34601536,0.38132465,-21.21665867,0.23125207,-0.07214527,-0.37699357
69.95000000,2,body3,-0.28112209,0.48694635,-23.34172595,-0.16114021,0.27909724,-0.19457304
69.95000000,3,body4,-1.00328158,-0.97502202,-21.21667373,-0.05314726,-0.23633599,-0.37699557
70.00000000,0,body1,-0.12493861,0.21640833,-22.35497107,-0.03355607,0.05811624,-0.30064104
70.00000000,1,body2,1.35758226,0.37772808,-21.23553935,0.23142448,-0.07172068,-0.37823862
70.00000000,2,body3,-0.28917666,0.50089710,-23.35142038,-0.16104644,0.27893483,-0.19320017
70.00000000,3,body4,-1.00595031,-0.98683744,-21.23555474,-0.05360120,-0.23627296,-0.37824070
70.05000000,0,body1,-0.12660616,0.21929638,-22.36994806,-0.03313891,0.05739357,-0.29844489
70.05000000,1,body2,1.36915728,0.37415275,-21.25448234,0.23157641,-0.07129628,-0.37948610
70.05000000,2,body3,-0.29722682,0.51484020,-23.36104556,-0.16096345,0.27879111,-0.19180319
70.05000000,3,body4,-1.00864147,-0.99864927,-21.25449807,-0.05404471,-0.23619231,-0.37948826
70.10000000,0,body1,-0.12825182,0.22214652,-22.38481624,-0.03268102,0.05660035,-0.29628917
70.10000000,1,body2,1.38073937,0.37059864,-21.27348777,0.23170776,-0.07087205,-0.38073570
70.10000000,2,body3,-0.30527309,0.52877656,-23.37060029,-0.16089068,0.27866508,-0.19038179
70.10000000,3,body4,-1.01135454,-1.01045663,-21.27350383,-0.05447780,-0.23609391,-0.38073793
70.15000000,0,body1,-0.12987360,0.22495526,-22.39957768,-0.03218340,0.05573830,-0.29417574
70.15000000,1,body2,1.39232752,0.36706574,-21.29255571,0.23181843,-0.07044796,-0.38198705
70.15000000,2,body3,-0.31331596,0.54270704,-23.38008333,-0.16082755,0.27855577,-0.18893572
70.15000000,3,body4,-1.01408900,-1.02225863,-21.29257212,-0.05490043,-0.23597768,-0.38198936
70.20000000,0,body1,-0.13146952,0.22771923,-22.41423455,-0.03164705,0.05480918,-0.29210638
70.20000000,1,body2,1.40392068,0.36355405,-21.31168626,0.23190833,-0.07002397,-0.38323980
70.20000000,2,body3,-0.32135592,0.55663244,-23.38949345,-0.16077350,0.27846216,-0.18746481
70.20000000,3,body4,-1.01684432,-1.03405437,-21.31170302,-0.05531258,-0.23584351,-0.38324220
70.25000000,0,body1,-0.13303767,0.23043509,-22.42878908,-0.03107302,0.05381479,-0.29008278
70.25000000,1,body2,1.41551782,0.36006356,-21.33087948,0.23197735,-0.06960008,-0.38449359
70.25000000,2,body3,-0.32939338,0.57055354,-23.39882940,-0.16072793,0.27838326,-0.18596895
70.25000000,3,body4,-1.01961998,-1.04584295,-21.33089659,-0.05571421,-0.23569132,-0.38449607
70.30000000,0,body1,-0.13457621,0.23309965,-22.44324361,-0.03046236,0.05275697,-0.28810653
70.30000000,1,body2,1.42711788,0.35659427,-21.35013540,0.23202543,-0.06917627,-0.38574803
70.30000000,2,body3,-0.33742877,0.58447104,-23.40808993,-0.16069027,0.27831805,-0.18444810
70.30000000,3,body4,-1.02241545,-1.05762348,-21.35015287,-0.05610530,-0.23552103,-0.38575060
70.35000000,0,body1,-0.13608332,0.23570977,-22.45760055,-0.02981616,0.05163759,-0.28617914
70.35000000,1,body2,1.43871983,0.35314618,-21.36945405,0.23205249,-0.06875254,-0.38700273
70.35000000,2,body3,-0.34546247,0.59838559,-23.41727379,-0.16065994,0.27826554,-0.18290230
70.35000000,3,body4,-1.02523021,-1.06939504,-21.36947189,-0.05648580,-0.23533257,-0.38700539
70.40000000,0,body1,-0.13755725,0.23826241,-22.47186236,-0.02913552,0.05045855,-0.28430199
70.40000000,1,body2,1.45032260,0.34971928,-21.38883543,0.23205845,-0.06832890,-0.38825730
70.40000000,2,body3,-0.35349482,0.61229782,-23.42637974,-0.16063636,0.27822473,-0.18133165
70.40000000,3,body4,-1.02806372,-1.08115672,-21.38885364,-0.05685569,-0.23512589,-0.38826005
70.45000000,0,body1,-0.13899631,0.24075466,-22.48603161,-0.02842153,0.04922176,-0.28247641
70.45000000,1,body2,1.46192514,0.34631356,-21.40827953,0.23204324,-0.06790536,-0.38951133
70.45000000,2,body3,-0.36152616,0.62620827,-23.43540654,-0.16061896,0.27819462,-0.17973630
70.45000000,3,body4,-1.03091546,-1.09290762,-21.40829812,-0.05721490,-0.23490094,-0.38951417
70.50000000,0,body1,-0.14039887,0.24318366,-22.50011088,-0.02767532,0.04792916,-0.28070361
70.50000000,1,body2,1.47352638,0.34292903,-21.42778631,0.23200682,-0.06748195,-0.39076439
70.50000000,2,body3,-0.36955676,0.64011747,-23.44435296,-0.16060718,0.27817423,-0.17811647
70.50000000,3,body4,-1.03378488,-1.10464681,-21.42780529,-0.05756339,-0.23465768,-0.39076733
70.55000000,0,body1,-0.14176333,0.24554668,-22.51410287,-0.02689803,0.04658273,-0.27898470
70.55000000,1,body2,1.48512528,0.33956566,-21.44735570,0.23194913,-0.06705871,-0.39201608
70.55000000,2,body3,-0.37758691,0.65402587,-23.45321779,-0.16060044,0.27816260,-0.17647245
70.55000000,3,body4,-1.03667145,-1.11637338,-21.44737508,-0.05790111,-0.23439608,-0.39201912
70.60000000,0,body1,-0.14308817,0.24784107,-22.52801027,-0.02609079,0.04518442,-0.27732074
70.60000000,1,body2,1.49672076,0.33622346,-21.46698763,0.23187013,-0.06663567,-0.39326596
70.60000000,2,body3,-0.38561684,0.66793388,-23.46199981,-0.16059820,0.27815875,-0.17480457
70.60000000,3,body4,-1.03957463,-1.12808642,-21.46700742,-0.05822800,-0.23411613,-0.39326910
70.65000000,0,body1,-0.14437193,0.25006429,-22.54183587,-0.02525474,0.04373622,-0.27571265
70.65000000,1,body2,1.50831176,0.33290241,-21.48668201,0.23176978,-0.06621289,-0.39451360
70.65000000,2,body3,-0.39364677,0.68184188,-23.47069785,-0.16059991,0.27816175,-0.17311324
70.65000000,3,body4,-1.04249388,-1.13978501,-21.48670221,-0.05854398,-0.23381783,-0.39451684
70.70000000,0,body1,-0.14561318,0.25221389,-22.55558248,-0.02439104,0.04224013,-0.27416129
70.70000000,1,body2,1.51989720,0.32960250,-21.50643869,0.23164806,-0.06579044,-0.39575856
70.70000000,2,body3,-0.40167686,0.69575017,-23.47931075,-0.16060505,0.27817069,-0.17139889
70.70000000,3,body4,-1.04542865,-1.15146823,-21.50645932,-0.05884900,-0.23350118,-0.39576190
70.75000000,0,body1,-0.14681059,0.25428754,-22.56925296,-0.02350083,0.04069813,-0.27266743
70.75000000,1,body2,1.53147602,0.32632371,-21.52625755,0.23150494,-0.06536839,-0.39700041
70.75000000,2,body3,-0.40970729,0.70965904,-23.48783737,-0.16061309,0.27818464,-0.16966203
70.75000000,3,body4,-1.04837839,-1.16313515,-21.52627861,-0.05914297,-0.23316621,-0.39700386
70.80000000,0,body1,-0.14796284,0.25628297,-22.58285019,-0.02258528,0.03911223,-0.27123173
70.80000000,1,body2,1.54304716,0.32306601,-21.54613840,0.23134041,-0.06494682,-0.39823870
70.80000000,2,body3,-0.41773819,0.72356872,-23.49627659,-0.16062351,0.27820274,-0.16790318
70.80000000,3,body4,-1.05134254,-1.17478488,-21.54615991,-0.05942582,-0.23281294,-0.39824225
70.85000000,0,body1,-0.14906871,0.25819806,-22.59637711,-0.02164552,0.03748441,-0.26985480
70.85000000,1,body2,1.55460953,0.31982938,-21.56608108,0.23115446,-0.06452584,-0.39947299
70.85000000,2,body3,-0.42576966,0.73747938,-23.50462733,-0.16063584,0.27822412,-0.16612296
70.85000000,3,body4,-1.05432056,-1.18641648,-21.56610304,-0.05969746,-0.23244141,-0.39947665
70.90000000,0,body1,-0.15012701,0.26003075,-22.60983666,-0.02068272,0.03581668,-0.26853715
70.90000000,1,body2,1.56616206,0.31661379,-21.58608535,0.23094710,-0.06410555,-0.40070283
70.90000000,2,body3,-0.43380179,0.75139118,-23.51288854,-0.16064957,0.27824796,-0.16432198
70.90000000,3,body4,-1.05731186,-1.19802906,-21.58610778,-0.05995779,-0.23205169,-0.40070661
70.95000000,0,body1,-0.15113662,0.26177909,-22.62323182,-0.01969801,0.03411100,-0.26727920
70.95000000,1,body2,1.57770370,0.31341920,-21.60615099,0.23071833,-0.06368606,-0.40192780
70.95000000,2,body3,-0.44183463,0.76530421,-23.52105919,-0.16066426,0.27827343,-0.16250091
70.95000000,3,body4,-1.06031590,-1.20962170,-21.60617390,-0.06020672,-0.23164383,-0.40193169
71.00000000,0,body1,-0.15209647,0.26344125,-22.63656558,-0.01869254,0.03236937,-0.26608130
71.00000000,1,body2,1.58923336,0.31024557,-21.62627775,0.23046818,-0.06326751,-0.40314744
71.00000000,2,body3,-0.44986822,0.77921854,-23.52913831,-0.16067944,0.27829977,-0.16066046
71.00000000,3,body4,-1.06333209,-1.22119350,-21.62630115,-0.06044415,-0.23121792,-0.40315145
71.05000000,0,body1,-0.15300555,0.26501546,-22.64984096,-0.01766744,0.03059373,-0.26494372
71.05000000,1,body2,1.60074998,0.30709285,-21.64646535,0.23019665,-0.06285003,-0.40436132
71.05000000,2,body3,-0.45790257,0.79313419,-23.53712493,-0.16069468,0.27832621,-0.15880137
71.05000000,3,body4,-1.06635986,-1.23274356,-21.64648925,-0.06066997,-0.23077404,-0.40436545
71.10000000,0,body1,-0.15386290,0.26650009,-22.66306096,-0.01662384,0.02878606,-0.26386666
71.10000000,1,body2,1.61225248,0.30396097,-21.66671348,0.22990379,-0.06243378,-0.40556901
71.10000000,2,body3,-0.46593768,0.80705115,-23.54501814,-0.16070956,0.27835203,-0.15692440
71.10000000,3,body4,-1.06939862,-1.24427098,-21.66673790,-0.06088407,-0.23031229,-0.40557326
71.15000000,0,body1,-0.15466764,0.26789357,-22.67622863,-0.01556284,0.02694826,-0.26285024
71.15000000,1,body2,1.62373982,0.30084987,-21.68702183,0.22958963,-0.06201891,-0.40677007
71.15000000,2,body3,-0.47397352,0.82096937,-23.55281708,-0.16072368,0.27837654,-0.15503036
71.15000000,3,body4,-1.07244779,-1.25577487,-21.68704678,-0.06108632,-0.22983280,-0.40677444
71.20000000,0,body1,-0.15541892,0.26919445,-22.68934700,-0.01448557,0.02508228,-0.26189452
71.20000000,1,body2,1.63521091,0.29775949,-21.70739005,0.22925421,-0.06160558,-0.40796409
71.20000000,2,body3,-0.48201004,0.83488876,-23.56052091,-0.16073665,0.27839906,-0.15312007
71.20000000,3,body4,-1.07550677,-1.26725434,-21.70741554,-0.06127660,-0.22933567,-0.40796858
71.25000000,0,body1,-0.15611595,0.27040136,-22.70241910,-0.01339312,0.02319000,-0.26099947
71.25000000,1,body2,1.64666470,0.29468973,-21.72781778,0.22889758,-0.06119399,-0.40915065
71.25000000,2,body3,-0.49004718,0.84880922,-23.56812883,-0.16074811,0.27841895,-0.15119436
71.25000000,3,body4,-1.07857495,-1.27870852,-21.72784384,-0.06145477,-0.22882104,-0.40915526
71.30000000,0,body1,-0.15675799,0.27151304,-22.71544796,-0.01228657,0.02127330,-0.26016500
71.30000000,1,body2,1.65810013,0.29164051,-21.74830465,0.22851980,-0.06078432,-0.41032933
71.30000000,2,body3,-0.49808484,0.86273059,-23.57564010,-0.16075770,0.27843562,-0.14925410
71.30000000,3,body4,-1.08165174,-1.29013654,-21.74833127,-0.06162072,-0.22828905,-0.41033407
71.35000000,0,body1,-0.15734438,0.27252831,-22.72843660,-0.01116699,0.01933404,-0.25939098
71.35000000,1,body2,1.66951614,0.28861173,-21.76885024,0.22812092,-0.06037676,-0.41149973
71.35000000,2,body3,-0.50612294,0.87665270,-23.58305402,-0.16076509,0.27844848,-0.14730018
71.35000000,3,body4,-1.08473651,-1.30153753,-21.76887744,-0.06177428,-0.22773985,-0.41150460
71.40000000,0,body1,-0.15787449,0.27344610,-22.74138806,-0.01003544,0.01737404,-0.25867719
71.40000000,1,body2,1.68091168,0.28560327,-21.78945413,0.22770102,-0.05997153,-0.41266146
71.40000000,2,body3,-0.51416134,0.89057535,-23.59036991,-0.16076996,0.27845698,-0.14533348
71.40000000,3,body4,-1.08782865,-1.31291064,-21.78948193,-0.06191532,-0.22717361,-0.41266646
71.45000000,0,body1,-0.15834775,0.27426540,-22.75430532,-0.00889296,0.01539513,-0.25802336
71.45000000,1,body2,1.69228570,0.28261501,-21.81011588,0.22726017,-0.05956884,-0.41381415
71.45000000,2,body3,-0.52219992,0.90449830,-23.59758717,-0.16077202,0.27846061,-0.14335490
71.45000000,3,body4,-1.09092751,-1.32425502,-21.81014430,-0.06204368,-0.22659050,-0.41381927
71.50000000,0,body1,-0.15876362,0.27498532,-22.76719139,-0.00774059,0.01339908,-0.25742916
71.50000000,1,body2,1.70363716,0.27964682,-21.83083502,0.22679843,-0.05916892,-0.41495740
71.50000000,2,body3,-0.53023852,0.91842130,-23.60470522,-0.16077099,0.27845887,-0.14136537
71.50000000,3,body4,-1.09403248,-1.33556982,-21.83086407,-0.06215921,-0.22599068,-0.41496266
71.55000000,0,body1,-0.15912166,0.27560505,-22.78004923,-0.00657933,0.01138764,-0.25689420
71.55000000,1,body2,1.71496501,0.27669856,-21.85161108,0.22631589,-0.05877200,-0.41609086
71.55000000,2,body3,-0.53827700,0.93234407,-23.61172353,-0.16076659,0.27845132,-0.13936579
71.55000000,3,body4,-1.09714289,-1.34685422,-21.85164077,-0.06226174,-0.22537435,-0.41609625
71.60000000,0,body1,-0.15942143,0.27612386,-22.79288179,-0.00541019,0.00936255,-0.25641807
71.60000000,1,body2,1.72626821,0.27377006,-21.87244356,0.22581263,-0.05837832,-0.41721418
71.60000000,2,body3,-0.54631516,0.94626630,-23.61864164,-0.16075857,0.27843750,-0.13735708
71.60000000,3,body4,-1.10025810,-1.35810739,-21.87247391,-0.06235111,-0.22474170,-0.41721970
71.65000000,0,body1,-0.15966256,0.27654111,-22.80569200,-0.00423414,0.00732549,-0.25600026
71.65000000,1,body2,1.73754574,0.27086117,-21.89333193,0.22528873,-0.05798812,-0.41832702
71.65000000,2,body3,-0.55435284,0.96018768,-23.62545911,-0.16074672,0.27841704,-0.13534018
71.65000000,3,body4,-1.10337744,-1.36932853,-21.89336296,-0.06242713,-0.22409292,-0.41833267
71.70000000,0,body1,-0.15984474,0.27685624,-22.81848278,-0.00305214,0.00527814,-0.25564025
71.70000000,1,body2,1.74879655,0.26797169,-21.91427568,0.22474428,-0.05760168,-0.41942905
71.70000000,2,body3,-0.56238982,0.97410786,-23.63217554,-0.16073080,0.27838953,-0.13331599
71.70000000,3,body4,-1.10650024,-1.38051684,-21.91430740,-0.06248965,-0.22342822,-0.41943484
71.75000000,0,body1,-0.15996769,0.27706878,-22.83125698,-0.00186515,0.00322214,-0.25533745
71.75000000,1,body2,1.76001963,0.26510144,-21.93527424,0.22417937,-0.05721924,-0.42051996
71.75000000,2,body3,-0.57042590,0.98802648,-23.63879060,-0.16071062,0.27835465,-0.13128544
71.75000000,3,body4,-1.10962583,-1.39167151,-21.93530667,-0.06253846,-0.22274780,-0.42052588
71.80000000,0,body1,-0.16003119,0.27717833,-22.84401747,-0.00067409,0.00115909,-0.25509125
71.80000000,1,body2,1.77121396,0.26225021,-21.95632706,0.22359408,-0.05684107,-0.42159945
71.80000000,2,body3,-0.57846086,1.00194317,-23.64530399,-0.16068599,0.27831206,-0.12924943
71.80000000,3,body4,-1.11275351,-1.40279178,-21.95636021,-0.06257338,-0.22205188,-0.42160550
71.85000000,0,body1,-0.16003505,0.27718460,-22.85676704,0.00052013,-0.00090942,-0.25490099
71.85000000,1,body2,1.78237851,0.25941777,-21.97743356,0.22298851,-0.05646746,-0.42266723
71.85000000,2,body3,-0.58649448,1.01585752,-23.65171547,-0.16065673,0.27826147,-0.12720886
71.85000000,3,body4,-1.11588258,-1.41387687,-21.97746745,-0.06259423,-0.22134067,-0.42267341
71.90000000,0,body1,-0.15997914,0.27708733,-22.86950848,0.00171661,-0.00298185,-0.25476596
71.90000000,1,body2,1.79351228,0.25660390,-21.99859315,0.22236275,-0.05609868,-0.42372303
71.90000000,2,body3,-0.59452651,1.02976914,-23.65802482,-0.16062269,0.27820259,-0.12516463
71.90000000,3,body4,-1.11901234,-1.42492603,-21.99862779,-0.06260079,-0.22061439,-0.42372935
71.95000000,0,body1,-0.15986336,0.27688637,-22.88224454,0.00291448,-0.00505668,-0.25468542
71.95000000,1,body2,1.80461426,0.25380834,-22.01980521,0.22171688,-0.05573502,-0.42476661
71.95000000,2,body3,-0.60255673,1.04367760,-23.66423188,-0.16058373,0.27813518,-0.12311762
71.95000000,3,body4,-1.12214207,-1.43593849,-22.01984063,-0.06259287,-0.21987325,-0.42477306
72.00000000,0,body1,-0.15968768,0.27658164,-22.89497792,0.00411289,-0.00713244,-0.25465861
72.00000000,1,body2,1.81568344,0.25103083,-22.04106914,0.22105098,-0.05537677,-0.42579771
72.00000000,2,body3,-0.61058487,1.05758247,-23.67033655,-0.16053970,0.27805900,-0.12106869
72.00000000,3,body4,-1.12527103,-1.44691354,-22.04110535,-0.06257026,-0.21911748,-0.42580430
72.05000000,0,body1,-0.15945208,0.27617314,-22.90771129,0.00531099,-0.00920766,-0.25468473
72.05000000,1,body2,1.82671883,0.24827109,-22.06238431,0.22036515,-0.05502422,-0.42681612
72.05000000,2,body3,-0.61861068,1.07148331,-23.67633873,-0.16049048,0.27797385,-0.11901869
72.05000000,3,body4,-1.12839849,-1.45785043,-22.06242132,-0.06253275,-0.21834729,-0.42682283
72.10000000,0,body1,-0.15915660,0.27566091,-22.92044726,0.00650796,-0.01128092,-0.25476294
72.10000000,1,body2,1.83771943,0.24552883,-22.08375006,0.21965946,-0.05467767,-0.42782162
72.10000000,2,body3,-0.62663390,1.08537966,-23.68223841,-0.16043597,0.27787952,-0.11696845
72.10000000,3,body4,-1.13152369,-1.46874846,-22.08378789,-0.06248010,-0.21756291,-0.42782847
72.15000000,0,body1,-0.15880132,0.27504510,-22.93318843,0.00770300,-0.01335084,-0.25489237
72.15000000,1,body2,1.84868425,0.24280375,-22.10516577,0.21893398,-0.05433743,-0.42881402
72.15000000,2,body3,-0.63465426,1.09927107,-23.68803559,-0.16037607,0.27777585,-0.11491878
72.15000000,3,body4,-1.13464588,-1.47960692,-22.10520443,-0.06241211,-0.21676455,-0.42882101
72.20000000,0,body1,-0.15838635,0.27432591,-22.94593734,0.00889533,-0.01541605,-0.25507216
72.20000000,1,body2,1.85961230,0.24009551,-22.12663075,0.21818879,-0.05400381,-0.42979316
72.20000000,2,body3,-0.64267149,1.11315705,-23.69373031,-0.16031067,0.27766267,-0.11287049
72.20000000,3,body4,-1.13776429,-1.49042512,-22.12667027,-0.06232853,-0.21595242,-0.42980027
72.25000000,0,body1,-0.15791184,0.27350360,-22.95869647,0.01008416,-0.01747522,-0.25530138
72.25000000,1,body2,1.87050260,0.23740377,-22.14814435,0.21742394,-0.05367711,-0.43075886
72.25000000,2,body3,-0.65068531,1.12703713,-23.69932267,-0.16023969,0.27753984,-0.11082434
72.25000000,3,body4,-1.14087812,-1.50120237,-22.14818474,-0.06222913,-0.21512674,-0.43076610
72.30000000,0,body1,-0.15737800,0.27257851,-22.97146829,0.01126877,-0.01952704,-0.25557910
72.30000000,1,body2,1.88135417,0.23472820,-22.16970590,0.21663950,-0.05335764,-0.43171100
72.30000000,2,body3,-0.65869545,1.14091082,-23.70481280,-0.16016307,0.27740722,-0.10878108
72.30000000,3,body4,-1.14398658,-1.51193800,-22.16974716,-0.06211368,-0.21428771,-0.43171837
72.35000000,0,body1,-0.15678505,0.27155104,-22.98425518,0.01244840,-0.02157026,-0.25590438
72.35000000,1,body2,1.89216603,0.23206841,-22.19131470,0.21583552,-0.05304572,-0.43264943
72.35000000,2,body3,-0.66670161,1.15477764,-23.71020084,-0.16008072,0.27726469,-0.10674145
72.35000000,3,body4,-1.14708886,-1.52263135,-22.19135687,-0.06198191,-0.21343552,-0.43265693
72.40000000,0,body1,-0.15613325,0.27042164,-22.99705950,0.01362235,-0.02360362,-0.25627625
72.40000000,1,body2,1.90293721,0.22942401,-22.21297008,0.21501202,-0.05274168,-0.43357406
72.40000000,2,body3,-0.67470351,1.16863707,-23.71548701,-0.15999259,0.27711215,-0.10470613
72.40000000,3,body4,-1.15018414,-1.53328176,-22.21301316,-0.06183357,-0.21257038,-0.43358168
72.45000000,0,body1,-0.15542292,0.26919086,-23.00988356,0.01478990,-0.02562591,-0.25669370
72.45000000,1,body2,1.91366672,0.22679462,-22.23467134,0.21416905,-0.05244582,-0.43448479
72.45000000,2,body3,-0.68270086,1.18248863,-23.72067154,-0.15989862,0.27694948,-0.10267582
72.45000000,3,body4,-1.15327159,-1.54388860,-22.23471534,-0.06166841,-0.21169246,-0.43449254
72.50000000,0,body1,-0.15465438,0.26785926,-23.02272961,0.01595038,-0.02763594,-0.25715576
72.50000000,1,body2,1.92435359,0.22417980,-22.25641778,0.21330661,-0.05215847,-0.43538155
72.50000000,2,body3,-0.69069336,1.19633180,-23.72575469,-0.15979874,0.27677660,-0.10065115
72.50000000,3,body4,-1.15635035,-1.55445123,-22.25646272,-0.06148615,-0.21080194,-0.43538942
72.55000000,0,body1,-0.15382801,0.26642749,-23.03559986,0.01710311,-0.02963254,-0.25766139
72.55000000,1,body2,1.93499686,0.22157913,-22.27820871,0.21242472,-0.05187996,-0.43626428
72.55000000,2,body3,-0.69868073,1.21016607,-23.73073676,-0.15969291,0.27659341,-0.09863275
72.55000000,3,body4,-1.15941957,-1.56496901,-22.27825460,-0.06128651,-0.20989900,-0.43627227
72.60000000,0,body1,-0.15294421,0.26489625,-23.04849646,0.01824743,-0.03161458,-0.25820958
72.60000000,1,body2,1.94559555,0.21899216,-22.30004341,0.21152336,-0.05161060,-0.43713294
72.60000000,2,body3,-0.70666265,1.22399091,-23.73561808,-0.15958107,0.27639981,-0.09662123
72.60000000,3,body4,-1.16247836,-1.57544134,-22.30009028,-0.06106921,-0.20898377,-0.43714104
72.65000000,0,body1,-0.15200342,0.26326629,-23.06142151,0.01938271,-0.03358094,-0.25879927
72.65000000,1,body2,1.95614868,0.21641842,-22.32192119,0.21060252,-0.05135073,-0.43798750
72.65000000,2,body3,-0.71463883,1.23780582,-23.74039900,-0.15946318,0.27619573,-0.09461714
72.65000000,3,body4,-1.16552585,-1.58586760,-22.32196905,-0.06083396,-0.20805641,-0.43799572
72.70000000,0,body1,-0.15100610,0.26153843,-23.07437706,0.02050830,-0.03553053,-0.25942943
72.70000000,1,body2,1.96665528,0.21385742,-22.34384135,0.20966215,-0.05110067,-0.43882796
72.70000000,2,body3,-0.72260896,1.25161026,-23.74507992,-0.15933918,0.27598108,-0.09262103
72.70000000,3,body4,-1.16856112,-1.59624720,-22.34389020,-0.06058045,-0.20711705,-0.43883629
72.75000000,0,body1,-0.14995276,0.25971354,-23.08736511,0.02162360,-0.03746228,-0.26009899
72.75000000,1,body2,1.97711438,0.21130867,-22.36580317,0.20870219,-0.05086076,-0.43965433
72.75000000,2,body3,-0.73057274,1.26540369,-23.74966125,-0.15920901,0.27575575,-0.09063341
72.75000000,3,body4,-1.17158326,-1.60657952,-22.36585303,-0.06030837,-0.20616581,-0.43966276
72.80000000,0,body1,-0.14884392,0.25779252,-23.10038760,0.02272800,-0.03937515,-0.26080689
72.80000000,1,body2,1.98752498,0.20877166,-22.38780595,0.20772258,-0.05063131,-0.44046662
72.80000000,2,body3,-0.73852986,1.27918559,-23.75414342,-0.15907264,0.27551966,-0.08865477
72.80000000,3,body4,-1.17459132,-1.61686399,-22.38785683,-0.06001739,-0.20520277,-0.44047516
72.85000000,0,body1,-0.14768015,0.25577635,-23.11344642,0.02382089,-0.04126809,-0.26155205
72.85000000,1,body2,1.99788612,0.20624584,-22.40984900,0.20672322,-0.05041266,-0.44126488
72.85000000,2,body3,-0.74648000,1.29295542,-23.75852688,-0.15892998,0.27527271,-0.08668557
72.85000000,3,body4,-1.17758435,-1.62710001,-22.40990091,-0.05970719,-0.20422803,-0.44127353
72.90000000,0,body1,-0.14646204,0.25366606,-23.12654341,0.02490170,-0.04314009,-0.26233340
72.90000000,1,body2,2.00819678,0.20373068,-22.43193160,0.20570398,-0.05020515,-0.44204916
72.90000000,2,body3,-0.75442285,1.30671262,-23.76281214,-0.15878099,0.27501478,-0.08472622
72.90000000,3,body4,-1.18056139,-1.63728700,-22.43198456,-0.05937741,-0.20324165,-0.44205792
72.95000000,0,body1,-0.14519019,0.25146271,-23.13968035,0.02596985,-0.04499016,-0.26314984
72.95000000,1,body2,2.01845599,0.20122561,-22.45405307,0.20466474,-0.05000910,-0.44281954
72.95000000,2,body3,-0.76235809,1.32045665,-23.76699968,-0.15862560,0.27474576,-0.08277714
72.95000000,3,body4,-1.18352145,-1.64742438,-22.45410708,-0.05902770,-0.20224368,-0.44282840
73.00000000,0,body1,-0.14386527,0.24916743,-23.15285896,0.02702477,-0.04681730,-0.26400028
73.00000000,1,body2,2.02866274,0.19873004,-22.47621271,0.20360532,-0.04982485,-0.44357611
73.00000000,2,body3,-0.77028540,1.33418695,-23.77109003,-0.15846371,0.27446550,-0.08083869
73.00000000,3,body4,-1.18646351,-1.65751157,-22.47626778,-0.05865768,-0.20123413,-0.44358506
73.05000000,0,body1,-0.14248795,0.24678138,-23.16608092,0.02806590,-0.04862055,-0.26488362
73.05000000,1,body2,2.03881600,0.19624338,-22.49840983,0.20252554,-0.04965274,-0.44431896
73.05000000,2,body3,-0.77820446,1.34790295,-23.77508373,-0.15829526,0.27417387,-0.07891122
73.05000000,3,body4,-1.18938657,-1.66754798,-22.49846598,-0.05826698,-0.20021302,-0.44432801
73.10000000,0,body1,-0.14105892,0.24430578,-23.17934785,0.02909267,-0.05039895,-0.26579877
73.10000000,1,body2,2.04891477,0.19376500,-22.52064375,0.20142517,-0.04949310,-0.44504822
73.10000000,2,body3,-0.78611492,1.36160409,-23.77898134,-0.15812014,0.27387070,-0.07699504
73.10000000,3,body4,-1.19228956,-1.67753306,-22.52070098,-0.05785518,-0.19918032,-0.44505735
73.15000000,0,body1,-0.13957893,0.24174191,-23.19266131,0.03010455,-0.05215153,-0.26674460
73.15000000,1,body2,2.05895799,0.19129429,-22.54291380,0.20030397,-0.04934627,-0.44576401
73.15000000,2,body3,-0.79401647,1.37528977,-23.78278343,-0.15793825,0.27355579,-0.07509045
73.15000000,3,body4,-1.19517143,-1.68746620,-22.54297212,-0.05742187,-0.19813599,-0.44577323
73.20000000,0,body1,-0.13804872,0.23909108,-23.20602281,0.03110098,-0.05387735,-0.26772001
73.20000000,1,body2,2.06894463,0.18883059,-22.56521930,0.19916166,-0.04921260,-0.44646649
73.20000000,2,body3,-0.80190874,1.38895940,-23.78649058,-0.15774946,0.27322895,-0.07319772
73.20000000,3,body4,-1.19803110,-1.69734683,-22.56527872,-0.05696662,-0.19707994,-0.44647579
73.25000000,0,body1,-0.13646909,0.23635464,-23.21943379,0.03208142,-0.05557546,-0.26872387
73.25000000,1,body2,2.07887363,0.18637323,-22.58755959,0.19799791,-0.04909242,-0.44715581
73.25000000,2,body3,-0.80979140,1.40261240,-23.79010340,-0.15755365,0.27288994,-0.07131707
73.25000000,3,body4,-1.20086744,-1.70717436,-22.58762012,-0.05648896,-0.19601209,-0.44716519
73.30000000,0,body1,-0.13484086,0.23353401,-23.23289565,0.03304532,-0.05724493,-0.26975505
73.30000000,1,body2,2.08874389,0.18392154,-22.60993402,0.19681238,-0.04898608,-0.44783214
73.30000000,2,body3,-0.81766410,1.41624813,-23.79362249,-0.15735066,0.27253850,-0.06944873
73.30000000,3,body4,-1.20367934,-1.71694820,-22.60999567,-0.05598843,-0.19493229,-0.44784160
73.35000000,0,body1,-0.13316485,0.23063064,-23.24640973,0.03399214,-0.05888479,-0.27081242
73.35000000,1,body2,2.09855432,0.18147480,-22.63234194,0.19560467,-0.04889393,-0.44849569
73.35000000,2,body3,-0.82552646,1.42986597,-23.79704848,-0.15714032,0.27217434,-0.06759289
73.35000000,3,body4,-1.20646563,-1.72666774,-22.63240471,-0.05546453,-0.19384038,-0.44850521
73.40000000,0,body1,-0.13144194,0.22764604,-23.25997731,0.03492132,-0.06049412,-0.27189482
73.40000000,1,body2,2.10830381,0.17903230,-22.65478273,0.19437436,-0.04881632,-0.44914664
73.40000000,2,body3,-0.83337811,1.44346528,-23.80038199,-0.15692246,0.27179714,-0.06574972
73.40000000,3,body4,-1.20922513,-1.73633238,-22.65484662,-0.05491673,-0.19273616,-0.44915623
73.45000000,0,body1,-0.12967302,0.22458175,-23.27359961,0.03583232,-0.06207194,-0.27300111
73.45000000,1,body2,2.11799121,0.17659331,-22.67725575,0.19312096,-0.04875360,-0.44978521
73.45000000,2,body3,-0.84121868,1.45704540,-23.80362367,-0.15669686,0.27140653,-0.06391936
73.45000000,3,body4,-1.21195664,-1.74594149,-22.67732078,-0.05434449,-0.19161940,-0.44979487
73.50000000,0,body1,-0.12785902,0.22143939,-23.28727780,0.03672459,-0.06361730,-0.27413011
73.50000000,1,body2,2.12761535,0.17415707,-22.69976040,0.19184394,-0.04870613,-0.45041164
73.50000000,2,body3,-0.84904778,1.47060564,-23.80677415,-0.15646328,0.27100213,-0.06210194
73.50000000,3,body4,-1.21465891,-1.75549444,-22.69982656,-0.05374724,-0.19048982,-0.45042136
73.55000000,0,body1,-0.12600088,0.21822058,-23.30101298,0.03759755,-0.06512922,-0.27528064
73.55000000,1,body2,2.13717504,0.17172282,-22.72229606,0.19054274,-0.04867427,-0.45102617
73.55000000,2,body3,-0.85686499,1.48414531,-23.80983408,-0.15622148,0.27058347,-0.06029757
73.55000000,3,body4,-1.21733069,-1.76499058,-22.72236337,-0.05312438,-0.18934709,-0.45103594
73.60000000,0,body1,-0.12409959,0.21492704,-23.31480620,0.03845063,-0.06660671,-0.27645149
73.60000000,1,body2,2.14666905,0.16928975,-22.74486216,0.18921673,-0.04865839,-0.45162905
73.60000000,2,body3,-0.86466989,1.49766368,-23.81280412,-0.15597117,0.27015008,-0.05850633
73.60000000,3,body4,-1.21997067,-1.77442925,-22.74493061,-0.05247527,-0.18819087,-0.45163887
73.65000000,0,body1,-0.12215616,0.21156050,-23.32865845,0.03928326,-0.06804875,-0.27764146
73.65000000,1,body2,2.15609613,0.16685706,-22.76745812,0.18786521,-0.04865886,-0.45222055
73.65000000,2,body3,-0.87246207,1.51116000,-23.81568493,-0.15571204,0.26970140,-0.05672830
73.65000000,3,body4,-1.22257753,-1.78380975,-22.76752772,-0.05179926,-0.18702073,-0.45223042
73.70000000,0,body1,-0.12017162,0.20812277,-23.34257064,0.04009483,-0.06945432,-0.27884929
73.70000000,1,body2,2.16545498,0.16442393,-22.79008338,0.18648744,-0.04867605,-0.45280095
73.70000000,2,body3,-0.88024106,1.52463349,-23.81847717,-0.15544373,0.26923683,-0.05496353
73.70000000,3,body4,-1.22514991,-1.79313139,-22.79015413,-0.05109564,-0.18583623,-0.45281087
73.75000000,0,body1,-0.11814704,0.20461569,-23.35654365,0.04088472,-0.07082233,-0.28007373
73.75000000,1,body2,2.17474427,0.16198952,-22.81273739,0.18508261,-0.04871035,-0.45337056
73.75000000,2,body3,-0.88800640,1.53808334,-23.82118151,-0.15516587,0.26875572,-0.05321207
73.75000000,3,body4,-1.22768640,-1.80239343,-22.81280928,-0.05036368,-0.18463684,-0.45338051
73.80000000,0,body1,-0.11608352,0.20104118,-23.37057827,0.04165232,-0.07215172,-0.28131347
73.80000000,1,body2,2.18396262,0.15955294,-22.83541961,0.18364984,-0.04876214,-0.45392967
73.80000000,2,body3,-0.89575759,1.55150870,-23.82379860,-0.15487803,0.26825732,-0.05147394
73.80000000,3,body4,-1.23018558,-1.81159511,-22.83549265,-0.04960260,-0.18342200,-0.45393966
73.85000000,0,body1,-0.11398219,0.19740119,-23.38467523,0.04239696,-0.07344133,-0.28256719
73.85000000,1,body2,2.19310863,0.15711333,-22.85812953,0.18218817,-0.04883181,-0.45447861
73.85000000,2,body3,-0.90349414,1.56490870,-23.82632912,-0.15457974,0.26774084,-0.04974916
73.85000000,3,body4,-1.23264595,-1.82073565,-22.85820373,-0.04881158,-0.18219107,-0.45448863
73.90000000,0,body1,-0.11184422,0.19369773,-23.39883520,0.04311797,-0.07469001,-0.28383352
73.90000000,1,body2,2.20218080,0.15466978,-22.88086666,0.18069655,-0.04891976,-0.45501772
73.90000000,2,body3,-0.91121550,1.57828241,-23.82877374,-0.15427051,0.26720538,-0.04803775
73.90000000,3,body4,-1.23506602,-1.82981422,-22.88094200,-0.04798976,-0.18094335,-0.45502777
73.95000000,0,body1,-0.10967080,0.18993289,-23.41305877,0.04381464,-0.07589653,-0.28511105
73.95000000,1,body2,2.21117762,0.15222136,-22.90363050,0.17917388,-0.04902639,-0.45554735
73.95000000,2,body3,-0.91892111,1.59162884,-23.83113312,-0.15394975,0.26664998,-0.04633970
73.95000000,3,body4,-1.23744420,-1.83882997,-22.90370699,-0.04713624,-0.17967808,-0.45555742
74.00000000,0,body1,-0.10746317,0.18610880,-23.42734647,0.04448626,-0.07705964,-0.28639832
74.00000000,1,body2,2.22009751,0.14976712,-22.92642059,0.17761893,-0.04915212,-0.45606787
74.00000000,2,body3,-0.92661039,1.60494699,-23.83340793,-0.15361687,0.26607356,-0.04465502
74.00000000,3,body4,-1.23977890,-1.84778200,-22.92649824,-0.04625003,-0.17839441,-0.45607795
74.05000000,0,body1,-0.10522260,0.18222767,-23.44169874,0.04513204,-0.07817800,-0.28769381
74.05000000,1,body2,2.22893882,0.14730612,-22.94923650,0.17603040,-0.04929737,-0.45657965
74.05000000,2,body3,-0.93428270,1.61823576,-23.83559885,-0.15327117,0.26547496,-0.04298371
74.05000000,3,body4,-1.24206845,-1.85666935,-22.94931529,-0.04533014,-0.17709141,-0.45658974
74.10000000,0,body1,-0.10295041,0.17829177,-23.45611596,0.04575120,-0.07925022,-0.28899593
74.10000000,1,body2,2.23769984,0.14483734,-22.97207778,0.17440686,-0.04946255,-0.45708309
74.10000000,2,body3,-0.94193740,1.63149402,-23.83770653,-0.15291193,0.26485288,-0.04132576
74.10000000,3,body4,-1.24431115,-1.86549106,-22.97215771,-0.04437547,-0.17576806,-0.45709319
74.15000000,0,body1,-0.10064794,0.17430344,-23.47059842,0.04634288,-0.08027485,-0.29030304
74.15000000,1,body2,2.24637877,0.14235980,-22.99494404,0.17274680,-0.04964810,-0.45757860
74.15000000,2,body3,-0.94957377,1.64472057,-23.83973164,-0.15253831,0.26420591,-0.03968118
74.15000000,3,body4,-1.24650522,-1.87424606,-22.99502511,-0.04338491,-0.17442326,-0.45758870
74.20000000,0,body1,-0.09831659,0.17026510,-23.48514632,0.04690620,-0.08125035,-0.29161340
74.20000000,1,body2,2.25497376,0.13987246,-23.01783488,0.17104855,-0.04985445,-0.45806661
74.20000000,2,body3,-0.95719109,1.65791411,-23.84167487,-0.15214944,0.26353251,-0.03804997
74.20000000,3,body4,-1.24864884,-1.88293325,-23.01791709,-0.04235724,-0.17305579,-0.45807671
74.25000000,0,body1,-0.09595781,0.16617925,-23.49975978,0.04744022,-0.08217509,-0.29292518
74.25000000,1,body2,2.26348284,0.13737427,-23.04074995,0.16931033,-0.05008203,-0.45854757
74.25000000,2,body3,-0.96478857,1.67107328,-23.84353687,-0.15174432,0.26283097,-0.03643217
74.25000000,3,body4,-1.25074013,-1.89155147,-23.04083329,-0.04129121,-0.17166433,-0.45855767
74.30000000,0,body1,-0.09357308,0.16204847,-23.51443883,0.04794395,-0.08304735,-0.29423644
74.30000000,1,body2,2.27190397,0.13486416,-23.06368890,0.16753024,-0.05033128,-0.45902195
74.30000000,2,body3,-0.97236536,1.68419663,-23.84531831,-0.15132188,0.26209943,-0.03482781
74.30000000,3,body4,-1.25277714,-1.90009949,-23.06377337,-0.04018547,-0.17024744,-0.45903203
74.35000000,0,body1,-0.09116394,0.15787542,-23.52918338,0.04841633,-0.08386531,-0.29554514
74.35000000,1,body2,2.28023502,0.13234103,-23.08665142,0.16570619,-0.05060264,-0.45949022
74.35000000,2,body3,-0.97992057,1.69728262,-23.84701987,-0.15088094,0.26133584,-0.03323693
74.35000000,3,body4,-1.25475783,-1.90857600,-23.08673702,-0.03903860,-0.16880354,-0.45950028
74.40000000,0,body1,-0.08873198,0.15366287,-23.54399326,0.04885625,-0.08462703,-0.29684909
74.40000000,1,body2,2.28847371,0.12980377,-23.10963722,0.16383596,-0.05089655,-0.45995289
74.40000000,2,body3,-0.98745325,1.71032957,-23.84864223,-0.15042020,0.26053795,-0.03165962
74.40000000,3,body4,-1.25668012,-1.91697959,-23.10972393,-0.03784912,-0.16733091,-0.45996294
74.45000000,0,body1,-0.08627887,0.14941369,-23.55886817,0.04926251,-0.08533044,-0.29814597
74.45000000,1,body2,2.29661769,0.12725124,-23.13264602,0.16191715,-0.05121343,-0.46041050
74.45000000,2,body3,-0.99496236,1.72333573,-23.85018606,-0.14993824,0.25970331,-0.03009599
74.45000000,3,body4,-1.25854185,-1.92530880,-23.13273384,-0.03661544,-0.16582770,-0.46042052
74.50000000,0,body1,-0.08380631,0.14513084,-23.57380770,0.04963385,-0.08597335,-0.29943328
74.50000000,1,body2,2.30466447,0.12468228,-23.15567758,0.15994716,-0.05155371,-0.46086360
74.50000000,2,body3,-1.00244682,1.73629917,-23.85165206,-0.14943349,0.25882918,-0.02854618
74.50000000,3,body4,-1.26034075,-1.93356203,-23.15576651,-0.03533592,-0.16429187,-0.46087358
74.55000000,0,body1,-0.08131609,0.14081740,-23.58881130,0.04996890,-0.08655339,-0.30070834
74.55000000,1,body2,2.31261141,0.12209571,-23.17873171,0.15792321,-0.05191780,-0.46131276
74.55000000,2,body3,-1.00990543,1.74921786,-23.85304091,-0.14890423,0.25791260,-0.02701037
74.55000000,3,body4,-1.26207449,-1.94173761,-23.17882173,-0.03400880,-0.16272120,-0.46132270
74.60000000,0,body1,-0.07881005,0.13647659,-23.60387828,0.05026621,-0.08706806,-0.30196827
74.60000000,1,body2,2.32045574,0.11949033,-23.20180821,0.15584229,-0.05230608,-0.46175859
74.60000000,2,body3,-1.01733693,1.76208960,-23.85435333,-0.14834856,0.25695027,-0.02548879
74.60000000,3,body4,-1.26374065,-1.94983373,-23.20189932,-0.03263225,-0.16111329,-0.46176849
74.65000000,0,body1,-0.07629013,0.13211173,-23.61900782,0.05052423,-0.08751465,-0.30320995
74.65000000,1,body2,2.32819453,0.11686492,-23.22490693,0.15370116,-0.05271890,-0.46220172
74.65000000,2,body3,-1.02473994,1.77491199,-23.85559003,-0.14776440,0.25593859,-0.02398174
74.65000000,3,body4,-1.26533671,-1.95784847,-23.22499913,-0.03120433,-0.15946552,-0.46221157
74.70000000,0,body1,-0.07375831,0.12772631,-23.63419892,0.05074128,-0.08789027,-0.30443000
74.70000000,1,body2,2.33582470,0.11421825,-23.24802776,0.15149635,-0.05315659,-0.46264281
74.70000000,2,body3,-1.03211299,1.78768249,-23.85675175,-0.14714944,0.25487356,-0.02248957
74.70000000,3,body4,-1.26686005,-1.96577977,-23.24812103,-0.02972304,-0.15777502,-0.46265262
74.75000000,0,body1,-0.07121671,0.12332394,-23.64945040,0.05091556,-0.08819181,-0.30562477
74.75000000,1,body2,2.34334295,0.11154907,-23.27117061,0.14922409,-0.05361941,-0.46308258
74.75000000,2,body3,-1.03945447,1.80039831,-23.85783925,-0.14650115,0.25375079,-0.02101271
74.75000000,3,body4,-1.26830794,-1.97362540,-23.27126495,-0.02818626,-0.15603868,-0.46309232
74.80000000,0,body1,-0.06866750,0.11890842,-23.66476091,0.05104516,-0.08841593,-0.30679027
74.80000000,1,body2,2.35074583,0.10885611,-23.29433543,0.14688035,-0.05410758,-0.46352174
74.80000000,2,body3,-1.04676264,1.81305644,-23.85885329,-0.14581673,0.25256543,-0.01955170
74.80000000,3,body4,-1.26967756,-1.98138300,-23.29443083,-0.02659179,-0.15425310,-0.46353142
74.85000000,0,body1,-0.06611297,0.11448370,-23.68012887,0.05112799,-0.08855903,-0.30792218
74.85000000,1,body2,2.35802964,0.10613811,-23.31752222,0.14446079,-0.05462123,-0.46396107
74.85000000,2,body3,-1.05403563,1.82565363,-23.85979469,-0.14509306,0.25131210,-0.01810715
74.85000000,3,body4,-1.27096597,-1.98905002,-23.31761866,-0.02493735,-0.15241460,-0.46397068
74.90000000,0,body1,-0.06355552,0.11005393,-23.69555249,0.05116182,-0.08861725,-0.30901575
74.90000000,1,body2,2.36519048,0.10339378,-23.34073099,0.14196073,-0.05516038,-0.46440139
74.90000000,2,body3,-1.06127139,1.83818634,-23.86066429,-0.14432674,0.24998487,-0.01667982
74.90000000,3,body4,-1.27217011,-1.99662370,-23.34082847,-0.02322056,-0.15051913,-0.46441092
74.95000000,0,body1,-0.06099765,0.10562346,-23.71102972,0.05114424,-0.08858640,-0.31006583
74.95000000,1,body2,2.37222421,0.10062186,-23.36396183,0.13937514,-0.05572495,-0.46484353
74.95000000,2,body3,-1.06846768,1.85065069,-23.86146297,-0.14351396,0.24857716,-0.01527058
74.95000000,3,body4,-1.27328680,-2.00410109,-23.36406034,-0.02143901,-0.14856230,-0.46485298
75.00000000,0,body1,-0.05844200,0.10119685,-23.72655825,0.05107265,-0.08846200,-0.31106678
75.00000000,1,body2,2.37912640,0.09782108,-23.38721484,0.13669861,-0.05631469,-0.46528839
75.00000000,2,body3,-1.07562209,1.86304250,-23.86219167,-0.14265050,0.24708167,-0.01388046
75.00000000,3,body4,-1.27431274,-2.01147900,-23.38731437,-0.01959019,-0.14653930,-0.46529776
